{
  "index-version" : 2,
  "files" : [
    {
      "filename" : "nl-core-AbilityToDressOneself-01.json",
      "resourceType" : "Observation",
      "id" : "nl-core-AbilityToDressOneself-01"
    },
    {
      "filename" : "nl-core-AbilityToDrink-01.json",
      "resourceType" : "Observation",
      "id" : "nl-core-AbilityToDrink-01"
    },
    {
      "filename" : "nl-core-AbilityToDrink.DrinkingLimitations-01.json",
      "resourceType" : "Observation",
      "id" : "nl-core-AbilityToDrink.DrinkingLimitations-01"
    },
    {
      "filename" : "nl-core-AbilityToDrink.DrinkingLimitations-02.json",
      "resourceType" : "Observation",
      "id" : "nl-core-AbilityToDrink.DrinkingLimitations-02"
    },
    {
      "filename" : "nl-core-AbilityToEat-01.json",
      "resourceType" : "Observation",
      "id" : "nl-core-AbilityToEat-01"
    },
    {
      "filename" : "nl-core-AbilityToEat.EatingLimitations-01.json",
      "resourceType" : "Observation",
      "id" : "nl-core-AbilityToEat.EatingLimitations-01"
    },
    {
      "filename" : "nl-core-AbilityToEat.EatingLimitations-02.json",
      "resourceType" : "Observation",
      "id" : "nl-core-AbilityToEat.EatingLimitations-02"
    },
    {
      "filename" : "nl-core-AbilityToGroom-01.json",
      "resourceType" : "Observation",
      "id" : "nl-core-AbilityToGroom-01"
    },
    {
      "filename" : "nl-core-AbilityToUseToilet-01.json",
      "resourceType" : "Observation",
      "id" : "nl-core-AbilityToUseToilet-01"
    },
    {
      "filename" : "nl-core-AbilityToWashOneself-01.json",
      "resourceType" : "Observation",
      "id" : "nl-core-AbilityToWashOneself-01"
    },
    {
      "filename" : "nl-core-AdvanceDirective-01-Condition-01.json",
      "resourceType" : "Condition",
      "id" : "nl-core-AdvanceDirective-01-Condition-01"
    },
    {
      "filename" : "nl-core-AdvanceDirective-01-RelatedPerson-01.json",
      "resourceType" : "RelatedPerson",
      "id" : "nl-core-AdvanceDirective-01-RelatedPerson-01"
    },
    {
      "filename" : "nl-core-AdvanceDirective-01.json",
      "resourceType" : "Consent",
      "id" : "nl-core-AdvanceDirective-01"
    },
    {
      "filename" : "nl-core-AlcoholUse-01.json",
      "resourceType" : "Observation",
      "id" : "nl-core-AlcoholUse-01"
    },
    {
      "filename" : "nl-core-AlcoholUse-02.json",
      "resourceType" : "Observation",
      "id" : "nl-core-AlcoholUse-02"
    },
    {
      "filename" : "nl-core-Alert-01-Condition-01.json",
      "resourceType" : "Condition",
      "id" : "nl-core-Alert-01-Condition-01"
    },
    {
      "filename" : "nl-core-Alert-01.json",
      "resourceType" : "Flag",
      "id" : "nl-core-Alert-01"
    },
    {
      "filename" : "nl-core-Alert-02.json",
      "resourceType" : "Flag",
      "id" : "nl-core-Alert-02"
    },
    {
      "filename" : "nl-core-AllergyIntolerance-01.json",
      "resourceType" : "AllergyIntolerance",
      "id" : "nl-core-AllergyIntolerance-01"
    },
    {
      "filename" : "nl-core-AllergyIntolerance-02.json",
      "resourceType" : "AllergyIntolerance",
      "id" : "nl-core-AllergyIntolerance-02"
    },
    {
      "filename" : "nl-core-ApgarScore-10Minute-01.json",
      "resourceType" : "Observation",
      "id" : "nl-core-ApgarScore-10Minute-01"
    },
    {
      "filename" : "nl-core-ApgarScore-1Minute-01.json",
      "resourceType" : "Observation",
      "id" : "nl-core-ApgarScore-1Minute-01"
    },
    {
      "filename" : "nl-core-ApgarScore-5Minute-01.json",
      "resourceType" : "Observation",
      "id" : "nl-core-ApgarScore-5Minute-01"
    },
    {
      "filename" : "nl-core-BarthelADLIndex-01.json",
      "resourceType" : "Observation",
      "id" : "nl-core-BarthelADLIndex-01"
    },
    {
      "filename" : "nl-core-BloodPressure-01.json",
      "resourceType" : "Observation",
      "id" : "nl-core-BloodPressure-01"
    },
    {
      "filename" : "nl-core-BodyHeight-01.json",
      "resourceType" : "Observation",
      "id" : "nl-core-BodyHeight-01"
    },
    {
      "filename" : "nl-core-BodyTemperature-01.json",
      "resourceType" : "Observation",
      "id" : "nl-core-BodyTemperature-01"
    },
    {
      "filename" : "nl-core-BodyWeight-01.json",
      "resourceType" : "Observation",
      "id" : "nl-core-BodyWeight-01"
    },
    {
      "filename" : "nl-core-BowelFunction-01-Condition-01.json",
      "resourceType" : "Condition",
      "id" : "nl-core-BowelFunction-01-Condition-01"
    },
    {
      "filename" : "nl-core-BowelFunction-01.json",
      "resourceType" : "Observation",
      "id" : "nl-core-BowelFunction-01"
    },
    {
      "filename" : "nl-core-BowelFunction-02-Device-01.json",
      "resourceType" : "Device",
      "id" : "nl-core-BowelFunction-02-Device-01"
    },
    {
      "filename" : "nl-core-BowelFunction-02-DeviceUseStatement-01.json",
      "resourceType" : "DeviceUseStatement",
      "id" : "nl-core-BowelFunction-02-DeviceUseStatement-01"
    },
    {
      "filename" : "nl-core-BowelFunction-02.json",
      "resourceType" : "Observation",
      "id" : "nl-core-BowelFunction-02"
    },
    {
      "filename" : "nl-core-BowelFunction.DefecationColor-01.json",
      "resourceType" : "Observation",
      "id" : "nl-core-BowelFunction.DefecationColor-01"
    },
    {
      "filename" : "nl-core-BowelFunction.DefecationColor-02.json",
      "resourceType" : "Observation",
      "id" : "nl-core-BowelFunction.DefecationColor-02"
    },
    {
      "filename" : "nl-core-BowelFunction.DefecationConsistency-01.json",
      "resourceType" : "Observation",
      "id" : "nl-core-BowelFunction.DefecationConsistency-01"
    },
    {
      "filename" : "nl-core-BowelFunction.DefecationConsistency-02.json",
      "resourceType" : "Observation",
      "id" : "nl-core-BowelFunction.DefecationConsistency-02"
    },
    {
      "filename" : "nl-core-BowelFunction.FecalContinence-01.json",
      "resourceType" : "Observation",
      "id" : "nl-core-BowelFunction.FecalContinence-01"
    },
    {
      "filename" : "nl-core-BowelFunction.Frequency-01.json",
      "resourceType" : "Observation",
      "id" : "nl-core-BowelFunction.Frequency-01"
    },
    {
      "filename" : "nl-core-BowelFunction.Frequency-02.json",
      "resourceType" : "Observation",
      "id" : "nl-core-BowelFunction.Frequency-02"
    },
    {
      "filename" : "nl-core-Burnwound-01-WoundCharacteristics-01.json",
      "resourceType" : "Observation",
      "id" : "nl-core-Burnwound-01-WoundCharacteristics-01"
    },
    {
      "filename" : "nl-core-Burnwound-01.json",
      "resourceType" : "Condition",
      "id" : "nl-core-Burnwound-01"
    },
    {
      "filename" : "nl-core-Burnwound.Extent-01.json",
      "resourceType" : "Observation",
      "id" : "nl-core-Burnwound.Extent-01"
    },
    {
      "filename" : "nl-core-CareTeam-01-Condition-01.json",
      "resourceType" : "Condition",
      "id" : "nl-core-CareTeam-01-Condition-01"
    },
    {
      "filename" : "nl-core-CareTeam-01-Condition-02.json",
      "resourceType" : "Condition",
      "id" : "nl-core-CareTeam-01-Condition-02"
    },
    {
      "filename" : "nl-core-CareTeam-01-Condition-03.json",
      "resourceType" : "Condition",
      "id" : "nl-core-CareTeam-01-Condition-03"
    },
    {
      "filename" : "nl-core-CareTeam-01-Patient-01.json",
      "resourceType" : "Patient",
      "id" : "nl-core-CareTeam-01-Patient-01"
    },
    {
      "filename" : "nl-core-CareTeam-01-Practitioner-01.json",
      "resourceType" : "Practitioner",
      "id" : "nl-core-CareTeam-01-Practitioner-01"
    },
    {
      "filename" : "nl-core-CareTeam-01-Practitioner-02.json",
      "resourceType" : "Practitioner",
      "id" : "nl-core-CareTeam-01-Practitioner-02"
    },
    {
      "filename" : "nl-core-CareTeam-01-Practitioner-03.json",
      "resourceType" : "Practitioner",
      "id" : "nl-core-CareTeam-01-Practitioner-03"
    },
    {
      "filename" : "nl-core-CareTeam-01-Practitioner-04.json",
      "resourceType" : "Practitioner",
      "id" : "nl-core-CareTeam-01-Practitioner-04"
    },
    {
      "filename" : "nl-core-CareTeam-01-Practitioner-05.json",
      "resourceType" : "Practitioner",
      "id" : "nl-core-CareTeam-01-Practitioner-05"
    },
    {
      "filename" : "nl-core-CareTeam-01-Practitioner-06.json",
      "resourceType" : "Practitioner",
      "id" : "nl-core-CareTeam-01-Practitioner-06"
    },
    {
      "filename" : "nl-core-CareTeam-01-PractitionerRole-01.json",
      "resourceType" : "PractitionerRole",
      "id" : "nl-core-CareTeam-01-PractitionerRole-01"
    },
    {
      "filename" : "nl-core-CareTeam-01-PractitionerRole-02.json",
      "resourceType" : "PractitionerRole",
      "id" : "nl-core-CareTeam-01-PractitionerRole-02"
    },
    {
      "filename" : "nl-core-CareTeam-01-PractitionerRole-03.json",
      "resourceType" : "PractitionerRole",
      "id" : "nl-core-CareTeam-01-PractitionerRole-03"
    },
    {
      "filename" : "nl-core-CareTeam-01-PractitionerRole-04.json",
      "resourceType" : "PractitionerRole",
      "id" : "nl-core-CareTeam-01-PractitionerRole-04"
    },
    {
      "filename" : "nl-core-CareTeam-01-PractitionerRole-05.json",
      "resourceType" : "PractitionerRole",
      "id" : "nl-core-CareTeam-01-PractitionerRole-05"
    },
    {
      "filename" : "nl-core-CareTeam-01-PractitionerRole-06.json",
      "resourceType" : "PractitionerRole",
      "id" : "nl-core-CareTeam-01-PractitionerRole-06"
    },
    {
      "filename" : "nl-core-CareTeam-01-RelatedPerson-01.json",
      "resourceType" : "RelatedPerson",
      "id" : "nl-core-CareTeam-01-RelatedPerson-01"
    },
    {
      "filename" : "nl-core-CareTeam-01.json",
      "resourceType" : "CareTeam",
      "id" : "nl-core-CareTeam-01"
    },
    {
      "filename" : "nl-core-ChecklistPainBehavior-01.json",
      "resourceType" : "Observation",
      "id" : "nl-core-ChecklistPainBehavior-01"
    },
    {
      "filename" : "nl-core-ComfortScale-01.json",
      "resourceType" : "Observation",
      "id" : "nl-core-ComfortScale-01"
    },
    {
      "filename" : "nl-core-ComfortScale-02.json",
      "resourceType" : "Observation",
      "id" : "nl-core-ComfortScale-02"
    },
    {
      "filename" : "nl-core-ContactPerson-01.json",
      "resourceType" : "RelatedPerson",
      "id" : "nl-core-ContactPerson-01"
    },
    {
      "filename" : "nl-core-DOSScore-01.json",
      "resourceType" : "Observation",
      "id" : "nl-core-DOSScore-01"
    },
    {
      "filename" : "nl-core-DevelopmentChild-01.json",
      "resourceType" : "Observation",
      "id" : "nl-core-DevelopmentChild-01"
    },
    {
      "filename" : "nl-core-DevelopmentChild.AgeFirstMenstruation-01.json",
      "resourceType" : "Observation",
      "id" : "nl-core-DevelopmentChild.AgeFirstMenstruation-01"
    },
    {
      "filename" : "nl-core-DevelopmentChild.DevelopmentCognition-01.json",
      "resourceType" : "Observation",
      "id" : "nl-core-DevelopmentChild.DevelopmentCognition-01"
    },
    {
      "filename" : "nl-core-DevelopmentChild.DevelopmentLinguistics-01.json",
      "resourceType" : "Observation",
      "id" : "nl-core-DevelopmentChild.DevelopmentLinguistics-01"
    },
    {
      "filename" : "nl-core-DevelopmentChild.DevelopmentLocomotion-01.json",
      "resourceType" : "Observation",
      "id" : "nl-core-DevelopmentChild.DevelopmentLocomotion-01"
    },
    {
      "filename" : "nl-core-DevelopmentChild.DevelopmentSocial-01.json",
      "resourceType" : "Observation",
      "id" : "nl-core-DevelopmentChild.DevelopmentSocial-01"
    },
    {
      "filename" : "nl-core-DevelopmentChild.ToiletTrainednessFeces-01.json",
      "resourceType" : "Observation",
      "id" : "nl-core-DevelopmentChild.ToiletTrainednessFeces-01"
    },
    {
      "filename" : "nl-core-DevelopmentChild.ToiletTrainednessUrine-01.json",
      "resourceType" : "Observation",
      "id" : "nl-core-DevelopmentChild.ToiletTrainednessUrine-01"
    },
    {
      "filename" : "nl-core-DrugUse-01.json",
      "resourceType" : "Observation",
      "id" : "nl-core-DrugUse-01"
    },
    {
      "filename" : "nl-core-DrugUse-02.json",
      "resourceType" : "Observation",
      "id" : "nl-core-DrugUse-02"
    },
    {
      "filename" : "nl-core-Education-01.json",
      "resourceType" : "Observation",
      "id" : "nl-core-Education-01"
    },
    {
      "filename" : "nl-core-Encounter-01-Location-01.json",
      "resourceType" : "Location",
      "id" : "nl-core-Encounter-01-Location-01"
    },
    {
      "filename" : "nl-core-Encounter-01-Organization-01.json",
      "resourceType" : "Organization",
      "id" : "nl-core-Encounter-01-Organization-01"
    },
    {
      "filename" : "nl-core-Encounter-01-Practitioner-01.json",
      "resourceType" : "Practitioner",
      "id" : "nl-core-Encounter-01-Practitioner-01"
    },
    {
      "filename" : "nl-core-Encounter-01-PractitionerRole-01.json",
      "resourceType" : "PractitionerRole",
      "id" : "nl-core-Encounter-01-PractitionerRole-01"
    },
    {
      "filename" : "nl-core-Encounter-01.json",
      "resourceType" : "Encounter",
      "id" : "nl-core-Encounter-01"
    },
    {
      "filename" : "nl-core-EpisodeOfCare-01-Condition-01.json",
      "resourceType" : "Condition",
      "id" : "nl-core-EpisodeOfCare-01-Condition-01"
    },
    {
      "filename" : "nl-core-EpisodeOfCare-01.json",
      "resourceType" : "EpisodeOfCare",
      "id" : "nl-core-EpisodeOfCare-01"
    },
    {
      "filename" : "nl-core-EpisodeOfCare-02-Condition-01.json",
      "resourceType" : "Condition",
      "id" : "nl-core-EpisodeOfCare-02-Condition-01"
    },
    {
      "filename" : "nl-core-EpisodeOfCare-02.json",
      "resourceType" : "EpisodeOfCare",
      "id" : "nl-core-EpisodeOfCare-02"
    },
    {
      "filename" : "nl-core-EpisodeOfCare-03.json",
      "resourceType" : "EpisodeOfCare",
      "id" : "nl-core-EpisodeOfCare-03"
    },
    {
      "filename" : "nl-core-EpisodeOfCare-04.json",
      "resourceType" : "EpisodeOfCare",
      "id" : "nl-core-EpisodeOfCare-04"
    },
    {
      "filename" : "nl-core-FLACCpainScale-01.json",
      "resourceType" : "Observation",
      "id" : "nl-core-FLACCpainScale-01"
    },
    {
      "filename" : "nl-core-FeedingPatternInfant-01-NutritionOrder-01.json",
      "resourceType" : "NutritionOrder",
      "id" : "nl-core-FeedingPatternInfant-01-NutritionOrder-01"
    },
    {
      "filename" : "nl-core-FeedingPatternInfant-01.json",
      "resourceType" : "Observation",
      "id" : "nl-core-FeedingPatternInfant-01"
    },
    {
      "filename" : "nl-core-FluidBalance-01.json",
      "resourceType" : "Observation",
      "id" : "nl-core-FluidBalance-01"
    },
    {
      "filename" : "nl-core-FluidBalance.FluidTotalIn-01.json",
      "resourceType" : "Observation",
      "id" : "nl-core-FluidBalance.FluidTotalIn-01"
    },
    {
      "filename" : "nl-core-FluidBalance.FluidTotalOut-01.json",
      "resourceType" : "Observation",
      "id" : "nl-core-FluidBalance.FluidTotalOut-01"
    },
    {
      "filename" : "nl-core-FreedomRestrictingIntervention-01-Condition-01.json",
      "resourceType" : "Condition",
      "id" : "nl-core-FreedomRestrictingIntervention-01-Condition-01"
    },
    {
      "filename" : "nl-core-FreedomRestrictingIntervention-01.json",
      "resourceType" : "Procedure",
      "id" : "nl-core-FreedomRestrictingIntervention-01"
    },
    {
      "filename" : "nl-core-FunctionalOrMentalStatus-01-Device-01.json",
      "resourceType" : "Device",
      "id" : "nl-core-FunctionalOrMentalStatus-01-Device-01"
    },
    {
      "filename" : "nl-core-FunctionalOrMentalStatus-01-DeviceUseStatement-01.json",
      "resourceType" : "DeviceUseStatement",
      "id" : "nl-core-FunctionalOrMentalStatus-01-DeviceUseStatement-01"
    },
    {
      "filename" : "nl-core-FunctionalOrMentalStatus-01.json",
      "resourceType" : "Observation",
      "id" : "nl-core-FunctionalOrMentalStatus-01"
    },
    {
      "filename" : "nl-core-GlasgowComaScale-01.json",
      "resourceType" : "Observation",
      "id" : "nl-core-GlasgowComaScale-01"
    },
    {
      "filename" : "nl-core-HeadCircumference-01.json",
      "resourceType" : "Observation",
      "id" : "nl-core-HeadCircumference-01"
    },
    {
      "filename" : "nl-core-HealthProfessional-Practitioner-01.json",
      "resourceType" : "Practitioner",
      "id" : "nl-core-HealthProfessional-Practitioner-01"
    },
    {
      "filename" : "nl-core-HealthProfessional-PractitionerRole-01.json",
      "resourceType" : "PractitionerRole",
      "id" : "nl-core-HealthProfessional-PractitionerRole-01"
    },
    {
      "filename" : "nl-core-HealthcareProvider-01.json",
      "resourceType" : "Location",
      "id" : "nl-core-HealthcareProvider-01"
    },
    {
      "filename" : "nl-core-HealthcareProvider-Organization-01.json",
      "resourceType" : "Organization",
      "id" : "nl-core-HealthcareProvider-Organization-01"
    },
    {
      "filename" : "nl-core-HearingFunction-01.json",
      "resourceType" : "Observation",
      "id" : "nl-core-HearingFunction-01"
    },
    {
      "filename" : "nl-core-HearingFunction.HearingAid-01.json",
      "resourceType" : "DeviceUseStatement",
      "id" : "nl-core-HearingFunction.HearingAid-01"
    },
    {
      "filename" : "nl-core-HearingFunction.HearingAid.Product-01.json",
      "resourceType" : "Device",
      "id" : "nl-core-HearingFunction.HearingAid.Product-01"
    },
    {
      "filename" : "nl-core-HeartRate-01.json",
      "resourceType" : "Observation",
      "id" : "nl-core-HeartRate-01"
    },
    {
      "filename" : "nl-core-HeartRate.HeartbeatRegularity-01.json",
      "resourceType" : "Observation",
      "id" : "nl-core-HeartRate.HeartbeatRegularity-01"
    },
    {
      "filename" : "nl-core-HeartRate.InterpretationHeartRate-01.json",
      "resourceType" : "Observation",
      "id" : "nl-core-HeartRate.InterpretationHeartRate-01"
    },
    {
      "filename" : "nl-core-HelpFromOthers-01-RelatedPerson-01.json",
      "resourceType" : "RelatedPerson",
      "id" : "nl-core-HelpFromOthers-01-RelatedPerson-01"
    },
    {
      "filename" : "nl-core-HelpFromOthers-01.json",
      "resourceType" : "CarePlan",
      "id" : "nl-core-HelpFromOthers-01"
    },
    {
      "filename" : "nl-core-HelpFromOthers-02-Location-01.json",
      "resourceType" : "Location",
      "id" : "nl-core-HelpFromOthers-02-Location-01"
    },
    {
      "filename" : "nl-core-HelpFromOthers-02-Organization-01.json",
      "resourceType" : "Organization",
      "id" : "nl-core-HelpFromOthers-02-Organization-01"
    },
    {
      "filename" : "nl-core-HelpFromOthers-02.json",
      "resourceType" : "CarePlan",
      "id" : "nl-core-HelpFromOthers-02"
    },
    {
      "filename" : "nl-core-IllnessPerception-01.json",
      "resourceType" : "Observation",
      "id" : "nl-core-IllnessPerception-01"
    },
    {
      "filename" : "nl-core-IllnessPerception.CopingWithIllnessByFamily-01.json",
      "resourceType" : "Observation",
      "id" : "nl-core-IllnessPerception.CopingWithIllnessByFamily-01"
    },
    {
      "filename" : "nl-core-IllnessPerception.CopingWithIllnessByPatient-01.json",
      "resourceType" : "Observation",
      "id" : "nl-core-IllnessPerception.CopingWithIllnessByPatient-01"
    },
    {
      "filename" : "nl-core-IllnessPerception.PatientIllnessInsight-01.json",
      "resourceType" : "Observation",
      "id" : "nl-core-IllnessPerception.PatientIllnessInsight-01"
    },
    {
      "filename" : "nl-core-LaboratoryTestResult-01.json",
      "resourceType" : "Observation",
      "id" : "nl-core-LaboratoryTestResult-01"
    },
    {
      "filename" : "nl-core-LaboratoryTestResult-02.json",
      "resourceType" : "Observation",
      "id" : "nl-core-LaboratoryTestResult-02"
    },
    {
      "filename" : "nl-core-LaboratoryTestResult-03.json",
      "resourceType" : "Observation",
      "id" : "nl-core-LaboratoryTestResult-03"
    },
    {
      "filename" : "nl-core-LaboratoryTestResult-04.json",
      "resourceType" : "Observation",
      "id" : "nl-core-LaboratoryTestResult-04"
    },
    {
      "filename" : "nl-core-LaboratoryTestResult-LaboratoryTest-05.json",
      "resourceType" : "Observation",
      "id" : "nl-core-LaboratoryTestResult-LaboratoryTest-05"
    },
    {
      "filename" : "nl-core-LaboratoryTestResult-LaboratoryTest-06.json",
      "resourceType" : "Observation",
      "id" : "nl-core-LaboratoryTestResult-LaboratoryTest-06"
    },
    {
      "filename" : "nl-core-LaboratoryTestResult.Specimen-01.json",
      "resourceType" : "Specimen",
      "id" : "nl-core-LaboratoryTestResult.Specimen-01"
    },
    {
      "filename" : "nl-core-LaboratoryTestResult.Specimen-02.json",
      "resourceType" : "Specimen",
      "id" : "nl-core-LaboratoryTestResult.Specimen-02"
    },
    {
      "filename" : "nl-core-LaboratoryTestResult.Specimen-03.json",
      "resourceType" : "Specimen",
      "id" : "nl-core-LaboratoryTestResult.Specimen-03"
    },
    {
      "filename" : "nl-core-LaboratoryTestResult.Specimen-04.json",
      "resourceType" : "Specimen",
      "id" : "nl-core-LaboratoryTestResult.Specimen-04"
    },
    {
      "filename" : "nl-core-LegalSituation-LegalStatus-01.json",
      "resourceType" : "Condition",
      "id" : "nl-core-LegalSituation-LegalStatus-01"
    },
    {
      "filename" : "nl-core-LegalSituation-Representation-02.json",
      "resourceType" : "Condition",
      "id" : "nl-core-LegalSituation-Representation-02"
    },
    {
      "filename" : "nl-core-LifeStance-01.json",
      "resourceType" : "Observation",
      "id" : "nl-core-LifeStance-01"
    },
    {
      "filename" : "nl-core-LivingSituation-01.json",
      "resourceType" : "Observation",
      "id" : "nl-core-LivingSituation-01"
    },
    {
      "filename" : "nl-core-MUSTScore-01.json",
      "resourceType" : "Observation",
      "id" : "nl-core-MUSTScore-01"
    },
    {
      "filename" : "nl-core-MedicalDevice-01-Condition-01.json",
      "resourceType" : "Condition",
      "id" : "nl-core-MedicalDevice-01-Condition-01"
    },
    {
      "filename" : "nl-core-MedicalDevice-01.json",
      "resourceType" : "DeviceUseStatement",
      "id" : "nl-core-MedicalDevice-01"
    },
    {
      "filename" : "nl-core-MedicalDevice-02-Condition-01.json",
      "resourceType" : "Condition",
      "id" : "nl-core-MedicalDevice-02-Condition-01"
    },
    {
      "filename" : "nl-core-MedicalDevice-02-Location-01.json",
      "resourceType" : "Location",
      "id" : "nl-core-MedicalDevice-02-Location-01"
    },
    {
      "filename" : "nl-core-MedicalDevice-02-Organization-01.json",
      "resourceType" : "Organization",
      "id" : "nl-core-MedicalDevice-02-Organization-01"
    },
    {
      "filename" : "nl-core-MedicalDevice-02.json",
      "resourceType" : "DeviceUseStatement",
      "id" : "nl-core-MedicalDevice-02"
    },
    {
      "filename" : "nl-core-MedicalDevice-03-Condition-01.json",
      "resourceType" : "Condition",
      "id" : "nl-core-MedicalDevice-03-Condition-01"
    },
    {
      "filename" : "nl-core-MedicalDevice-03-Location-01.json",
      "resourceType" : "Location",
      "id" : "nl-core-MedicalDevice-03-Location-01"
    },
    {
      "filename" : "nl-core-MedicalDevice-03-Organization-01.json",
      "resourceType" : "Organization",
      "id" : "nl-core-MedicalDevice-03-Organization-01"
    },
    {
      "filename" : "nl-core-MedicalDevice-03-Practitioner-01.json",
      "resourceType" : "Practitioner",
      "id" : "nl-core-MedicalDevice-03-Practitioner-01"
    },
    {
      "filename" : "nl-core-MedicalDevice-03-PractitionerRole-01.json",
      "resourceType" : "PractitionerRole",
      "id" : "nl-core-MedicalDevice-03-PractitionerRole-01"
    },
    {
      "filename" : "nl-core-MedicalDevice-03.json",
      "resourceType" : "DeviceUseStatement",
      "id" : "nl-core-MedicalDevice-03"
    },
    {
      "filename" : "nl-core-MedicalDevice.Product-01.json",
      "resourceType" : "Device",
      "id" : "nl-core-MedicalDevice.Product-01"
    },
    {
      "filename" : "nl-core-MedicalDevice.Product-02.json",
      "resourceType" : "Device",
      "id" : "nl-core-MedicalDevice.Product-02"
    },
    {
      "filename" : "nl-core-MedicalDevice.Product-03.json",
      "resourceType" : "Device",
      "id" : "nl-core-MedicalDevice.Product-03"
    },
    {
      "filename" : "nl-core-MedicationContraIndication-01-Practitioner-01.json",
      "resourceType" : "Practitioner",
      "id" : "nl-core-MedicationContraIndication-01-Practitioner-01"
    },
    {
      "filename" : "nl-core-MedicationContraIndication-01-PractitionerRole-01.json",
      "resourceType" : "PractitionerRole",
      "id" : "nl-core-MedicationContraIndication-01-PractitionerRole-01"
    },
    {
      "filename" : "nl-core-MedicationContraIndication-01.json",
      "resourceType" : "Flag",
      "id" : "nl-core-MedicationContraIndication-01"
    },
    {
      "filename" : "nl-core-Mobility-01-Device-01.json",
      "resourceType" : "Device",
      "id" : "nl-core-Mobility-01-Device-01"
    },
    {
      "filename" : "nl-core-Mobility-01-DeviceUseStatement-01.json",
      "resourceType" : "DeviceUseStatement",
      "id" : "nl-core-Mobility-01-DeviceUseStatement-01"
    },
    {
      "filename" : "nl-core-Mobility-01.json",
      "resourceType" : "Observation",
      "id" : "nl-core-Mobility-01"
    },
    {
      "filename" : "nl-core-MultidisciplinaryTeamMeeting-01-Procedure-01.json",
      "resourceType" : "Procedure",
      "id" : "nl-core-MultidisciplinaryTeamMeeting-01-Procedure-01"
    },
    {
      "filename" : "nl-core-NameInformation-complete.json",
      "resourceType" : "Patient",
      "id" : "nl-core-NameInformation-complete"
    },
    {
      "filename" : "nl-core-NameInformation-firstNames.json",
      "resourceType" : "Patient",
      "id" : "nl-core-NameInformation-firstNames"
    },
    {
      "filename" : "nl-core-NameInformation-firstNamesAndInitials.json",
      "resourceType" : "Patient",
      "id" : "nl-core-NameInformation-firstNamesAndInitials"
    },
    {
      "filename" : "nl-core-NameInformation-firstNamesAndInitialsSeparate.json",
      "resourceType" : "Patient",
      "id" : "nl-core-NameInformation-firstNamesAndInitialsSeparate"
    },
    {
      "filename" : "nl-core-NameInformation-initials.json",
      "resourceType" : "Patient",
      "id" : "nl-core-NameInformation-initials"
    },
    {
      "filename" : "nl-core-NutritionAdvice-01-Condition-01.json",
      "resourceType" : "Condition",
      "id" : "nl-core-NutritionAdvice-01-Condition-01"
    },
    {
      "filename" : "nl-core-NutritionAdvice-01.json",
      "resourceType" : "NutritionOrder",
      "id" : "nl-core-NutritionAdvice-01"
    },
    {
      "filename" : "nl-core-O2Saturation-01.json",
      "resourceType" : "Observation",
      "id" : "nl-core-O2Saturation-01"
    },
    {
      "filename" : "nl-core-PainScore-01.json",
      "resourceType" : "Observation",
      "id" : "nl-core-PainScore-01"
    },
    {
      "filename" : "nl-core-ParticipationInSociety-01.json",
      "resourceType" : "Observation",
      "id" : "nl-core-ParticipationInSociety-01"
    },
    {
      "filename" : "nl-core-ParticipationInSociety.Hobby-01.json",
      "resourceType" : "Observation",
      "id" : "nl-core-ParticipationInSociety.Hobby-01"
    },
    {
      "filename" : "nl-core-ParticipationInSociety.SocialNetwork-01.json",
      "resourceType" : "Observation",
      "id" : "nl-core-ParticipationInSociety.SocialNetwork-01"
    },
    {
      "filename" : "nl-core-ParticipationInSociety.WorkSituation-01.json",
      "resourceType" : "Observation",
      "id" : "nl-core-ParticipationInSociety.WorkSituation-01"
    },
    {
      "filename" : "nl-core-Patient-01.json",
      "resourceType" : "Patient",
      "id" : "nl-core-Patient-01"
    },
    {
      "filename" : "nl-core-Payer-Organization-01.json",
      "resourceType" : "Organization",
      "id" : "nl-core-Payer-Organization-01"
    },
    {
      "filename" : "nl-core-Payer-Organization-02.json",
      "resourceType" : "Organization",
      "id" : "nl-core-Payer-Organization-02"
    },
    {
      "filename" : "nl-core-Payer.InsuranceCompany-02.json",
      "resourceType" : "Coverage",
      "id" : "nl-core-Payer.InsuranceCompany-02"
    },
    {
      "filename" : "nl-core-Payer.PayerPerson-01.json",
      "resourceType" : "Coverage",
      "id" : "nl-core-Payer.PayerPerson-01"
    },
    {
      "filename" : "nl-core-PharmaceuticalProduct-01.json",
      "resourceType" : "Medication",
      "id" : "nl-core-PharmaceuticalProduct-01"
    },
    {
      "filename" : "nl-core-PharmaceuticalProduct-02.json",
      "resourceType" : "Medication",
      "id" : "nl-core-PharmaceuticalProduct-02"
    },
    {
      "filename" : "nl-core-Pregnancy-01.json",
      "resourceType" : "Condition",
      "id" : "nl-core-Pregnancy-01"
    },
    {
      "filename" : "nl-core-Pregnancy.DateLastMenstruation-01.json",
      "resourceType" : "Observation",
      "id" : "nl-core-Pregnancy.DateLastMenstruation-01"
    },
    {
      "filename" : "nl-core-Pregnancy.EstimatedDateOfDelivery-01.json",
      "resourceType" : "Observation",
      "id" : "nl-core-Pregnancy.EstimatedDateOfDelivery-01"
    },
    {
      "filename" : "nl-core-Pregnancy.Gravidity-01.json",
      "resourceType" : "Observation",
      "id" : "nl-core-Pregnancy.Gravidity-01"
    },
    {
      "filename" : "nl-core-Pregnancy.Parity-01.json",
      "resourceType" : "Observation",
      "id" : "nl-core-Pregnancy.Parity-01"
    },
    {
      "filename" : "nl-core-Pregnancy.PregnancyDuration-01.json",
      "resourceType" : "Observation",
      "id" : "nl-core-Pregnancy.PregnancyDuration-01"
    },
    {
      "filename" : "nl-core-PressureUlcer-01-WoundCharacteristics-01.json",
      "resourceType" : "Observation",
      "id" : "nl-core-PressureUlcer-01-WoundCharacteristics-01"
    },
    {
      "filename" : "nl-core-PressureUlcer-01-WoundLength-01.json",
      "resourceType" : "Observation",
      "id" : "nl-core-PressureUlcer-01-WoundLength-01"
    },
    {
      "filename" : "nl-core-PressureUlcer-01-WoundWidth-01.json",
      "resourceType" : "Observation",
      "id" : "nl-core-PressureUlcer-01-WoundWidth-01"
    },
    {
      "filename" : "nl-core-PressureUlcer-01.json",
      "resourceType" : "Condition",
      "id" : "nl-core-PressureUlcer-01"
    },
    {
      "filename" : "nl-core-Problem-01.json",
      "resourceType" : "Condition",
      "id" : "nl-core-Problem-01"
    },
    {
      "filename" : "nl-core-Procedure-01-Condition-01.json",
      "resourceType" : "Condition",
      "id" : "nl-core-Procedure-01-Condition-01"
    },
    {
      "filename" : "nl-core-Procedure-01-Device-01.json",
      "resourceType" : "Device",
      "id" : "nl-core-Procedure-01-Device-01"
    },
    {
      "filename" : "nl-core-Procedure-01-DeviceUseStatement-01.json",
      "resourceType" : "DeviceUseStatement",
      "id" : "nl-core-Procedure-01-DeviceUseStatement-01"
    },
    {
      "filename" : "nl-core-Procedure-01-Location-01.json",
      "resourceType" : "Location",
      "id" : "nl-core-Procedure-01-Location-01"
    },
    {
      "filename" : "nl-core-Procedure-01-Organization-01.json",
      "resourceType" : "Organization",
      "id" : "nl-core-Procedure-01-Organization-01"
    },
    {
      "filename" : "nl-core-Procedure-01-PractitionerRole-01.json",
      "resourceType" : "PractitionerRole",
      "id" : "nl-core-Procedure-01-PractitionerRole-01"
    },
    {
      "filename" : "nl-core-Procedure-event-01.json",
      "resourceType" : "Procedure",
      "id" : "nl-core-Procedure-event-01"
    },
    {
      "filename" : "nl-core-PulseRate-01.json",
      "resourceType" : "Observation",
      "id" : "nl-core-PulseRate-01"
    },
    {
      "filename" : "nl-core-PulseRate.PulseRegularity-01.json",
      "resourceType" : "Observation",
      "id" : "nl-core-PulseRate.PulseRegularity-01"
    },
    {
      "filename" : "nl-core-Refraction-01.json",
      "resourceType" : "Observation",
      "id" : "nl-core-Refraction-01"
    },
    {
      "filename" : "nl-core-SNAQ65plusScore-01.json",
      "resourceType" : "Observation",
      "id" : "nl-core-SNAQ65plusScore-01"
    },
    {
      "filename" : "nl-core-SNAQScore-01.json",
      "resourceType" : "Observation",
      "id" : "nl-core-SNAQScore-01"
    },
    {
      "filename" : "nl-core-SNAQrcScore-01.json",
      "resourceType" : "Observation",
      "id" : "nl-core-SNAQrcScore-01"
    },
    {
      "filename" : "nl-core-SOAPReport-01-Practitioner-01.json",
      "resourceType" : "Practitioner",
      "id" : "nl-core-SOAPReport-01-Practitioner-01"
    },
    {
      "filename" : "nl-core-SOAPReport-01-PractitionerRole-01.json",
      "resourceType" : "PractitionerRole",
      "id" : "nl-core-SOAPReport-01-PractitionerRole-01"
    },
    {
      "filename" : "nl-core-SOAPReport-01.json",
      "resourceType" : "Composition",
      "id" : "nl-core-SOAPReport-01"
    },
    {
      "filename" : "nl-core-SOAPReport.SOAPLine-01.json",
      "resourceType" : "Observation",
      "id" : "nl-core-SOAPReport.SOAPLine-01"
    },
    {
      "filename" : "nl-core-SOAPReport.SOAPLine-02.json",
      "resourceType" : "Observation",
      "id" : "nl-core-SOAPReport.SOAPLine-02"
    },
    {
      "filename" : "nl-core-SOAPReport.SOAPLine-03.json",
      "resourceType" : "Observation",
      "id" : "nl-core-SOAPReport.SOAPLine-03"
    },
    {
      "filename" : "nl-core-SOAPReport.SOAPLine-04.json",
      "resourceType" : "Observation",
      "id" : "nl-core-SOAPReport.SOAPLine-04"
    },
    {
      "filename" : "nl-core-SkinDisorder-01-Condition-01.json",
      "resourceType" : "Condition",
      "id" : "nl-core-SkinDisorder-01-Condition-01"
    },
    {
      "filename" : "nl-core-SkinDisorder-01.json",
      "resourceType" : "Condition",
      "id" : "nl-core-SkinDisorder-01"
    },
    {
      "filename" : "nl-core-Stoma-01-Device-01.json",
      "resourceType" : "Device",
      "id" : "nl-core-Stoma-01-Device-01"
    },
    {
      "filename" : "nl-core-Stoma-01-DeviceUseStatement-01.json",
      "resourceType" : "DeviceUseStatement",
      "id" : "nl-core-Stoma-01-DeviceUseStatement-01"
    },
    {
      "filename" : "nl-core-Stoma-01.json",
      "resourceType" : "Condition",
      "id" : "nl-core-Stoma-01"
    },
    {
      "filename" : "nl-core-StrongKidsScore-01.json",
      "resourceType" : "Observation",
      "id" : "nl-core-StrongKidsScore-01"
    },
    {
      "filename" : "nl-core-TextResult-01-Procedure-01.json",
      "resourceType" : "Procedure",
      "id" : "nl-core-TextResult-01-Procedure-01"
    },
    {
      "filename" : "nl-core-TextResult-01.json",
      "resourceType" : "DiagnosticReport",
      "id" : "nl-core-TextResult-01"
    },
    {
      "filename" : "nl-core-TextResult.VisualResult-01.json",
      "resourceType" : "Media",
      "id" : "nl-core-TextResult.VisualResult-01"
    },
    {
      "filename" : "nl-core-TobaccoUse-01.json",
      "resourceType" : "Observation",
      "id" : "nl-core-TobaccoUse-01"
    },
    {
      "filename" : "nl-core-TreatmentDirective2-01-Consent-01.json",
      "resourceType" : "Consent",
      "id" : "nl-core-TreatmentDirective2-01-Consent-01"
    },
    {
      "filename" : "nl-core-TreatmentDirective2-01-Practitioner-01.json",
      "resourceType" : "Practitioner",
      "id" : "nl-core-TreatmentDirective2-01-Practitioner-01"
    },
    {
      "filename" : "nl-core-TreatmentDirective2-01-PractitionerRole-01.json",
      "resourceType" : "PractitionerRole",
      "id" : "nl-core-TreatmentDirective2-01-PractitionerRole-01"
    },
    {
      "filename" : "nl-core-TreatmentDirective2-01-RelatedPerson-01.json",
      "resourceType" : "RelatedPerson",
      "id" : "nl-core-TreatmentDirective2-01-RelatedPerson-01"
    },
    {
      "filename" : "nl-core-TreatmentDirective2-01.json",
      "resourceType" : "Consent",
      "id" : "nl-core-TreatmentDirective2-01"
    },
    {
      "filename" : "nl-core-TreatmentDirective2-02-Patient-01.json",
      "resourceType" : "Patient",
      "id" : "nl-core-TreatmentDirective2-02-Patient-01"
    },
    {
      "filename" : "nl-core-TreatmentDirective2-02.json",
      "resourceType" : "Consent",
      "id" : "nl-core-TreatmentDirective2-02"
    },
    {
      "filename" : "nl-core-Vaccination-02-Location-01.json",
      "resourceType" : "Location",
      "id" : "nl-core-Vaccination-02-Location-01"
    },
    {
      "filename" : "nl-core-Vaccination-02-Organization-01.json",
      "resourceType" : "Organization",
      "id" : "nl-core-Vaccination-02-Organization-01"
    },
    {
      "filename" : "nl-core-Vaccination-02-PractitionerRole-01.json",
      "resourceType" : "PractitionerRole",
      "id" : "nl-core-Vaccination-02-PractitionerRole-01"
    },
    {
      "filename" : "nl-core-Vaccination-03-PharmaceuticalProduct-01.json",
      "resourceType" : "Medication",
      "id" : "nl-core-Vaccination-03-PharmaceuticalProduct-01"
    },
    {
      "filename" : "nl-core-Vaccination-event-02.json",
      "resourceType" : "Immunization",
      "id" : "nl-core-Vaccination-event-02"
    },
    {
      "filename" : "nl-core-Vaccination-event-03.json",
      "resourceType" : "Immunization",
      "id" : "nl-core-Vaccination-event-03"
    },
    {
      "filename" : "nl-core-Vaccination-request-01.json",
      "resourceType" : "ImmunizationRecommendation",
      "id" : "nl-core-Vaccination-request-01"
    },
    {
      "filename" : "nl-core-VisualFunction-01.json",
      "resourceType" : "Observation",
      "id" : "nl-core-VisualFunction-01"
    },
    {
      "filename" : "nl-core-VisualFunction.VisualAid-01.json",
      "resourceType" : "DeviceUseStatement",
      "id" : "nl-core-VisualFunction.VisualAid-01"
    },
    {
      "filename" : "nl-core-VisualFunction.VisualAid.Product-01.json",
      "resourceType" : "Device",
      "id" : "nl-core-VisualFunction.VisualAid.Product-01"
    },
    {
      "filename" : "nl-core-Wound-01-DateOfLastDressingChange-02.json",
      "resourceType" : "Observation",
      "id" : "nl-core-Wound-01-DateOfLastDressingChange-02"
    },
    {
      "filename" : "nl-core-Wound-01-WoundCharacteristics-01.json",
      "resourceType" : "Observation",
      "id" : "nl-core-Wound-01-WoundCharacteristics-01"
    },
    {
      "filename" : "nl-core-Wound-01-WoundDepth-01.json",
      "resourceType" : "Observation",
      "id" : "nl-core-Wound-01-WoundDepth-01"
    },
    {
      "filename" : "nl-core-Wound-01-WoundEdge-01.json",
      "resourceType" : "Observation",
      "id" : "nl-core-Wound-01-WoundEdge-01"
    },
    {
      "filename" : "nl-core-Wound-01-WoundInfection-01.json",
      "resourceType" : "Observation",
      "id" : "nl-core-Wound-01-WoundInfection-01"
    },
    {
      "filename" : "nl-core-Wound-01-WoundLength-02.json",
      "resourceType" : "Observation",
      "id" : "nl-core-Wound-01-WoundLength-02"
    },
    {
      "filename" : "nl-core-Wound-01-WoundMoisture-01.json",
      "resourceType" : "Observation",
      "id" : "nl-core-Wound-01-WoundMoisture-01"
    },
    {
      "filename" : "nl-core-Wound-01-WoundTissue-01.json",
      "resourceType" : "Observation",
      "id" : "nl-core-Wound-01-WoundTissue-01"
    },
    {
      "filename" : "nl-core-Wound-01-WoundWidth-02.json",
      "resourceType" : "Observation",
      "id" : "nl-core-Wound-01-WoundWidth-02"
    },
    {
      "filename" : "nl-core-Wound-01.json",
      "resourceType" : "Condition",
      "id" : "nl-core-Wound-01"
    }
  ]
}
