{"resourceType":"Device","id":"nl-core-Procedure-01-Device-01","meta":{"profile":["http://nictiz.nl/fhir/StructureDefinition/nl-core-MedicalDevice.Product"]},"text":{"status":"extensions","div":"<div xmlns=\"http://www.w3.org/1999/xhtml\"><table><caption>Apparaat/Systeem. Patiënt: Patient, Johanna Petronella Maria (Jo) van Putten-van der Giessen. Id: {01}05050474530799{17}160131{21}1148130801 (https://www.gs1.org/gtin)</caption><tfoot><tr><td colspan=\"2\">Implantant, Gen 2 Tibia Insert 5/6-9mm</td></tr></tfoot><tbody><tr><th>Type</th><td>109228008 (SNOMED CT)</td></tr></tbody></table></div>"},"identifier":[{"system":"https://www.gs1.org/gtin","value":"{01}05050474530799{17}160131{21}1148130801"}],"udiCarrier":[{"issuer":"https://www.gs1.org/gtin","carrierHRF":"{01}05050474530799{17}160131{21}1148130801"}],"type":{"coding":[{"system":"http://snomed.info/sct","code":"109228008"}]},"patient":{"reference":"Patient/nl-core-Patient-01","type":"Patient","display":"Patient, Johanna Petronella Maria (Jo) van Putten-van der Giessen"},"note":[{"text":"Implantant, Gen 2 Tibia Insert 5/6-9mm"}]}