{"resourceType":"Observation","id":"nl-core-PressureUlcer-01-WoundLength-01","meta":{"profile":["http://nictiz.nl/fhir/StructureDefinition/nl-core-wounds.WoundLength"]},"text":{"status":"extensions","div":"<div xmlns=\"http://www.w3.org/1999/xhtml\"><table><caption>Observatie/bepaling. Subject: Patient, Johanna Petronella Maria (Jo) van Putten-van der Giessen. Status: definitief</caption><tbody><tr><th>Code</th><th>Waarde</th></tr><tr><td><span title=\"Length of Wound (39126-8 - LOINC)\">Length of Wound</span></td><td>3 cm</td></tr></tbody></table></div>"},"status":"final","code":{"coding":[{"system":"http://loinc.org","code":"39126-8","display":"Length of Wound"}]},"subject":{"reference":"Patient/nl-core-Patient-01","type":"Patient","display":"Patient, Johanna Petronella Maria (Jo) van Putten-van der Giessen"},"valueQuantity":{"value":3,"unit":"cm","system":"http://unitsofmeasure.org","code":"cm"}}