{"resourceType":"Observation","id":"nl-core-SOAPReport.SOAPLine-03","meta":{"profile":["http://nictiz.nl/fhir/StructureDefinition/nl-core-SOAPReport.SOAPLine"]},"text":{"status":"extensions","div":"<div xmlns=\"http://www.w3.org/1999/xhtml\"><table><caption>Observatie/bepaling. Status: definitief</caption><tbody><tr><th>Code</th><th>Waarde</th></tr><tr><td><span title=\"Evaluatie (129265001 - SNOMED CT)\">Evaluatie</span></td><td>bijwerking ACE-remmer</td></tr></tbody></table></div>"},"extension":[{"url":"http://nictiz.nl/fhir/StructureDefinition/ext-SOAPReport.SOAPLineCode","valueCodeableConcept":{"coding":[{"system":"http://hl7.org/fhir/sid/icpc-1-nl","code":"A85","display":"Geneesmiddelbijwerking"}]}}],"status":"final","code":{"coding":[{"system":"http://snomed.info/sct","code":"129265001","display":"Evaluatie"}]},"valueString":"bijwerking ACE-remmer"}