{"resourceType":"CarePlan","id":"nl-core-HelpFromOthers-01","meta":{"profile":["http://nictiz.nl/fhir/StructureDefinition/nl-core-HelpFromOthers"]},"text":{"status":"extensions","div":"<div xmlns=\"http://www.w3.org/1999/xhtml\"><table><caption>Zorgplan. Subject: Patient, Johanna Petronella Maria (Jo) van Putten-van der Giessen. Categorie: <span title=\"ondersteuning (243114000 - SNOMED CT)\">ondersteuning</span>, Status: actief<span style=\"display: block;\">Intentie: plan</span></caption><tbody><tr><th>Activiteit</th><td><table><tbody><tr><td colspan=\"2\"><table><caption>Details<span style=\"display: block;\">Status: is bezig</span></caption><tbody><tr><th>Code</th><td><span title=\"ondersteuning voor verzorger (386229000 - SNOMED CT)\">ondersteuning voor verzorger</span></td></tr><tr><th>Omschrijving</th><td>Boodschappen doen</td></tr><tr><th>Schema</th><td>1 keer per week</td></tr><tr><th>Uitvoerende</th><td>Contact person, de Boer</td></tr></tbody></table></td></tr></tbody></table></td></tr></tbody></table></div>"},"status":"active","intent":"plan","category":[{"coding":[{"system":"http://snomed.info/sct","code":"243114000","display":"ondersteuning"}]}],"subject":{"reference":"Patient/nl-core-Patient-01","type":"Patient","display":"Patient, Johanna Petronella Maria (Jo) van Putten-van der Giessen"},"activity":[{"detail":{"code":{"coding":[{"system":"http://snomed.info/sct","code":"386229000","display":"ondersteuning voor verzorger"}]},"status":"in-progress","scheduledString":"1 keer per week","performer":[{"reference":"RelatedPerson/nl-core-HelpFromOthers-01-RelatedPerson-01","type":"RelatedPerson","display":"Contact person, de Boer"}],"description":"Boodschappen doen"}}]}