{"resourceType":"Observation","id":"nl-core-PulseRate-01","meta":{"profile":["http://nictiz.nl/fhir/StructureDefinition/nl-core-PulseRate"]},"text":{"status":"extensions","div":"<div xmlns=\"http://www.w3.org/1999/xhtml\"><table><caption>Observatie/bepaling. Subject: Patient, Johanna Petronella Maria (Jo) van Putten-van der Giessen. Categorie: <span title=\"Vital Signs (vital-signs - http://terminology.hl7.org/CodeSystem/observation-category)\">Vital Signs</span>, Status: definitief</caption><tbody><tr><th>Bepalingdatum/tijd</th><td>06:43:00, 8 februari 2013</td></tr><tr><th>Code</th><th>Waarde</th></tr><tr><td><span title=\"Heart rate Peripheral artery by palpation (8893-0 - LOINC)\">Heart rate Peripheral artery by palpation</span></td><td>50 /min</td></tr></tbody></table></div>"},"status":"final","category":[{"coding":[{"system":"http://terminology.hl7.org/CodeSystem/observation-category","code":"vital-signs","display":"Vital Signs"}]}],"code":{"coding":[{"system":"http://loinc.org","code":"8893-0","display":"Heart rate Peripheral artery by palpation"}]},"subject":{"reference":"Patient/nl-core-Patient-01","type":"Patient","display":"Patient, Johanna Petronella Maria (Jo) van Putten-van der Giessen"},"effectiveDateTime":"2013-02-08T06:43:00+01:00","valueQuantity":{"value":50,"unit":"/min","system":"http://unitsofmeasure.org","code":"/min"},"note":[{"text":"Sportvrouw"}],"hasMember":[{"reference":"Observation/nl-core-PulseRate.PulseRegularity-01","type":"Observation","display":"Pols regelmatigheid: onregelmatige pulsaties"}]}