{"resourceType":"Observation","id":"nl-core-DevelopmentChild.ToiletTrainednessUrine-01","meta":{"profile":["http://nictiz.nl/fhir/StructureDefinition/nl-core-DevelopmentChild.ToiletTrainednessUrine"]},"text":{"status":"extensions","div":"<div xmlns=\"http://www.w3.org/1999/xhtml\"><table><caption>Observatie/bepaling. Subject: Patient, Johanna Petronella Maria (Jo) van Putten-van der Giessen. Status: definitief</caption><tbody><tr><th>Bepalingdatum/tijd</th><td>19 december 2016</td></tr><tr><th>Code</th><th>Waarde</th></tr><tr><td><span title=\"blaascontrole bij kind (275819003 - SNOMED CT)\">blaascontrole bij kind</span></td><td><span title=\"geen blaascontrole op kinderleeftijd (26411000146101 - SNOMED CT)\">geen blaascontrole op kinderleeftijd</span></td></tr></tbody></table></div>"},"status":"final","code":{"coding":[{"system":"http://snomed.info/sct","code":"275819003","display":"blaascontrole bij kind"}]},"subject":{"reference":"Patient/nl-core-Patient-01","type":"Patient","display":"Patient, Johanna Petronella Maria (Jo) van Putten-van der Giessen"},"effectiveDateTime":"2016-12-19","valueCodeableConcept":{"coding":[{"system":"http://snomed.info/sct","code":"26411000146101","display":"geen blaascontrole op kinderleeftijd"}]}}