{"resourceType":"Observation","id":"nl-core-IllnessPerception.CopingWithIllnessByFamily-01","meta":{"profile":["http://nictiz.nl/fhir/StructureDefinition/nl-core-IllnessPerception.CopingWithIllnessByFamily"]},"text":{"status":"extensions","div":"<div xmlns=\"http://www.w3.org/1999/xhtml\"><table><caption>Observatie/bepaling. Subject: Patient, Johanna Petronella Maria (Jo) van Putten-van der Giessen. Status: definitief</caption><tbody><tr><th>Code</th><th>Waarde</th></tr><tr><td><span title=\"copinggedrag van familie (405199009 - SNOMED CT)\">copinggedrag van familie</span></td><td>Partner heeft veel vragen over hoe de toekomst er uit ziet.</td></tr></tbody></table></div>"},"status":"final","code":{"coding":[{"system":"http://snomed.info/sct","code":"405199009","display":"copinggedrag van familie"}]},"subject":{"reference":"Patient/nl-core-Patient-01","type":"Patient","display":"Patient, Johanna Petronella Maria (Jo) van Putten-van der Giessen"},"valueString":"Partner heeft veel vragen over hoe de toekomst er uit ziet."}