{"resourceType":"Observation","id":"nl-core-Wound-01-WoundMoisture-01","meta":{"profile":["http://nictiz.nl/fhir/StructureDefinition/nl-core-Wound.WoundMoisture"]},"text":{"status":"extensions","div":"<div xmlns=\"http://www.w3.org/1999/xhtml\"><table><caption>Observatie/bepaling. Subject: Patient, Johanna Petronella Maria (Jo) van Putten-van der Giessen. Status: definitief</caption><tbody><tr><th>Code</th><th>Waarde</th></tr><tr><td><span title=\"vochtigheid van verwonding (298007001 - SNOMED CT)\">vochtigheid van verwonding</span></td><td><span title=\"Vochtige wond (VOCHTIG - 2.16.840.1.113883.2.4.3.11.60.40.4.7.3)\">Vochtige wond</span></td></tr></tbody></table></div>"},"status":"final","code":{"coding":[{"system":"http://snomed.info/sct","code":"298007001","display":"vochtigheid van verwonding"}]},"subject":{"reference":"Patient/nl-core-Patient-01","type":"Patient","display":"Patient, Johanna Petronella Maria (Jo) van Putten-van der Giessen"},"valueCodeableConcept":{"coding":[{"system":"urn:oid:2.16.840.1.113883.2.4.3.11.60.40.4.7.3","code":"VOCHTIG","display":"Vochtige wond"}]}}