{"resourceType":"Observation","id":"nl-core-Pregnancy.EstimatedDateOfDelivery-01","meta":{"profile":["http://nictiz.nl/fhir/StructureDefinition/nl-core-Pregnancy.EstimatedDateOfDelivery"]},"text":{"status":"extensions","div":"<div xmlns=\"http://www.w3.org/1999/xhtml\"><table><caption>Observatie/bepaling. Subject: Patient, Johanna Petronella Maria (Jo) van Putten-van der Giessen. Status: definitief</caption><tbody><tr><th>Bepalingdatum/tijd</th><td>15 juli 2014</td></tr><tr><th>Methode</th><td><span title=\"aterme datum berekend door middel van diagnostische ultrasonografie (31541000146106 - SNOMED CT)\">aterme datum berekend door middel van diagnostische ultrasonografie</span></td></tr><tr><th>Code</th><th>Waarde</th></tr><tr><td><span title=\"geschatte bevallingsdatum (161714006 - SNOMED CT)\">geschatte bevallingsdatum</span></td><td>8 januari 2015</td></tr></tbody></table></div>"},"status":"final","code":{"coding":[{"system":"http://snomed.info/sct","code":"161714006","display":"geschatte bevallingsdatum"}]},"subject":{"reference":"Patient/nl-core-Patient-01","type":"Patient","display":"Patient, Johanna Petronella Maria (Jo) van Putten-van der Giessen"},"focus":[{"reference":"Condition/nl-core-Pregnancy-01","type":"Condition","display":"Pregnancy"}],"effectiveDateTime":"2014-07-15","valueDateTime":"2015-01-08","method":{"coding":[{"system":"http://snomed.info/sct","code":"31541000146106","display":"aterme datum berekend door middel van diagnostische ultrasonografie"}]}}