{"resourceType":"Observation","id":"nl-core-LaboratoryTestResult-LaboratoryTest-06","meta":{"profile":["http://nictiz.nl/fhir/StructureDefinition/nl-core-LaboratoryTestResult"]},"text":{"status":"extensions","div":"<div xmlns=\"http://www.w3.org/1999/xhtml\"><table><caption>Observatie/bepaling. Subject: Patient, Johanna Petronella Maria (Jo) van Putten-van der Giessen. Categorie: <span title=\"Laboratory (laboratory - http://terminology.hl7.org/CodeSystem/observation-category)\">Laboratory</span>, <span title=\"Serumtest (275711006 - SNOMED CT)\">Serumtest</span>, Status: definitief</caption><tbody><tr><th>Bepalingdatum/tijd</th><td colspan=\"2\">12:00:02, 2 januari 2022</td></tr><tr><th>Specimen</th><td colspan=\"2\">monster</td></tr><tr><th>Code</th><th>Waarde</th><th>Referentiewaarden</th></tr><tr><td><span title=\"Hematocriet (20570-8 - LOINC)\">Hematocriet</span></td><td>45 %</td><td><div>39 % - 51 %</div></td></tr></tbody></table></div>"},"status":"final","category":[{"coding":[{"system":"http://terminology.hl7.org/CodeSystem/observation-category","code":"laboratory","display":"Laboratory"}]},{"coding":[{"system":"http://snomed.info/sct","code":"275711006","display":"Serumtest"}]}],"code":{"coding":[{"system":"http://loinc.org","code":"20570-8","display":"Hematocriet"}]},"subject":{"reference":"Patient/nl-core-Patient-01","type":"Patient","display":"Patient, Johanna Petronella Maria (Jo) van Putten-van der Giessen"},"effectiveDateTime":"2022-01-02T12:00:02+01:00","valueQuantity":{"value":45,"unit":"%","system":"http://unitsofmeasure.org","code":"%"},"specimen":{"reference":"Specimen/nl-core-LaboratoryTestResult.Specimen-04","type":"Specimen","display":"monster"},"referenceRange":[{"low":{"value":39,"unit":"%","system":"http://unitsofmeasure.org","code":"%"},"high":{"value":51,"unit":"%","system":"http://unitsofmeasure.org","code":"%"}}]}