{"resourceType":"Patient","id":"nl-core-NameInformation-complete","meta":{"profile":["http://nictiz.nl/fhir/StructureDefinition/nl-core-Patient"]},"text":{"status":"extensions","div":"<div xmlns=\"http://www.w3.org/1999/xhtml\"><div><span title=\"Naamsamenstelling: Partnernaam gevolgd door eigennaam\">Johanna Petronella Maria van der Giessen-van Putten</span></div></div>"},"name":[{"extension":[{"url":"http://hl7.org/fhir/StructureDefinition/humanname-assembly-order","valueCode":"NL3"}],"use":"official","text":"Johanna Petronella Maria van der Giessen-van Putten","family":"van der Giessen-van Putten","_family":{"extension":[{"url":"http://hl7.org/fhir/StructureDefinition/humanname-own-prefix","valueString":"van"},{"url":"http://hl7.org/fhir/StructureDefinition/humanname-own-name","valueString":"Putten"},{"url":"http://hl7.org/fhir/StructureDefinition/humanname-partner-prefix","valueString":"van der"},{"url":"http://hl7.org/fhir/StructureDefinition/humanname-partner-name","valueString":"Giessen"}]},"given":["Johanna","Petronella","Maria"],"_given":[{"extension":[{"url":"http://hl7.org/fhir/StructureDefinition/iso21090-EN-qualifier","valueCode":"BR"}]},{"extension":[{"url":"http://hl7.org/fhir/StructureDefinition/iso21090-EN-qualifier","valueCode":"BR"}]},{"extension":[{"url":"http://hl7.org/fhir/StructureDefinition/iso21090-EN-qualifier","valueCode":"BR"}]}],"prefix":["PhD"]},{"use":"usual","given":["Jo"]}]}