{"resourceType":"Observation","id":"nl-core-BodyWeight-01","meta":{"profile":["http://nictiz.nl/fhir/StructureDefinition/nl-core-BodyWeight"]},"text":{"status":"extensions","div":"<div xmlns=\"http://www.w3.org/1999/xhtml\"><table><caption>Observatie/bepaling. Subject: Patient, Johanna Petronella Maria (Jo) van Putten-van der Giessen. Categorie: <span title=\"Vital Signs (vital-signs - http://terminology.hl7.org/CodeSystem/observation-category)\">Vital Signs</span>, Status: definitief</caption><tbody><tr><th>Bepalingdatum/tijd</th><td>6 februari 2013</td></tr><tr><th>Code</th><th>Waarde</th></tr><tr><td><span title=\"Body weight (29463-7 - LOINC)\">Body weight</span></td><td>2400 gram</td></tr><tr><td><span title=\"State of dress (248159006 - SNOMED CT)\">State of dress</span></td><td><span title=\"Diaper (DIAPER - 2.16.840.1.113883.2.4.3.11.60.40.4.8.1)\">Diaper</span></td></tr></tbody></table></div>"},"status":"final","category":[{"coding":[{"system":"http://terminology.hl7.org/CodeSystem/observation-category","code":"vital-signs","display":"Vital Signs"}]}],"code":{"coding":[{"system":"http://loinc.org","code":"29463-7","display":"Body weight"}]},"subject":{"reference":"Patient/nl-core-Patient-01","type":"Patient","display":"Patient, Johanna Petronella Maria (Jo) van Putten-van der Giessen"},"effectiveDateTime":"2013-02-06","valueQuantity":{"value":2400,"unit":"gram","system":"http://unitsofmeasure.org","code":"g"},"note":[{"text":"Luier woog 320 gram"}],"component":[{"code":{"coding":[{"system":"http://snomed.info/sct","code":"248159006","display":"State of dress"}]},"valueCodeableConcept":{"coding":[{"system":"urn:oid:2.16.840.1.113883.2.4.3.11.60.40.4.8.1","code":"DIAPER","display":"Diaper"}]}}]}