{"resourceType":"Device","id":"nl-core-MedicalDevice.Product-02","meta":{"profile":["http://nictiz.nl/fhir/StructureDefinition/nl-core-MedicalDevice.Product"]},"text":{"status":"extensions","div":"<div xmlns=\"http://www.w3.org/1999/xhtml\"><table><caption>Apparaat/Systeem. Patiënt: Patient, Johanna Petronella Maria (Jo) van Putten-van der Giessen. Id: (01)00810323008108(17)231005(21)6789UV0 (https://www.gs1.org/gtin)</caption><tfoot><tr><td colspan=\"2\">TuneAmp gehoortoestel</td></tr></tfoot><tbody><tr><th>Type</th><td><span title=\"gehoorapparaat (360283003 - SNOMED CT)\">gehoorapparaat</span></td></tr></tbody></table></div>"},"identifier":[{"system":"https://www.gs1.org/gtin","value":"(01)00810323008108(17)231005(21)6789UV0"}],"udiCarrier":[{"issuer":"https://www.gs1.org/gtin","carrierHRF":"(01)00810323008108(17)231005(21)6789UV0"}],"type":{"coding":[{"system":"http://snomed.info/sct","code":"360283003","display":"gehoorapparaat"}]},"patient":{"reference":"Patient/nl-core-Patient-01","type":"Patient","display":"Patient, Johanna Petronella Maria (Jo) van Putten-van der Giessen"},"note":[{"text":"TuneAmp gehoortoestel"}]}