{"resourceType":"Condition","id":"nl-core-Procedure-01-Condition-01","meta":{"profile":["http://nictiz.nl/fhir/StructureDefinition/nl-core-Problem"]},"text":{"status":"extensions","div":"<div xmlns=\"http://www.w3.org/1999/xhtml\"><table><caption>Aandoening. Subject: Patient, Johanna Petronella Maria (Jo) van Putten-van der Giessen. </caption><tfoot><tr><td colspan=\"2\">Beperking bij het bewegen van het gewricht, drukpijn door slijtage van twee compartimenten van de linker knie.</td></tr></tfoot><tbody><tr><th>Code</th><td><span title=\"Artrose (396275006 - SNOMED CT)\">Artrose</span></td></tr></tbody></table></div>"},"code":{"coding":[{"system":"http://snomed.info/sct","code":"396275006","display":"Artrose"}]},"subject":{"reference":"Patient/nl-core-Patient-01","type":"Patient","display":"Patient, Johanna Petronella Maria (Jo) van Putten-van der Giessen"},"note":[{"text":"Beperking bij het bewegen van het gewricht, drukpijn door slijtage van twee compartimenten van de linker knie."}]}