{"resourceType":"Condition","id":"nl-core-Problem-01","meta":{"profile":["http://nictiz.nl/fhir/StructureDefinition/nl-core-Problem"]},"text":{"status":"extensions","div":"<div xmlns=\"http://www.w3.org/1999/xhtml\"><table><caption>Aandoening. Subject: Patient, Johanna Petronella Maria (Jo) van Putten-van der Giessen. Categorie: <span title=\"Klacht (409586006 - SNOMED CT)\">Klacht</span>, Status: <span title=\"Inactive (inactive - http://terminology.hl7.org/CodeSystem/condition-clinical)\">Inactive</span> / <span title=\"Confirmed (confirmed - http://terminology.hl7.org/CodeSystem/condition-ver-status)\">Confirmed</span></caption><tfoot><tr><td colspan=\"2\">Geleidelijk in de loop van dagen erger geworden. Geen roodheid of pijn.</td></tr></tfoot><tbody><tr><th>Code</th><td><span title=\"Oedeem (267038008 - SNOMED CT)\">Oedeem</span></td></tr><tr><th>Eerste symptomen</th><td>10 augustus 2012</td></tr><tr><th>Oplossing/remissie</th><td>1 januari 2021</td></tr></tbody></table></div>"},"clinicalStatus":{"coding":[{"system":"http://terminology.hl7.org/CodeSystem/condition-clinical","code":"inactive","display":"Inactive"}]},"verificationStatus":{"coding":[{"system":"http://terminology.hl7.org/CodeSystem/condition-ver-status","code":"confirmed","display":"Confirmed"},{"system":"http://snomed.info/sct","code":"410605003","display":"Aanwezigheid bevestigd"}]},"category":[{"coding":[{"system":"http://snomed.info/sct","code":"409586006","display":"Klacht"}]}],"code":{"extension":[{"url":"http://nictiz.nl/fhir/StructureDefinition/ext-Problem.FurtherSpecificationProblemName","valueString":"Nog meer specificatie nodig"}],"coding":[{"system":"http://snomed.info/sct","code":"267038008","display":"Oedeem"}]},"bodySite":[{"extension":[{"url":"http://nictiz.nl/fhir/StructureDefinition/ext-AnatomicalLocation.Laterality","valueCodeableConcept":{"coding":[{"system":"http://snomed.info/sct","code":"7771000","display":"Links"}]}}],"coding":[{"system":"http://snomed.info/sct","code":"344001"}]}],"subject":{"reference":"Patient/nl-core-Patient-01","type":"Patient","display":"Patient, Johanna Petronella Maria (Jo) van Putten-van der Giessen"},"onsetDateTime":"2012-08-10","abatementDateTime":"2021-01-01","note":[{"text":"Geleidelijk in de loop van dagen erger geworden. Geen roodheid of pijn."}]}