{"resourceType":"RelatedPerson","id":"nl-core-TreatmentDirective2-01-RelatedPerson-01","meta":{"profile":["http://nictiz.nl/fhir/StructureDefinition/nl-core-ContactPerson"]},"text":{"status":"extensions","div":"<div xmlns=\"http://www.w3.org/1999/xhtml\"><div><span title=\"Naamsamenstelling: Eigennaam\">Jan Pieter Mark van Putten</span></div><div><a href=\"tel:+31611234567\">+31611234567</a> (Tel Privé), <a href=\"mailto:giesput@myweb.nl\">giesput@myweb.nl</a> (E-mail Privé)</div><div>1e Jacob van Campenstr to 15 A 2e, 1012 NX Hoogmade Kaag en Braassem, Nederland (Privé Post / Bezoek)</div><div><span title=\"Eerste relatie/contactpersoon (01 - RoleCodeLijst (COD472-VEKT))\">Eerste relatie/contactpersoon</span>, <span title=\"Husband (HUSB - http://terminology.hl7.org/CodeSystem/v3-RoleCode)\">Husband</span> van Patient, Johanna Petronella Maria (Jo) van Putten-van der Giessen</div></div>"},"patient":{"reference":"Patient/nl-core-Patient-01","type":"Patient","display":"Patient, Johanna Petronella Maria (Jo) van Putten-van der Giessen"},"relationship":[{"coding":[{"system":"urn:oid:2.16.840.1.113883.2.4.3.11.22.472","code":"01","display":"Eerste relatie/contactpersoon"}]},{"coding":[{"system":"http://terminology.hl7.org/CodeSystem/v3-RoleCode","code":"HUSB","display":"Husband"}]}],"name":[{"extension":[{"url":"http://hl7.org/fhir/StructureDefinition/humanname-assembly-order","valueCode":"NL1"}],"use":"official","text":"Jan Pieter Mark van Putten","family":"van Putten","_family":{"extension":[{"url":"http://hl7.org/fhir/StructureDefinition/humanname-own-prefix","valueString":"van"},{"url":"http://hl7.org/fhir/StructureDefinition/humanname-own-name","valueString":"Putten"},{"url":"http://hl7.org/fhir/StructureDefinition/humanname-partner-prefix","valueString":"van"},{"url":"http://hl7.org/fhir/StructureDefinition/humanname-partner-name","valueString":"Kleeff"}]},"given":["Jan","Pieter","Mark"],"_given":[{"extension":[{"url":"http://hl7.org/fhir/StructureDefinition/iso21090-EN-qualifier","valueCode":"BR"}]},{"extension":[{"url":"http://hl7.org/fhir/StructureDefinition/iso21090-EN-qualifier","valueCode":"BR"}]},{"extension":[{"url":"http://hl7.org/fhir/StructureDefinition/iso21090-EN-qualifier","valueCode":"BR"}]}],"prefix":["Dr."]},{"use":"usual","given":["Piet"]}],"telecom":[{"extension":[{"url":"http://nictiz.nl/fhir/StructureDefinition/ext-Comment","valueString":"test toelichting"}],"system":"phone","_system":{"extension":[{"url":"http://nictiz.nl/fhir/StructureDefinition/ext-CodeSpecification","valueCodeableConcept":{"coding":[{"system":"http://terminology.hl7.org/CodeSystem/v3-AddressUse","code":"MC","display":"Mobile Phone"}]}}]},"value":"+31611234567","use":"home"},{"system":"email","value":"giesput@myweb.nl","use":"home"}],"address":[{"extension":[{"url":"http://nictiz.nl/fhir/StructureDefinition/ext-AddressInformation.AddressType","valueCodeableConcept":{"coding":[{"system":"http://terminology.hl7.org/CodeSystem/v3-AddressUse","code":"HP","display":"Primary Home"}]}}],"use":"home","type":"both","line":["1e Jacob van Campenstr to 15 A 2e"],"_line":[{"extension":[{"url":"http://hl7.org/fhir/StructureDefinition/iso21090-ADXP-streetName","valueString":"1e Jacob van Campenstr"},{"url":"http://hl7.org/fhir/StructureDefinition/iso21090-ADXP-houseNumber","valueString":"15"},{"url":"http://hl7.org/fhir/StructureDefinition/iso21090-ADXP-buildingNumberSuffix","valueString":"A 2e"},{"url":"http://hl7.org/fhir/StructureDefinition/iso21090-ADXP-additionalLocator","valueString":"to"},{"url":"http://hl7.org/fhir/StructureDefinition/iso21090-ADXP-unitID","valueString":"test info"}]}],"city":"Hoogmade","district":"Kaag en Braassem","postalCode":"1012 NX","country":"Nederland","_country":{"extension":[{"url":"http://nictiz.nl/fhir/StructureDefinition/ext-CodeSpecification","valueCodeableConcept":{"coding":[{"system":"urn:iso:std:iso:3166","version":"2020-10-26T00:00:00","code":"NL","display":"Nederland"}]}}]}}]}