{"resourceType":"Condition","id":"nl-core-AdvanceDirective-01-Condition-01","meta":{"profile":["http://nictiz.nl/fhir/StructureDefinition/nl-core-Problem"]},"text":{"status":"extensions","div":"<div xmlns=\"http://www.w3.org/1999/xhtml\"><table><caption>Aandoening. Subject: Patient, Johanna Petronella Maria (Jo) van Putten-van der Giessen. </caption><tbody><tr><th>Code</th><td><span title=\"amyotrofische laterale sclerose (86044005 - SNOMED CT)\">amyotrofische laterale sclerose</span></td></tr></tbody></table></div>"},"code":{"coding":[{"system":"http://snomed.info/sct","code":"86044005","display":"amyotrofische laterale sclerose"}]},"subject":{"reference":"Patient/nl-core-Patient-01","type":"Patient","display":"Patient, Johanna Petronella Maria (Jo) van Putten-van der Giessen"}}