{"resourceType":"Observation","id":"nl-core-LivingSituation-01","meta":{"profile":["http://nictiz.nl/fhir/StructureDefinition/nl-core-LivingSituation"]},"text":{"status":"extensions","div":"<div xmlns=\"http://www.w3.org/1999/xhtml\"><table><caption>Observatie/bepaling. Subject: Patient, Johanna Petronella Maria (Jo) van Putten-van der Giessen. Status: definitief</caption><tbody><tr><th>Code</th><th>Waarde</th></tr><tr><td><span title=\"Residence and accommodation circumstances - finding (365508006 - SNOMED CT)\">Residence and accommodation circumstances - finding</span></td><td><span title=\"Bovenwoning (BOVENW - 2.16.840.1.113883.2.4.3.11.60.40.4.13.1)\">Bovenwoning</span></td></tr><tr><td><span title=\"Type of home adaptation (118871000146108 - SNOMED CT)\">Type of home adaptation</span></td><td><span title=\"Aangepast toilet (465302005 - SNOMED CT)\">Aangepast toilet</span></td></tr><tr><td><span title=\"Type of home adaptation (118871000146108 - SNOMED CT)\">Type of home adaptation</span></td><td><span title=\"Badstoel en/of douchestoel (467158009 - SNOMED CT)\">Badstoel en/of douchestoel</span></td></tr><tr><td><span title=\"Type of home adaptation (118871000146108 - SNOMED CT)\">Type of home adaptation</span></td><td><span title=\"Wandbeugel (360303004 - SNOMED CT)\">Wandbeugel</span></td></tr><tr><td><span title=\"Characteristics of home environment (224249004 - SNOMED CT)\">Characteristics of home environment</span></td><td><span title=\"Access to residence by stairs (715758005 - SNOMED CT)\">Access to residence by stairs</span></td></tr></tbody></table></div>"},"status":"final","code":{"coding":[{"system":"http://snomed.info/sct","code":"365508006","display":"Residence and accommodation circumstances - finding"}]},"subject":{"reference":"Patient/nl-core-Patient-01","type":"Patient","display":"Patient, Johanna Petronella Maria (Jo) van Putten-van der Giessen"},"valueCodeableConcept":{"coding":[{"system":"urn:oid:2.16.840.1.113883.2.4.3.11.60.40.4.13.1","code":"BOVENW","display":"Bovenwoning"}]},"note":[{"text":"De bovenwoning is een probleem vanwege ontbreken lift. De patiënt staat op de wachtlijst voor een benedenwoning"}],"component":[{"code":{"coding":[{"system":"http://snomed.info/sct","code":"118871000146108","display":"Type of home adaptation"}]},"valueCodeableConcept":{"coding":[{"system":"http://snomed.info/sct","code":"465302005","display":"Aangepast toilet"}]}},{"code":{"coding":[{"system":"http://snomed.info/sct","code":"118871000146108","display":"Type of home adaptation"}]},"valueCodeableConcept":{"coding":[{"system":"http://snomed.info/sct","code":"467158009","display":"Badstoel en/of douchestoel"}]}},{"code":{"coding":[{"system":"http://snomed.info/sct","code":"118871000146108","display":"Type of home adaptation"}]},"valueCodeableConcept":{"coding":[{"system":"http://snomed.info/sct","code":"360303004","display":"Wandbeugel"}]}},{"code":{"coding":[{"system":"http://snomed.info/sct","code":"224249004","display":"Characteristics of home environment"}]},"valueCodeableConcept":{"coding":[{"system":"http://snomed.info/sct","code":"715758005","display":"Access to residence by stairs"}]}}]}