{"resourceType":"Observation","id":"nl-core-FunctionalOrMentalStatus-01","meta":{"profile":["http://nictiz.nl/fhir/StructureDefinition/nl-core-FunctionalOrMentalStatus"]},"text":{"status":"extensions","div":"<div xmlns=\"http://www.w3.org/1999/xhtml\"><table><caption>Observatie/bepaling. Subject: Patient, Johanna Petronella Maria (Jo) van Putten-van der Giessen. Categorie: <span title=\"bevinding betreffende functioneren (118228005 - SNOMED CT)\">bevinding betreffende functioneren</span>, Status: definitief</caption><tbody><tr><th>Bepalingdatum/tijd</th><td>23 februari 2015</td></tr><tr><th>Code</th><th>Waarde</th></tr><tr><td><span title=\"kan zich scheren (284888003 - SNOMED CT)\">kan zich scheren</span></td><td><span title=\"moeite met scheren (284892005 - SNOMED CT)\">moeite met scheren</span></td></tr></tbody></table></div>"},"status":"final","category":[{"coding":[{"system":"http://snomed.info/sct","code":"118228005","display":"bevinding betreffende functioneren"}]}],"code":{"coding":[{"system":"http://snomed.info/sct","code":"284888003","display":"kan zich scheren"}]},"subject":{"reference":"Patient/nl-core-Patient-01","type":"Patient","display":"Patient, Johanna Petronella Maria (Jo) van Putten-van der Giessen"},"effectiveDateTime":"2015-02-23","valueCodeableConcept":{"coding":[{"system":"http://snomed.info/sct","code":"284892005","display":"moeite met scheren"}]},"note":[{"text":"Door verminderde fijne motoriek niet mogelijk om het gezicht volledig glad te scheren"}]}