{"resourceType":"Observation","id":"nl-core-BowelFunction.DefecationConsistency-01","meta":{"profile":["http://nictiz.nl/fhir/StructureDefinition/nl-core-BowelFunction.DefecationConsistency"]},"text":{"status":"extensions","div":"<div xmlns=\"http://www.w3.org/1999/xhtml\"><table><caption>Observatie/bepaling. Subject: Patient, Johanna Petronella Maria (Jo) van Putten-van der Giessen. Status: definitief</caption><tbody><tr><th>Code</th><th>Waarde</th></tr><tr><td><span title=\"score op Bristol Stoelgangschaal (443172007 - SNOMED CT)\">score op Bristol Stoelgangschaal</span></td><td><span title=\"Als een worst of slang, glad en zacht (Type 4 - 2.16.840.1.113883.2.4.3.11.60.40.4.3.1)\">Als een worst of slang, glad en zacht</span></td></tr></tbody></table></div>"},"status":"final","code":{"coding":[{"system":"http://snomed.info/sct","code":"443172007","display":"score op Bristol Stoelgangschaal"}]},"subject":{"reference":"Patient/nl-core-Patient-01","type":"Patient","display":"Patient, Johanna Petronella Maria (Jo) van Putten-van der Giessen"},"valueCodeableConcept":{"coding":[{"system":"urn:oid:2.16.840.1.113883.2.4.3.11.60.40.4.3.1","code":"Type 4","display":"Als een worst of slang, glad en zacht"}]}}