{"resourceType":"Condition","id":"nl-core-BowelFunction-01-Condition-01","meta":{"profile":["http://nictiz.nl/fhir/StructureDefinition/nl-core-Stoma"]},"text":{"status":"extensions","div":"<div xmlns=\"http://www.w3.org/1999/xhtml\"><table><caption>Aandoening. Subject: Patient, Johanna Petronella Maria (Jo) van Putten-van der Giessen. Categorie: <span title=\"stoma (245857005 - SNOMED CT)\">stoma</span></caption><tfoot><tr><td colspan=\"2\">Stoma is definitief. Vandaag stoma verzorgd, samen met patiënt. Peristomale huid is licht geïrriteerd.</td></tr></tfoot><tbody><tr><th>Code</th><td><span title=\"dubbelloops colostoma (261072008 - SNOMED CT)\">dubbelloops colostoma</span></td></tr><tr><th>Eerste symptomen</th><td>28 februari 2014</td></tr></tbody></table></div>"},"category":[{"coding":[{"system":"http://snomed.info/sct","code":"245857005","display":"stoma"}]}],"code":{"coding":[{"system":"http://snomed.info/sct","code":"261072008","display":"dubbelloops colostoma"}]},"bodySite":[{"extension":[{"url":"http://nictiz.nl/fhir/StructureDefinition/ext-AnatomicalLocation.Laterality","valueCodeableConcept":{"coding":[{"system":"http://snomed.info/sct","code":"7771000","display":"links"}]}}],"coding":[{"system":"http://snomed.info/sct","code":"80581009","display":"bovenbuik"}]}],"subject":{"reference":"Patient/nl-core-Patient-01","type":"Patient","display":"Patient, Johanna Petronella Maria (Jo) van Putten-van der Giessen"},"onsetDateTime":"2014-02-28","note":[{"text":"Stoma is definitief. Vandaag stoma verzorgd, samen met patiënt. Peristomale huid is licht geïrriteerd."}]}