{"resourceType":"Device","id":"nl-core-BowelFunction-02-Device-01","meta":{"profile":["http://nictiz.nl/fhir/StructureDefinition/nl-core-MedicalDevice.Product"]},"text":{"status":"extensions","div":"<div xmlns=\"http://www.w3.org/1999/xhtml\"><table><caption>Apparaat/Systeem. Patiënt: Patient, Johanna Petronella Maria (Jo) van Putten-van der Giessen. </caption><tfoot><tr><td colspan=\"2\">Elastisch broekje</td></tr></tfoot><tbody><tr><th>Type</th><td><span title=\"incontinentiebroek (1141889003 - SNOMED CT)\">incontinentiebroek</span></td></tr></tbody></table></div>"},"type":{"coding":[{"system":"http://snomed.info/sct","code":"1141889003","display":"incontinentiebroek"}]},"patient":{"reference":"Patient/nl-core-Patient-01","type":"Patient","display":"Patient, Johanna Petronella Maria (Jo) van Putten-van der Giessen"},"note":[{"text":"Elastisch broekje"}]}