{"resourceType":"Observation","id":"nl-core-DevelopmentChild.AgeFirstMenstruation-01","meta":{"profile":["http://nictiz.nl/fhir/StructureDefinition/nl-core-DevelopmentChild.AgeFirstMenstruation"]},"text":{"status":"extensions","div":"<div xmlns=\"http://www.w3.org/1999/xhtml\"><table><caption>Observatie/bepaling. Subject: Patient, Johanna Petronella Maria (Jo) van Putten-van der Giessen. Status: definitief</caption><tbody><tr><th>Bepalingdatum/tijd</th><td>19 december 2016</td></tr><tr><th>Code</th><th>Waarde</th></tr><tr><td><span title=\"leeftijd bij eerste menstruatie (42798-9 - LOINC)\">leeftijd bij eerste menstruatie</span></td><td>16 a</td></tr></tbody></table></div>"},"status":"final","code":{"coding":[{"system":"http://loinc.org","code":"42798-9","display":"leeftijd bij eerste menstruatie"}]},"subject":{"reference":"Patient/nl-core-Patient-01","type":"Patient","display":"Patient, Johanna Petronella Maria (Jo) van Putten-van der Giessen"},"effectiveDateTime":"2016-12-19","valueQuantity":{"value":16,"unit":"a","system":"http://unitsofmeasure.org","code":"a"}}