{"resourceType":"Observation","id":"nl-core-Wound-01-WoundCharacteristics-01","meta":{"profile":["http://nictiz.nl/fhir/StructureDefinition/nl-core-wounds.WoundCharacteristics"]},"text":{"status":"extensions","div":"<div xmlns=\"http://www.w3.org/1999/xhtml\"><table><caption>Observatie/bepaling. Subject: Patient, Johanna Petronella Maria (Jo) van Putten-van der Giessen. Status: definitief</caption><tbody><tr><th>Code</th><th>Waarde</th></tr><tr><td><span title=\"Wound finding (225552003 - SNOMED CT)\">Wound finding</span></td><td /></tr></tbody></table></div>"},"status":"final","code":{"coding":[{"system":"http://snomed.info/sct","code":"225552003","display":"Wound finding"}]},"subject":{"reference":"Patient/nl-core-Patient-01","type":"Patient","display":"Patient, Johanna Petronella Maria (Jo) van Putten-van der Giessen"},"hasMember":[{"reference":"Observation/nl-core-Wound-01-WoundTissue-01","type":"Observation","display":"Wound tissue: Gele wond"},{"reference":"Observation/nl-core-Wound-01-WoundInfection-01","type":"Observation","display":"Wound infection: not infected"},{"reference":"Observation/nl-core-Wound-01-WoundMoisture-01","type":"Observation","display":"Wound moisture: Vochtige wond"},{"reference":"Observation/nl-core-Wound-01-WoundEdge-01","type":"Observation","display":"Wound edge: ondermijning van weefsel van verwonding"},{"reference":"Observation/nl-core-Wound-01-WoundLength-02","type":"Observation","display":"Wound length: 5 cm"},{"reference":"Observation/nl-core-Wound-01-WoundWidth-02","type":"Observation","display":"Wound width: 2.5 cm"},{"reference":"Observation/nl-core-Wound-01-WoundDepth-01","type":"Observation","display":"Wound depth: 1 cm"},{"reference":"Observation/nl-core-Wound-01-DateOfLastDressingChange-02","type":"Observation","display":"Date of last dressing change: 2014-10-18"}]}