{"resourceType":"PractitionerRole","id":"nl-core-CareTeam-01-PractitionerRole-04","meta":{"profile":["http://nictiz.nl/fhir/StructureDefinition/nl-core-HealthProfessional-PractitionerRole"]},"text":{"status":"extensions","div":"<div xmlns=\"http://www.w3.org/1999/xhtml\"><table><caption>Zorgverlenerrol. </caption><tbody><tr><th>Zorgverlener</th><td><div>Healthcare professional (person), A. Schele</div></td></tr><tr><th>Specialisme</th><td><span title=\"Medisch specialisten, inwendige geneeskunde (0313 - AGB-medisch specialisme)\">Medisch specialisten, inwendige geneeskunde</span></td></tr></tbody></table></div>"},"practitioner":{"reference":"Practitioner/nl-core-CareTeam-01-Practitioner-04","type":"Practitioner","display":"Healthcare professional (person), A. Schele"},"specialty":[{"coding":[{"system":"urn:oid:2.16.840.1.113883.2.4.6.7","version":"2020-10-23T00:00:00","code":"0313","display":"Medisch specialisten, inwendige geneeskunde"}]}]}