{"resourceType":"Practitioner","id":"nl-core-CareTeam-01-Practitioner-01","meta":{"profile":["http://nictiz.nl/fhir/StructureDefinition/nl-core-HealthProfessional-Practitioner"]},"text":{"status":"extensions","div":"<div xmlns=\"http://www.w3.org/1999/xhtml\"><div>W. Klaasen</div></div>"},"name":[{"use":"official","text":"W. Klaasen","family":"Klaasen","_family":{"extension":[{"url":"http://hl7.org/fhir/StructureDefinition/humanname-own-name","valueString":"Klaasen"}]},"given":["W."],"_given":[{"extension":[{"url":"http://hl7.org/fhir/StructureDefinition/iso21090-EN-qualifier","valueCode":"IN"}]}],"prefix":["Drs."]}]}