{"resourceType":"Observation","id":"nl-core-Wound-01-WoundWidth-02","meta":{"profile":["http://nictiz.nl/fhir/StructureDefinition/nl-core-wounds.WoundWidth"]},"text":{"status":"extensions","div":"<div xmlns=\"http://www.w3.org/1999/xhtml\"><table><caption>Observatie/bepaling. Subject: Patient, Johanna Petronella Maria (Jo) van Putten-van der Giessen. Status: definitief</caption><tbody><tr><th>Code</th><th>Waarde</th></tr><tr><td><span title=\"Width of Wound (39125-0 - LOINC)\">Width of Wound</span></td><td>2.5 cm</td></tr></tbody></table></div>"},"status":"final","code":{"coding":[{"system":"http://loinc.org","code":"39125-0","display":"Width of Wound"}]},"subject":{"reference":"Patient/nl-core-Patient-01","type":"Patient","display":"Patient, Johanna Petronella Maria (Jo) van Putten-van der Giessen"},"valueQuantity":{"value":2.5,"unit":"cm","system":"http://unitsofmeasure.org","code":"cm"}}