{"resourceType":"Patient","id":"nl-core-NameInformation-initials","meta":{"profile":["http://nictiz.nl/fhir/StructureDefinition/nl-core-Patient"]},"text":{"status":"extensions","div":"<div xmlns=\"http://www.w3.org/1999/xhtml\"><div>H.J.W. Schemer</div></div>"},"name":[{"use":"official","text":"H.J.W. Schemer","family":"Schemer","_family":{"extension":[{"url":"http://hl7.org/fhir/StructureDefinition/humanname-own-name","valueString":"Schemer"}]},"given":["H.","J.","W."],"_given":[{"extension":[{"url":"http://hl7.org/fhir/StructureDefinition/iso21090-EN-qualifier","valueCode":"IN"}]},{"extension":[{"url":"http://hl7.org/fhir/StructureDefinition/iso21090-EN-qualifier","valueCode":"IN"}]},{"extension":[{"url":"http://hl7.org/fhir/StructureDefinition/iso21090-EN-qualifier","valueCode":"IN"}]}]},{"use":"usual","given":["Henk"]}]}