{"resourceType":"RelatedPerson","id":"nl-core-ContactPerson-01","meta":{"profile":["http://nictiz.nl/fhir/StructureDefinition/nl-core-ContactPerson"]},"text":{"status":"extensions","div":"<div xmlns=\"http://www.w3.org/1999/xhtml\"><div>J.P.M. van Putten-van der Giessen</div><div><a href=\"tel:+31611234567\">+31611234567</a> (Tel), <a href=\"mailto:giesput@myweb.nl\">giesput@myweb.nl</a> (E-mail Werk)</div><div>1e Jacob van Campenstr 15, 1012 NX Hoogmade Kaag en Braassem, Nederland (Privé Post / Bezoek)</div><div><span title=\"Eerste relatie/contactpersoon (01 - RoleCodeLijst (COD472-VEKT))\">Eerste relatie/contactpersoon</span>, <span title=\"Hulpverlener (07 - RoleCodeLijst (COD472-VEKT))\">Hulpverlener</span> van Patient, Johanna Petronella Maria (Jo) van Putten-van der Giessen</div></div>"},"patient":{"reference":"Patient/nl-core-Patient-01","type":"Patient","display":"Patient, Johanna Petronella Maria (Jo) van Putten-van der Giessen"},"relationship":[{"coding":[{"system":"urn:oid:2.16.840.1.113883.2.4.3.11.22.472","code":"01","display":"Eerste relatie/contactpersoon"}]},{"coding":[{"system":"urn:oid:2.16.840.1.113883.2.4.3.11.22.472","code":"07","display":"Hulpverlener"}]}],"name":[{"use":"official","text":"J.P.M. van Putten-van der Giessen","family":"van Putten-van der Giessen","_family":{"extension":[{"url":"http://hl7.org/fhir/StructureDefinition/humanname-own-prefix","valueString":"van"},{"url":"http://hl7.org/fhir/StructureDefinition/humanname-own-name","valueString":"Putten"},{"url":"http://hl7.org/fhir/StructureDefinition/humanname-partner-prefix","valueString":"van der"},{"url":"http://hl7.org/fhir/StructureDefinition/humanname-partner-name","valueString":"Giessen"}]},"given":["J.","P.","M."],"_given":[{"extension":[{"url":"http://hl7.org/fhir/StructureDefinition/iso21090-EN-qualifier","valueCode":"IN"}]},{"extension":[{"url":"http://hl7.org/fhir/StructureDefinition/iso21090-EN-qualifier","valueCode":"IN"}]},{"extension":[{"url":"http://hl7.org/fhir/StructureDefinition/iso21090-EN-qualifier","valueCode":"IN"}]}]}],"telecom":[{"system":"phone","_system":{"extension":[{"url":"http://nictiz.nl/fhir/StructureDefinition/ext-CodeSpecification","valueCodeableConcept":{"coding":[{"system":"http://terminology.hl7.org/CodeSystem/v3-AddressUse","code":"MC","display":"Mobile Phone"}]}}]},"value":"+31611234567"},{"system":"email","value":"giesput@myweb.nl","use":"work"}],"address":[{"extension":[{"url":"http://nictiz.nl/fhir/StructureDefinition/ext-AddressInformation.AddressType","valueCodeableConcept":{"coding":[{"system":"http://terminology.hl7.org/CodeSystem/v3-AddressUse","code":"HP","display":"Primary Home"}]}}],"use":"home","type":"both","line":["1e Jacob van Campenstr 15"],"_line":[{"extension":[{"url":"http://hl7.org/fhir/StructureDefinition/iso21090-ADXP-streetName","valueString":"1e Jacob van Campenstr"},{"url":"http://hl7.org/fhir/StructureDefinition/iso21090-ADXP-houseNumber","valueString":"15"}]}],"city":"Hoogmade","district":"Kaag en Braassem","postalCode":"1012 NX","country":"Nederland","_country":{"extension":[{"url":"http://nictiz.nl/fhir/StructureDefinition/ext-CodeSpecification","valueCodeableConcept":{"coding":[{"system":"urn:oid:2.16.840.1.113883.2.4.4.16.34","version":"2020-04-01T00:00:00","code":"6030","display":"Nederland"}]}}]}}]}