{"resourceType":"Organization","id":"nl-core-Payer-Organization-02","meta":{"profile":["http://nictiz.nl/fhir/StructureDefinition/nl-core-Payer-Organization"]},"text":{"status":"extensions","div":"<div xmlns=\"http://www.w3.org/1999/xhtml\"><table><caption>Organisatie. Id: 3332 (UZOVI)</caption><tbody><tr><th>Naam</th><td>Menzis Zorgverzekeraar N.V.</td></tr><tr><th>Contactgegevens</th><td><a href=\"tel:+311725233111\">+311725233111</a> (Tel Werk)</td></tr><tr><th>Adres</th><td>De Ruyterlaan 25, 7511 JH Enschede Enschede (Werk)</td></tr></tbody></table></div>"},"identifier":[{"system":"http://fhir.nl/fhir/NamingSystem/uzovi","value":"3332"}],"name":"Menzis Zorgverzekeraar N.V.","telecom":[{"system":"phone","value":"+311725233111","use":"work"}],"address":[{"extension":[{"url":"http://nictiz.nl/fhir/StructureDefinition/ext-AddressInformation.AddressType","valueCodeableConcept":{"coding":[{"system":"http://terminology.hl7.org/CodeSystem/v3-AddressUse","code":"WP"}]}}],"use":"work","line":["De Ruyterlaan 25"],"_line":[{"extension":[{"url":"http://hl7.org/fhir/StructureDefinition/iso21090-ADXP-streetName","valueString":"De Ruyterlaan"},{"url":"http://hl7.org/fhir/StructureDefinition/iso21090-ADXP-houseNumber","valueString":"25"}]}],"city":"Enschede","district":"Enschede","postalCode":"7511 JH"}]}