{"resourceType":"Observation","id":"nl-core-Mobility-01","meta":{"profile":["http://nictiz.nl/fhir/StructureDefinition/nl-core-Mobility"]},"text":{"status":"extensions","div":"<div xmlns=\"http://www.w3.org/1999/xhtml\"><table><caption>Observatie/bepaling. Subject: Patient, Johanna Petronella Maria (Jo) van Putten-van der Giessen. Status: definitief</caption><tbody><tr><th>Code</th><th>Waarde</th></tr><tr><td><span title=\"vermogen tot mobiliteit (301438001 - SNOMED CT)\">vermogen tot mobiliteit</span></td><td /></tr><tr><td><span title=\"loopvermogen (282097004 - SNOMED CT)\">loopvermogen</span></td><td><span title=\"Needs help with walking (16581000146103 - SNOMED CT)\">Needs help with walking</span></td></tr><tr><td><span title=\"vermogen tot traplopen (301587001 - SNOMED CT)\">vermogen tot traplopen</span></td><td><span title=\"Niet in staat trap te lopen (301589003 - SNOMED CT)\">Niet in staat trap te lopen</span></td></tr><tr><td><span title=\"vermogen om van houding te veranderen (282869009 - SNOMED CT)\">vermogen om van houding te veranderen</span></td><td><span title=\"Independently able to change position (19821000146105 - SNOMED CT)\">Independently able to change position</span></td></tr><tr><td><span title=\"vermogen om positie aan te houden (249868004 - SNOMED CT)\">vermogen om positie aan te houden</span></td><td><span title=\"Independently able to maintain position (19811000146100 - SNOMED CT)\">Independently able to maintain position</span></td></tr><tr><td><span title=\"vermogen om te verplaatsen (364666007 - SNOMED CT)\">vermogen om te verplaatsen</span></td><td><span title=\"Able to transfer location with assistance (719024002 - SNOMED CT)\">Able to transfer location with assistance</span></td></tr></tbody></table></div>"},"status":"final","code":{"coding":[{"system":"http://snomed.info/sct","code":"301438001","display":"vermogen tot mobiliteit"}]},"subject":{"reference":"Patient/nl-core-Patient-01","type":"Patient","display":"Patient, Johanna Petronella Maria (Jo) van Putten-van der Giessen"},"note":[{"text":"Rollator is eigen bezit."}],"component":[{"code":{"coding":[{"system":"http://snomed.info/sct","code":"282097004","display":"loopvermogen"}]},"valueCodeableConcept":{"coding":[{"system":"http://snomed.info/sct","code":"16581000146103","display":"Needs help with walking"}]}},{"code":{"coding":[{"system":"http://snomed.info/sct","code":"301587001","display":"vermogen tot traplopen"}]},"valueCodeableConcept":{"coding":[{"system":"http://snomed.info/sct","code":"301589003","display":"Niet in staat trap te lopen"}]}},{"code":{"coding":[{"system":"http://snomed.info/sct","code":"282869009","display":"vermogen om van houding te veranderen"}]},"valueCodeableConcept":{"coding":[{"system":"http://snomed.info/sct","code":"19821000146105","display":"Independently able to change position"}]}},{"code":{"coding":[{"system":"http://snomed.info/sct","code":"249868004","display":"vermogen om positie aan te houden"}]},"valueCodeableConcept":{"coding":[{"system":"http://snomed.info/sct","code":"19811000146100","display":"Independently able to maintain position"}]}},{"code":{"coding":[{"system":"http://snomed.info/sct","code":"364666007","display":"vermogen om te verplaatsen"}]},"valueCodeableConcept":{"coding":[{"system":"http://snomed.info/sct","code":"719024002","display":"Able to transfer location with assistance"}]}}]}