{"resourceType":"DeviceUseStatement","id":"nl-core-HearingFunction.HearingAid-01","meta":{"profile":["http://nictiz.nl/fhir/StructureDefinition/nl-core-HearingFunction.HearingAid"]},"text":{"status":"extensions","div":"<div xmlns=\"http://www.w3.org/1999/xhtml\"><table><caption>Beschrijving apparaatgebruik. Subject: Patient, Johanna Petronella Maria (Jo) van Putten-van der Giessen. Status: actief</caption><tbody><tr><th>Apparaat/Systeem</th><td>Gehoorapparaat</td></tr><tr><th>Deel van lichaam</th><td><span title=\"Structuur van linker oor (89644007 - SNOMED CT)\">Structuur van linker oor</span></td></tr></tbody></table></div>"},"status":"active","subject":{"reference":"Patient/nl-core-Patient-01","type":"Patient","display":"Patient, Johanna Petronella Maria (Jo) van Putten-van der Giessen"},"device":{"reference":"Device/nl-core-HearingFunction.HearingAid.Product-01","type":"Device","display":"Gehoorapparaat"},"reasonReference":[{"reference":"Observation/nl-core-HearingFunction-01","type":"Observation","display":"Hearing function observation, Gehoorverlies"}],"bodySite":{"coding":[{"system":"http://snomed.info/sct","code":"89644007","display":"Structuur van linker oor"}]}}