{"resourceType":"Condition","id":"nl-core-Alert-01-Condition-01","meta":{"profile":["http://nictiz.nl/fhir/StructureDefinition/nl-core-Problem"]},"text":{"status":"extensions","div":"<div xmlns=\"http://www.w3.org/1999/xhtml\"><table><caption>Aandoening. Subject: Patient, Johanna Petronella Maria (Jo) van Putten-van der Giessen. Categorie: <span title=\"Klinische bevinding (404684003 - SNOMED CT)\">Klinische bevinding</span>, Status: <span title=\"Active (active - http://terminology.hl7.org/CodeSystem/condition-clinical)\">Active</span> / <span title=\"Confirmed (confirmed - http://terminology.hl7.org/CodeSystem/condition-ver-status)\">Confirmed</span></caption><tbody><tr><th>Code</th><td><span title=\"zwangerschap (77386006 - SNOMED CT)\">zwangerschap</span></td></tr><tr><th>Eerste symptomen</th><td>15 september 2012</td></tr></tbody></table></div>"},"clinicalStatus":{"coding":[{"system":"http://terminology.hl7.org/CodeSystem/condition-clinical","code":"active","display":"Active"}]},"verificationStatus":{"coding":[{"system":"http://terminology.hl7.org/CodeSystem/condition-ver-status","code":"confirmed","display":"Confirmed"},{"system":"http://snomed.info/sct","code":"410605003","display":"Aanwezigheid bevestigd"}]},"category":[{"coding":[{"system":"http://snomed.info/sct","code":"404684003","display":"Klinische bevinding"}]}],"code":{"extension":[{"url":"http://nictiz.nl/fhir/StructureDefinition/ext-Problem.FurtherSpecificationProblemName","valueString":"tweeling"}],"coding":[{"system":"http://snomed.info/sct","code":"77386006","display":"zwangerschap"}]},"subject":{"reference":"Patient/nl-core-Patient-01","type":"Patient","display":"Patient, Johanna Petronella Maria (Jo) van Putten-van der Giessen"},"onsetDateTime":"2012-09-15"}