{"resourceType":"NutritionOrder","id":"nl-core-FeedingPatternInfant-01-NutritionOrder-01","meta":{"profile":["http://nictiz.nl/fhir/StructureDefinition/nl-core-NutritionAdvice"]},"text":{"status":"extensions","div":"<div xmlns=\"http://www.w3.org/1999/xhtml\"><table><caption>Voedingsadvies. Patiënt: Patient, Johanna Petronella Maria (Jo) van Putten-van der Giessen. Status: actief<span style=\"display: block;\">Intentie: aanvraag</span></caption><tbody><tr><th>Aanvraagdatum</th><td>14:38:16, 23 juni 2023</td></tr><tr><td colspan=\"2\"><table><caption>Orale voeding</caption><thead><tr><th>Type</th><th>Texture</th></tr></thead><tbody><tr><td>Energieverrijkt</td><td>Vloeibaar</td></tr></tbody></table></td></tr></tbody></table></div>"},"status":"active","intent":"order","patient":{"reference":"Patient/nl-core-Patient-01","type":"Patient","display":"Patient, Johanna Petronella Maria (Jo) van Putten-van der Giessen"},"dateTime":"2023-06-23T14:38:16.625919+02:00","oralDiet":{"type":[{"text":"Energieverrijkt"}],"texture":[{"modifier":{"text":"Vloeibaar"}}]}}