{"resourceType":"Organization","id":"nl-core-Payer-Organization-01","meta":{"profile":["http://nictiz.nl/fhir/StructureDefinition/nl-core-Payer-Organization"]},"text":{"status":"extensions","div":"<div xmlns=\"http://www.w3.org/1999/xhtml\"><table><caption>Organisatie. </caption><tbody><tr><th>Naam</th><td>Stichting Het Goede Doel</td></tr><tr><th>Contactgegevens</th><td><a href=\"tel:+311725233111\">+311725233111</a> (Tel Werk)</td></tr><tr><th>Adres</th><td>1e Jacob van Campenstr 15, 1012 NX Hoogmade Kaag en Braassem (Werk)</td></tr></tbody></table></div>"},"name":"Stichting Het Goede Doel","telecom":[{"system":"phone","value":"+311725233111","use":"work"}],"address":[{"extension":[{"url":"http://nictiz.nl/fhir/StructureDefinition/ext-AddressInformation.AddressType","valueCodeableConcept":{"coding":[{"system":"http://terminology.hl7.org/CodeSystem/v3-AddressUse","code":"WP"}]}}],"use":"work","line":["1e Jacob van Campenstr 15"],"_line":[{"extension":[{"url":"http://hl7.org/fhir/StructureDefinition/iso21090-ADXP-streetName","valueString":"1e Jacob van Campenstr"},{"url":"http://hl7.org/fhir/StructureDefinition/iso21090-ADXP-houseNumber","valueString":"15"}]}],"city":"Hoogmade","district":"Kaag en Braassem","postalCode":"1012 NX"}]}