{"resourceType":"Observation","id":"nl-core-Pregnancy.DateLastMenstruation-01","meta":{"profile":["http://nictiz.nl/fhir/StructureDefinition/nl-core-Pregnancy.DateLastMenstruation"]},"text":{"status":"extensions","div":"<div xmlns=\"http://www.w3.org/1999/xhtml\"><table><caption>Observatie/bepaling. Subject: Patient, Johanna Petronella Maria (Jo) van Putten-van der Giessen. Status: definitief</caption><tbody><tr><th>Code</th><th>Waarde</th></tr><tr><td><span title=\"datum van laatste menstruatie (21840007 - SNOMED CT)\">datum van laatste menstruatie</span></td><td>1 juli 2014</td></tr></tbody></table></div>"},"status":"final","code":{"coding":[{"system":"http://snomed.info/sct","code":"21840007","display":"datum van laatste menstruatie"}]},"subject":{"reference":"Patient/nl-core-Patient-01","type":"Patient","display":"Patient, Johanna Petronella Maria (Jo) van Putten-van der Giessen"},"focus":[{"reference":"Condition/nl-core-Pregnancy-01","type":"Condition","display":"Pregnancy"}],"valueDateTime":"2014-07-01"}