{"resourceType":"Observation","id":"nl-core-SOAPReport.SOAPLine-02","meta":{"profile":["http://nictiz.nl/fhir/StructureDefinition/nl-core-SOAPReport.SOAPLine"]},"text":{"status":"extensions","div":"<div xmlns=\"http://www.w3.org/1999/xhtml\"><table><caption>Observatie/bepaling. Status: definitief</caption><tbody><tr><th>Code</th><th>Waarde</th></tr><tr><td><span title=\"Objective (260224007 - SNOMED CT)\">Objective</span></td><td>Keelinspectie geen bijzonderheden, pulmonaal vesiculair ademgeruis (VAG)</td></tr></tbody></table></div>"},"status":"final","code":{"coding":[{"system":"http://snomed.info/sct","code":"260224007","display":"Objective"}]},"valueString":"Keelinspectie geen bijzonderheden, pulmonaal vesiculair ademgeruis (VAG)"}