{"resourceType":"Practitioner","id":"nl-core-CareTeam-01-Practitioner-02","meta":{"profile":["http://nictiz.nl/fhir/StructureDefinition/nl-core-HealthProfessional-Practitioner"]},"text":{"status":"extensions","div":"<div xmlns=\"http://www.w3.org/1999/xhtml\"><div>S. Curie</div></div>"},"name":[{"use":"official","text":"S. Curie","family":"Curie","_family":{"extension":[{"url":"http://hl7.org/fhir/StructureDefinition/humanname-own-name","valueString":"Curie"}]},"given":["S."],"_given":[{"extension":[{"url":"http://hl7.org/fhir/StructureDefinition/iso21090-EN-qualifier","valueCode":"IN"}]}],"prefix":["Dr."]}]}