{"resourceType":"Condition","id":"nl-core-Stoma-01","meta":{"profile":["http://nictiz.nl/fhir/StructureDefinition/nl-core-Stoma"]},"text":{"status":"extensions","div":"<div xmlns=\"http://www.w3.org/1999/xhtml\"><table><caption>Aandoening. Subject: Patient, Johanna Petronella Maria (Jo) van Putten-van der Giessen. Categorie: <span title=\"stoma (245857005 - SNOMED CT)\">stoma</span></caption><tfoot><tr><td colspan=\"2\">Patiënt heeft veel last van dit type stoma.</td></tr></tfoot><tbody><tr><th>Code</th><td><span title=\"eindstandig colostoma (261030007 - SNOMED CT)\">eindstandig colostoma</span></td></tr><tr><th>Eerste symptomen</th><td>2014</td></tr></tbody></table></div>"},"category":[{"coding":[{"system":"http://snomed.info/sct","code":"245857005","display":"stoma"}]}],"code":{"coding":[{"system":"http://snomed.info/sct","code":"261030007","display":"eindstandig colostoma"}]},"bodySite":[{"extension":[{"url":"http://nictiz.nl/fhir/StructureDefinition/ext-AnatomicalLocation.Laterality","valueCodeableConcept":{"coding":[{"system":"http://snomed.info/sct","code":"24028007","display":"rechts"}]}}],"coding":[{"system":"http://snomed.info/sct","code":"27033000","display":"onderbuik"}]}],"subject":{"reference":"Patient/nl-core-Patient-01","type":"Patient","display":"Patient, Johanna Petronella Maria (Jo) van Putten-van der Giessen"},"onsetDateTime":"2014","note":[{"text":"Patiënt heeft veel last van dit type stoma."}]}