{"resourceType":"Observation","id":"nl-core-DevelopmentChild.DevelopmentLinguistics-01","meta":{"profile":["http://nictiz.nl/fhir/StructureDefinition/nl-core-DevelopmentChild.DevelopmentLinguistics"]},"text":{"status":"extensions","div":"<div xmlns=\"http://www.w3.org/1999/xhtml\"><table><caption>Observatie/bepaling. Subject: Patient, Johanna Petronella Maria (Jo) van Putten-van der Giessen. Status: definitief</caption><tbody><tr><th>Bepalingdatum/tijd</th><td>19 december 2016</td></tr><tr><th>Code</th><th>Waarde</th></tr><tr><td><span title=\"taalfunctie (61909002 - SNOMED CT)\">taalfunctie</span></td><td><span title=\"in staat om korte dagelijks gebruikte zinnen te begrijpen (26261000146103 - SNOMED CT)\">in staat om korte dagelijks gebruikte zinnen te begrijpen</span></td></tr></tbody></table></div>"},"status":"final","code":{"coding":[{"system":"http://snomed.info/sct","code":"61909002","display":"taalfunctie"}]},"subject":{"reference":"Patient/nl-core-Patient-01","type":"Patient","display":"Patient, Johanna Petronella Maria (Jo) van Putten-van der Giessen"},"effectiveDateTime":"2016-12-19","valueCodeableConcept":{"coding":[{"system":"http://snomed.info/sct","code":"26261000146103","display":"in staat om korte dagelijks gebruikte zinnen te begrijpen"}]}}