{"resourceType":"Observation","id":"nl-core-AlcoholUse-02","meta":{"profile":["http://nictiz.nl/fhir/StructureDefinition/nl-core-AlcoholUse"]},"text":{"status":"extensions","div":"<div xmlns=\"http://www.w3.org/1999/xhtml\"><table><caption>Observatie/bepaling. Subject: Patient, Johanna Petronella Maria (Jo) van Putten-van der Giessen. Status: definitief</caption><tbody><tr><th>Bepalingdatum/tijd</th><td>Vanaf 1 januari 1995</td></tr><tr><th>Code</th><th>Waarde</th></tr><tr><td><span title=\"bevinding betreffende alcoholgebruik (228273003 - SNOMED CT)\">bevinding betreffende alcoholgebruik</span></td><td><span title=\"Drinkt alcohol (219006 - SNOMED CT)\">Drinkt alcohol</span></td></tr><tr><td><span title=\"inname van alcoholische drank (897148007 - SNOMED CT)\">inname van alcoholische drank</span></td><td>3 eenheden per dag</td></tr></tbody></table></div>"},"status":"final","code":{"coding":[{"system":"http://snomed.info/sct","code":"228273003","display":"bevinding betreffende alcoholgebruik"}]},"subject":{"reference":"Patient/nl-core-Patient-01","type":"Patient","display":"Patient, Johanna Petronella Maria (Jo) van Putten-van der Giessen"},"effectivePeriod":{"start":"1995-01-01"},"valueCodeableConcept":{"coding":[{"system":"http://snomed.info/sct","code":"219006","display":"Drinkt alcohol"}]},"component":[{"code":{"coding":[{"system":"http://snomed.info/sct","code":"897148007","display":"inname van alcoholische drank"}]},"valueQuantity":{"value":3,"unit":"eenheden per dag","system":"http://unitsofmeasure.org","code":"{eenheden per dag}"}}]}