{"resourceType":"Observation","id":"nl-core-LaboratoryTestResult-01","meta":{"profile":["http://nictiz.nl/fhir/StructureDefinition/nl-core-LaboratoryTestResult"]},"text":{"status":"extensions","div":"<div xmlns=\"http://www.w3.org/1999/xhtml\"><table><caption>Observatie/bepaling. Subject: Patient, Johanna Petronella Maria (Jo) van Putten-van der Giessen. Categorie: <span title=\"Laboratory (laboratory - http://terminology.hl7.org/CodeSystem/observation-category)\">Laboratory</span>, <span title=\"Serumtest (275711006 - SNOMED CT)\">Serumtest</span>, Status: definitief</caption><tbody><tr><th>Bepalingdatum/tijd</th><td colspan=\"2\">13:15:00, 12 juni 2021</td></tr><tr><th>Specimen</th><td colspan=\"2\">monster</td></tr><tr><th>Code</th><th>Waarde</th><th>Referentiewaarden</th></tr><tr><td><span title=\"Sodium [Moles/volume] in Blood (2947-0 - LOINC)\">Sodium [Moles/volume] in Blood</span></td><td>138 mmol/l</td><td><div>136 mmol/l - 146 mmol/l</div></td></tr></tbody></table></div>"},"status":"final","category":[{"coding":[{"system":"http://terminology.hl7.org/CodeSystem/observation-category","code":"laboratory","display":"Laboratory"}]},{"coding":[{"system":"http://snomed.info/sct","code":"275711006","display":"Serumtest"}]}],"code":{"coding":[{"system":"http://loinc.org","code":"2947-0","display":"Sodium [Moles/volume] in Blood"}]},"subject":{"reference":"Patient/nl-core-Patient-01","type":"Patient","display":"Patient, Johanna Petronella Maria (Jo) van Putten-van der Giessen"},"effectiveDateTime":"2021-06-12T13:15:00+02:00","valueQuantity":{"value":138,"unit":"mmol/l","system":"http://unitsofmeasure.org","code":"mmol/l"},"specimen":{"reference":"Specimen/nl-core-LaboratoryTestResult.Specimen-01","type":"Specimen","display":"monster"},"referenceRange":[{"low":{"value":136,"unit":"mmol/l","system":"http://unitsofmeasure.org","code":"mmol/l"},"high":{"value":146,"unit":"mmol/l","system":"http://unitsofmeasure.org","code":"mmol/l"}}]}