{"resourceType":"Observation","id":"nl-core-HeadCircumference-01","meta":{"profile":["http://nictiz.nl/fhir/StructureDefinition/nl-core-HeadCircumference"]},"text":{"status":"extensions","div":"<div xmlns=\"http://www.w3.org/1999/xhtml\"><table><caption>Observatie/bepaling. Subject: Patient, Johanna Petronella Maria (Jo) van Putten-van der Giessen. Categorie: <span title=\"Vital Signs (vital-signs - http://terminology.hl7.org/CodeSystem/observation-category)\">Vital Signs</span>, Status: definitief</caption><tbody><tr><th>Bepalingdatum/tijd</th><td>22 juni 2021</td></tr><tr><th>Methode</th><td><span title=\"Ultrasound measurement of skull circumference (31561000146107 - SNOMED CT)\">Ultrasound measurement of skull circumference</span></td></tr><tr><th>Code</th><th>Waarde</th></tr><tr><td><span title=\"Head Occipital-frontal circumference (9843-4 - LOINC)\">Head Occipital-frontal circumference</span></td><td>41 cm</td></tr></tbody></table></div>"},"status":"final","category":[{"coding":[{"system":"http://terminology.hl7.org/CodeSystem/observation-category","code":"vital-signs","display":"Vital Signs"}]}],"code":{"coding":[{"system":"http://loinc.org","code":"9843-4","display":"Head Occipital-frontal circumference"}]},"subject":{"reference":"Patient/nl-core-Patient-01","type":"Patient","display":"Patient, Johanna Petronella Maria (Jo) van Putten-van der Giessen"},"effectiveDateTime":"2021-06-22","valueQuantity":{"value":41,"unit":"cm","system":"http://unitsofmeasure.org","code":"cm"},"note":[{"text":"Gemeten bij 3 maanden"}],"method":{"coding":[{"system":"http://snomed.info/sct","code":"31561000146107","display":"Ultrasound measurement of skull circumference"}]}}