{"resourceType":"Observation","id":"nl-core-BowelFunction.FecalContinence-01","meta":{"profile":["http://nictiz.nl/fhir/StructureDefinition/nl-core-BowelFunction.FecalContinence"]},"text":{"status":"extensions","div":"<div xmlns=\"http://www.w3.org/1999/xhtml\"><table><caption>Observatie/bepaling. Subject: Patient, Johanna Petronella Maria (Jo) van Putten-van der Giessen. Status: definitief</caption><tbody><tr><th>Code</th><th>Waarde</th></tr><tr><td><span title=\"darmcontrole (129008009 - SNOMED CT)\">darmcontrole</span></td><td><span title=\"incidenteel ontlastingsverlies (165230005 - SNOMED CT)\">incidenteel ontlastingsverlies</span></td></tr></tbody></table></div>"},"status":"final","code":{"coding":[{"system":"http://snomed.info/sct","code":"129008009","display":"darmcontrole"}]},"subject":{"reference":"Patient/nl-core-Patient-01","type":"Patient","display":"Patient, Johanna Petronella Maria (Jo) van Putten-van der Giessen"},"valueCodeableConcept":{"coding":[{"system":"http://snomed.info/sct","code":"165230005","display":"incidenteel ontlastingsverlies"}]}}