{"resourceType":"Observation","id":"nl-core-Wound-01-WoundEdge-01","meta":{"profile":["http://nictiz.nl/fhir/StructureDefinition/nl-core-Wound.WoundEdge"]},"text":{"status":"extensions","div":"<div xmlns=\"http://www.w3.org/1999/xhtml\"><table><caption>Observatie/bepaling. Subject: Patient, Johanna Petronella Maria (Jo) van Putten-van der Giessen. Status: definitief</caption><tbody><tr><th>Code</th><th>Waarde</th></tr><tr><td><span title=\"bevinding betreffende rand van wond (449747006 - SNOMED CT)\">bevinding betreffende rand van wond</span></td><td><span title=\"ondermijning van weefsel van verwonding (449752001 - SNOMED CT)\">ondermijning van weefsel van verwonding</span></td></tr></tbody></table></div>"},"status":"final","code":{"coding":[{"system":"http://snomed.info/sct","code":"449747006","display":"bevinding betreffende rand van wond"}]},"subject":{"reference":"Patient/nl-core-Patient-01","type":"Patient","display":"Patient, Johanna Petronella Maria (Jo) van Putten-van der Giessen"},"valueCodeableConcept":{"coding":[{"system":"http://snomed.info/sct","code":"449752001","display":"ondermijning van weefsel van verwonding"}]}}