{"resourceType":"Condition","id":"nl-core-FreedomRestrictingIntervention-01-Condition-01","meta":{"profile":["http://nictiz.nl/fhir/StructureDefinition/nl-core-LegalSituation-Representation"]},"text":{"status":"extensions","div":"<div xmlns=\"http://www.w3.org/1999/xhtml\"><table><caption>Aandoening. Subject: Patient, Johanna Petronella Maria (Jo) van Putten-van der Giessen. Categorie: <span title=\"type voogd (151701000146105 - SNOMED CT)\">type voogd</span></caption><tbody><tr><th>Code</th><td><span title=\"Voogdij (6 - 2.16.840.1.113883.2.4.3.11.60.40.4.23.3)\">Voogdij</span></td></tr></tbody></table></div>"},"category":[{"coding":[{"system":"http://snomed.info/sct","code":"151701000146105","display":"type voogd"}]}],"code":{"coding":[{"system":"urn:oid:2.16.840.1.113883.2.4.3.11.60.40.4.23.3","code":"6","display":"Voogdij"}]},"subject":{"reference":"Patient/nl-core-Patient-01","type":"Patient","display":"Patient, Johanna Petronella Maria (Jo) van Putten-van der Giessen"}}