{"resourceType":"Medication","id":"nl-core-Vaccination-03-PharmaceuticalProduct-01","meta":{"profile":["http://nictiz.nl/fhir/StructureDefinition/nl-core-PharmaceuticalProduct"]},"text":{"status":"extensions","div":"<div xmlns=\"http://www.w3.org/1999/xhtml\"><table><tbody><tr><th>Code</th><td><span title=\"HEPATITIS A, GEINACTIVEERD, INTACT VIRUS (J07BC02 - http://www.whocc.no/atc)\">HEPATITIS A, GEINACTIVEERD, INTACT VIRUS</span></td><th>Form</th><td><span title=\"SUSPENSIE VOOR INJECTIE (21 - G-Standaard tabel 902 thesaurus 0006)\">SUSPENSIE VOOR INJECTIE</span></td></tr></tbody></table></div>"},"extension":[{"url":"http://nictiz.nl/fhir/StructureDefinition/ext-PharmaceuticalProduct.Description","valueString":"HEPATITIS A, GEINACTIVEERD, INTACT VIRUS"}],"code":{"coding":[{"system":"http://www.whocc.no/atc","code":"J07BC02","display":"HEPATITIS A, GEINACTIVEERD, INTACT VIRUS"}]},"form":{"coding":[{"system":"urn:oid:2.16.840.1.113883.2.4.4.11","code":"21","display":"SUSPENSIE VOOR INJECTIE"}]},"batch":{"lotNumber":"AW1898"}}