{"resourceType":"DeviceUseStatement","id":"nl-core-Mobility-01-DeviceUseStatement-01","meta":{"profile":["http://nictiz.nl/fhir/StructureDefinition/nl-core-MedicalDevice"]},"text":{"status":"extensions","div":"<div xmlns=\"http://www.w3.org/1999/xhtml\"><table><caption>Beschrijving apparaatgebruik. Subject: Patient, Johanna Petronella Maria (Jo) van Putten-van der Giessen. Status: actief</caption><tbody><tr><th>Apparaat/Systeem</th><td>Device/nl-core-Mobility-01-Device-01</td></tr></tbody></table></div>"},"status":"active","subject":{"reference":"Patient/nl-core-Patient-01","type":"Patient","display":"Patient, Johanna Petronella Maria (Jo) van Putten-van der Giessen"},"device":{"reference":"Device/nl-core-Mobility-01-Device-01","type":"Device"},"reasonReference":[{"reference":"Observation/nl-core-Mobility-01","type":"Observation","display":"Mobility observation, Rollator is eigen bezit."}]}