{"resourceType":"Observation","id":"nl-core-AbilityToEat.EatingLimitations-02","meta":{"profile":["http://nictiz.nl/fhir/StructureDefinition/nl-core-AbilityToEat.EatingLimitations"]},"text":{"status":"extensions","div":"<div xmlns=\"http://www.w3.org/1999/xhtml\"><table><caption>Observatie/bepaling. Subject: Patient, Johanna Petronella Maria (Jo) van Putten-van der Giessen. Status: definitief</caption><tbody><tr><th>Code</th><th>Waarde</th></tr><tr><td><span title=\"vaardigheid betreffende eten (288843005 - SNOMED CT)\">vaardigheid betreffende eten</span></td><td><span title=\"Moeite met hanteren van eetgerei bij zelfstandig eten (289046006 - SNOMED CT)\">Moeite met hanteren van eetgerei bij zelfstandig eten</span></td></tr></tbody></table></div>"},"status":"final","code":{"coding":[{"system":"http://snomed.info/sct","code":"288843005","display":"vaardigheid betreffende eten"}]},"subject":{"reference":"Patient/nl-core-Patient-01","type":"Patient","display":"Patient, Johanna Petronella Maria (Jo) van Putten-van der Giessen"},"valueCodeableConcept":{"coding":[{"system":"http://snomed.info/sct","code":"289046006","display":"Moeite met hanteren van eetgerei bij zelfstandig eten"}]}}