{"resourceType":"PractitionerRole","id":"nl-core-CareTeam-01-PractitionerRole-06","meta":{"profile":["http://nictiz.nl/fhir/StructureDefinition/nl-core-HealthProfessional-PractitionerRole"]},"text":{"status":"extensions","div":"<div xmlns=\"http://www.w3.org/1999/xhtml\"><table><caption>Zorgverlenerrol. </caption><tbody><tr><th>Zorgverlener</th><td><div>Healthcare professional (person), K. van der Linden</div></td></tr></tbody></table></div>"},"practitioner":{"reference":"Practitioner/nl-core-CareTeam-01-Practitioner-06","type":"Practitioner","display":"Healthcare professional (person), K. van der Linden"}}