{"resourceType":"Device","id":"nl-core-VisualFunction.VisualAid.Product-01","meta":{"profile":["http://nictiz.nl/fhir/StructureDefinition/nl-core-VisualFunction.VisualAid.Product"]},"text":{"status":"extensions","div":"<div xmlns=\"http://www.w3.org/1999/xhtml\"><table><caption>Apparaat/Systeem. Patiënt: Patient, Johanna Petronella Maria (Jo) van Putten-van der Giessen. </caption><tfoot><tr><td colspan=\"2\">Leesbril</td></tr></tfoot><tbody><tr><th>Type</th><td><span title=\"Enkelfocale leesbril (423013001 - SNOMED CT)\">Enkelfocale leesbril</span></td></tr></tbody></table></div>"},"type":{"coding":[{"system":"http://snomed.info/sct","code":"423013001","display":"Enkelfocale leesbril"}]},"patient":{"reference":"Patient/nl-core-Patient-01","type":"Patient","display":"Patient, Johanna Petronella Maria (Jo) van Putten-van der Giessen"},"note":[{"text":"Leesbril"}]}