{"resourceType":"Observation","id":"nl-core-Wound-01-WoundDepth-01","meta":{"profile":["http://nictiz.nl/fhir/StructureDefinition/nl-core-wounds.WoundDepth"]},"text":{"status":"extensions","div":"<div xmlns=\"http://www.w3.org/1999/xhtml\"><table><caption>Observatie/bepaling. Subject: Patient, Johanna Petronella Maria (Jo) van Putten-van der Giessen. Status: definitief</caption><tbody><tr><th>Code</th><th>Waarde</th></tr><tr><td><span title=\"Depth of Wound (39127-6 - LOINC)\">Depth of Wound</span></td><td>1 cm</td></tr></tbody></table></div>"},"status":"final","code":{"coding":[{"system":"http://loinc.org","code":"39127-6","display":"Depth of Wound"}]},"subject":{"reference":"Patient/nl-core-Patient-01","type":"Patient","display":"Patient, Johanna Petronella Maria (Jo) van Putten-van der Giessen"},"valueQuantity":{"value":1,"unit":"cm","system":"http://unitsofmeasure.org","code":"cm"}}