{"resourceType":"Observation","id":"nl-core-LaboratoryTestResult-02","meta":{"profile":["http://nictiz.nl/fhir/StructureDefinition/nl-core-LaboratoryTestResult"]},"text":{"status":"extensions","div":"<div xmlns=\"http://www.w3.org/1999/xhtml\"><table><caption>Observatie/bepaling. Subject: Patient, Johanna Petronella Maria (Jo) van Putten-van der Giessen. Categorie: <span title=\"Laboratory (laboratory - http://terminology.hl7.org/CodeSystem/observation-category)\">Laboratory</span>, <span title=\"Serumtest (275711006 - SNOMED CT)\">Serumtest</span>, Status: definitief</caption><tbody><tr><th>Bepalingdatum/tijd</th><td colspan=\"3\">08:08:00, 23 mei 2012</td></tr><tr><th>Specimen</th><td colspan=\"3\">monster</td></tr><tr><th>Code</th><th>Waarde</th><th>Interpretatie</th><th>Referentiewaarden</th></tr><tr><td><span title=\"Chloride (2069-3 - LOINC)\">Chloride</span></td><td>109 mmol/l</td><td><span title=\"Boven referentiebereik (281302008 - SNOMED CT)\">Boven referentiebereik</span></td><td><div>99 mmol/l - 108 mmol/l</div></td></tr></tbody></table></div>"},"status":"final","category":[{"coding":[{"system":"http://terminology.hl7.org/CodeSystem/observation-category","code":"laboratory","display":"Laboratory"}]},{"coding":[{"system":"http://snomed.info/sct","code":"275711006","display":"Serumtest"}]}],"code":{"coding":[{"system":"http://loinc.org","code":"2069-3","display":"Chloride"}]},"subject":{"reference":"Patient/nl-core-Patient-01","type":"Patient","display":"Patient, Johanna Petronella Maria (Jo) van Putten-van der Giessen"},"effectiveDateTime":"2012-05-23T08:08:00+02:00","valueQuantity":{"value":109,"unit":"mmol/l","system":"http://unitsofmeasure.org","code":"mmol/l"},"interpretation":[{"coding":[{"system":"http://snomed.info/sct","code":"281302008","display":"Boven referentiebereik"},{"system":"http://terminology.hl7.org/CodeSystem/v3-ObservationInterpretation","code":"H","display":"High"}]}],"specimen":{"reference":"Specimen/nl-core-LaboratoryTestResult.Specimen-02","type":"Specimen","display":"monster"},"referenceRange":[{"low":{"value":99,"unit":"mmol/l","system":"http://unitsofmeasure.org","code":"mmol/l"},"high":{"value":108,"unit":"mmol/l","system":"http://unitsofmeasure.org","code":"mmol/l"}}]}