{"resourceType":"Observation","id":"nl-core-IllnessPerception-01","meta":{"profile":["http://nictiz.nl/fhir/StructureDefinition/nl-core-IllnessPerception"]},"text":{"status":"extensions","div":"<div xmlns=\"http://www.w3.org/1999/xhtml\"><table><caption>Observatie/bepaling. Subject: Patient, Johanna Petronella Maria (Jo) van Putten-van der Giessen. Status: definitief</caption><tbody><tr><th>Code</th><th>Waarde</th></tr><tr><td><span title=\"kenmerk van psychosociaal functioneren (363910003 - SNOMED CT)\">kenmerk van psychosociaal functioneren</span></td><td /></tr></tbody></table></div>"},"status":"final","code":{"coding":[{"system":"http://snomed.info/sct","code":"363910003","display":"kenmerk van psychosociaal functioneren"}]},"subject":{"reference":"Patient/nl-core-Patient-01","type":"Patient","display":"Patient, Johanna Petronella Maria (Jo) van Putten-van der Giessen"},"hasMember":[{"reference":"Observation/nl-core-IllnessPerception.PatientIllnessInsight-01","type":"Observation","display":"Ziekte inzicht van patiënt: Kan niet overzien wat de ziekte betekent in het dagelijks leven."},{"reference":"Observation/nl-core-IllnessPerception.CopingWithIllnessByPatient-01","type":"Observation","display":"Omgaan met ziekteproces door patiënt: Patiënt wil niet praten over de toekomst."},{"reference":"Observation/nl-core-IllnessPerception.CopingWithIllnessByFamily-01","type":"Observation","display":"Omgaan met ziekteproces door naasten: Partner heeft veel vragen over hoe de toekomst er uit ziet."}]}