{"resourceType":"CareTeam","id":"nl-core-CareTeam-01","meta":{"profile":["http://nictiz.nl/fhir/StructureDefinition/nl-core-CareTeam"]},"text":{"status":"extensions","div":"<div xmlns=\"http://www.w3.org/1999/xhtml\"><table><caption>Zorgteam. </caption><tbody><tr><th>Participant</th><td><ul><li>Contact person, Jan de Wit</li><li>Patient, Ingrid de Jong-de Wit</li><li>Healthcare professional (role), W. Klaasen, Huisartsen, niet nader gespecificeerd</li><li>Healthcare professional (role), S. Curie, Medisch specialisten, geriatrie</li><li>Healthcare professional (role), R.M. van Heck, Medisch specialisten, cardiologie</li><li>Healthcare professional (role), A. Schele, Medisch specialisten, inwendige geneeskunde</li><li>Healthcare professional (role), G.F. de Haan, Apothekers</li></ul></td></tr><tr><th>Reden</th><td><div>Problem, type: Interpretatie van diagnose</div><div>Problem, type: Interpretatie van diagnose</div><div>Problem, type: Complicatie</div></td></tr></tbody></table></div>"},"name":"Complexe Ouderenzorg","participant":[{"member":{"reference":"RelatedPerson/nl-core-CareTeam-01-RelatedPerson-01","type":"RelatedPerson","display":"Contact person, Jan de Wit"}},{"member":{"reference":"Patient/nl-core-CareTeam-01-Patient-01","type":"Patient","display":"Patient, Ingrid de Jong-de Wit"}},{"member":{"reference":"PractitionerRole/nl-core-CareTeam-01-PractitionerRole-01","type":"PractitionerRole","display":"Healthcare professional (role), W. Klaasen, Huisartsen, niet nader gespecificeerd"}},{"member":{"reference":"PractitionerRole/nl-core-CareTeam-01-PractitionerRole-02","type":"PractitionerRole","display":"Healthcare professional (role), S. Curie, Medisch specialisten, geriatrie"}},{"member":{"reference":"PractitionerRole/nl-core-CareTeam-01-PractitionerRole-03","type":"PractitionerRole","display":"Healthcare professional (role), R.M. van Heck, Medisch specialisten, cardiologie"}},{"member":{"reference":"PractitionerRole/nl-core-CareTeam-01-PractitionerRole-04","type":"PractitionerRole","display":"Healthcare professional (role), A. Schele, Medisch specialisten, inwendige geneeskunde"}},{"member":{"reference":"PractitionerRole/nl-core-CareTeam-01-PractitionerRole-05","type":"PractitionerRole","display":"Healthcare professional (role), G.F. de Haan, Apothekers"}}],"reasonReference":[{"reference":"Condition/nl-core-CareTeam-01-Condition-01","type":"Condition","display":"Problem, type: Interpretatie van diagnose"},{"reference":"Condition/nl-core-CareTeam-01-Condition-02","type":"Condition","display":"Problem, type: Interpretatie van diagnose"},{"reference":"Condition/nl-core-CareTeam-01-Condition-03","type":"Condition","display":"Problem, type: Complicatie"}]}