{"resourceType":"Observation","id":"nl-core-BowelFunction.Frequency-02","meta":{"profile":["http://nictiz.nl/fhir/StructureDefinition/nl-core-BowelFunction.Frequency"]},"text":{"status":"extensions","div":"<div xmlns=\"http://www.w3.org/1999/xhtml\"><table><caption>Observatie/bepaling. Subject: Patient, Johanna Petronella Maria (Jo) van Putten-van der Giessen. Status: definitief</caption><tbody><tr><th>Code</th><th>Waarde</th></tr><tr><td><span title=\"frequentie van defecatie (162098000 - SNOMED CT)\">frequentie van defecatie</span></td><td>4 /d</td></tr></tbody></table></div>"},"status":"final","code":{"coding":[{"system":"http://snomed.info/sct","code":"162098000","display":"frequentie van defecatie"}]},"subject":{"reference":"Patient/nl-core-Patient-01","type":"Patient","display":"Patient, Johanna Petronella Maria (Jo) van Putten-van der Giessen"},"valueQuantity":{"value":4,"unit":"/d","system":"http://unitsofmeasure.org","code":"/d"}}