{"resourceType":"Observation","id":"nl-core-DevelopmentChild.DevelopmentLocomotion-01","meta":{"profile":["http://nictiz.nl/fhir/StructureDefinition/nl-core-DevelopmentChild.DevelopmentLocomotion"]},"text":{"status":"extensions","div":"<div xmlns=\"http://www.w3.org/1999/xhtml\"><table><caption>Observatie/bepaling. Subject: Patient, Johanna Petronella Maria (Jo) van Putten-van der Giessen. Status: definitief</caption><tbody><tr><th>Bepalingdatum/tijd</th><td>19 december 2016</td></tr><tr><th>Code</th><th>Waarde</th></tr><tr><td><span title=\"grove motoriek (282716004 - SNOMED CT)\">grove motoriek</span></td><td><span title=\"in staat om zich op te trekken tot staan vanuit zithouding (282888002 - SNOMED CT)\">in staat om zich op te trekken tot staan vanuit zithouding</span></td></tr></tbody></table></div>"},"status":"final","code":{"coding":[{"system":"http://snomed.info/sct","code":"282716004","display":"grove motoriek"}]},"subject":{"reference":"Patient/nl-core-Patient-01","type":"Patient","display":"Patient, Johanna Petronella Maria (Jo) van Putten-van der Giessen"},"effectiveDateTime":"2016-12-19","valueCodeableConcept":{"coding":[{"system":"http://snomed.info/sct","code":"282888002","display":"in staat om zich op te trekken tot staan vanuit zithouding"}]}}