{"resourceType":"EpisodeOfCare","id":"nl-core-EpisodeOfCare-03","meta":{"profile":["http://nictiz.nl/fhir/StructureDefinition/nl-core-EpisodeOfCare"]},"text":{"status":"extensions","div":"<div xmlns=\"http://www.w3.org/1999/xhtml\"><table><caption>Zorgepisode. Patiënt: Patient, Johanna Petronella Maria (Jo) van Putten-van der Giessen. Status: actief</caption><tbody><tr><th>Periode</th><td>Vanaf 5 april 2014</td></tr><tr><th>Diagnose</th><td>Problem, type: Interpretatie van diagnose</td></tr></tbody></table></div>"},"extension":[{"url":"http://nictiz.nl/fhir/StructureDefinition/ext-EpisodeOfCare.EpisodeOfCareName","valueString":"diabetes"}],"status":"active","diagnosis":[{"condition":{"reference":"Condition/nl-core-EpisodeOfCare-02-Condition-01","type":"Condition","display":"Problem, type: Interpretatie van diagnose"}}],"patient":{"reference":"Patient/nl-core-Patient-01","type":"Patient","display":"Patient, Johanna Petronella Maria (Jo) van Putten-van der Giessen"},"period":{"start":"2014-04-05"}}