{"resourceType":"Practitioner","id":"nl-core-MedicationContraIndication-01-Practitioner-01","meta":{"profile":["http://nictiz.nl/fhir/StructureDefinition/nl-core-HealthProfessional-Practitioner"]},"text":{"status":"extensions","div":"<div xmlns=\"http://www.w3.org/1999/xhtml\"><div>Id 21870932 (BIG), J.H.R. Peters</div></div>"},"identifier":[{"system":"http://fhir.nl/fhir/NamingSystem/big","value":"21870932"}],"name":[{"use":"official","text":"J.H.R. Peters","family":"Peters","_family":{"extension":[{"url":"http://hl7.org/fhir/StructureDefinition/humanname-own-name","valueString":"Peters"}]},"given":["J.H.R."],"_given":[{"extension":[{"url":"http://hl7.org/fhir/StructureDefinition/iso21090-EN-qualifier","valueCode":"BR"}]}]}]}