{"resourceType":"Observation","id":"nl-core-Wound-01-DateOfLastDressingChange-02","meta":{"profile":["http://nictiz.nl/fhir/StructureDefinition/nl-core-wounds.DateOfLastDressingChange"]},"text":{"status":"extensions","div":"<div xmlns=\"http://www.w3.org/1999/xhtml\"><table><caption>Observatie/bepaling. Subject: Patient, Johanna Petronella Maria (Jo) van Putten-van der Giessen. Status: definitief</caption><tbody><tr><th>Code</th><th>Waarde</th></tr><tr><td><span title=\"Date of last change of wound dressing (360541000146109 - SNOMED CT)\">Date of last change of wound dressing</span></td><td>18 oktober 2014</td></tr></tbody></table></div>"},"status":"final","code":{"coding":[{"system":"http://snomed.info/sct","code":"360541000146109","display":"Date of last change of wound dressing"}]},"subject":{"reference":"Patient/nl-core-Patient-01","type":"Patient","display":"Patient, Johanna Petronella Maria (Jo) van Putten-van der Giessen"},"valueDateTime":"2014-10-18"}