{"resourceType":"Immunization","id":"nl-core-Vaccination-event-03","meta":{"profile":["http://nictiz.nl/fhir/StructureDefinition/nl-core-Vaccination-event"]},"text":{"status":"extensions","div":"<div xmlns=\"http://www.w3.org/1999/xhtml\"><table><caption>Vaccinatie. Patiënt: Patient, Johanna Petronella Maria (Jo) van Putten-van der Giessen. Status: voltooid<span style=\"display: block;\">Uitvoerende: Healthcare professional (role)</span></caption><tfoot><tr><td colspan=\"2\">Bezoek aan Guatemala.</td></tr></tfoot><tbody><tr><th><span title=\"HEPATITIS A, GEINACTIVEERD, INTACT VIRUS (J07BC02 - http://www.whocc.no/atc)\">HEPATITIS A, GEINACTIVEERD, INTACT VIRUS</span></th><td><div>Toegediend: </div><div>Gemeld door uitvoerende: </div></td></tr><tr><th>Vaccinatiedetails</th><td><div>Dosering: 1 milliliter</div></td></tr><tr><th>Toediendetails</th><td><div>Deel van lichaam: <span title=\"gehele rechter bovenarm (59126009 - SNOMED CT)\">gehele rechter bovenarm</span></div><div>Route: <span title=\"INTRAMUSCULAIR (2 - 2.16.840.1.113883.2.4.3.11.60.40.2.9.13.2)\">INTRAMUSCULAIR</span></div></td></tr></tbody></table></div>"},"extension":[{"url":"http://nictiz.nl/fhir/StructureDefinition/ext-Vaccination.PharmaceuticalProduct","valueReference":{"reference":"Medication/nl-core-Vaccination-03-PharmaceuticalProduct-01","display":"HEPATITIS A, GEINACTIVEERD, INTACT VIRUS"}}],"status":"completed","vaccineCode":{"coding":[{"system":"http://www.whocc.no/atc","code":"J07BC02","display":"HEPATITIS A, GEINACTIVEERD, INTACT VIRUS"}]},"patient":{"reference":"Patient/nl-core-Patient-01","type":"Patient","display":"Patient, Johanna Petronella Maria (Jo) van Putten-van der Giessen"},"occurrenceDateTime":"2012-06-03","site":{"coding":[{"system":"http://snomed.info/sct","code":"59126009","display":"gehele rechter bovenarm"}]},"route":{"coding":[{"system":"urn:oid:2.16.840.1.113883.2.4.3.11.60.40.2.9.13.2","code":"2","display":"INTRAMUSCULAIR"}]},"doseQuantity":{"value":1,"unit":"milliliter","system":"http://unitsofmeasure.org","code":"mL"},"performer":[{"function":{"coding":[{"system":"http://terminology.hl7.org/CodeSystem/v2-0443","code":"AP","display":"Administering Provider"}]},"actor":{"reference":"PractitionerRole/nl-core-Vaccination-02-PractitionerRole-01","type":"PractitionerRole","display":"Healthcare professional (role)"}}],"note":[{"text":"Bezoek aan Guatemala."}],"reasonCode":[{"coding":[{"system":"http://snomed.info/sct","code":"404904002","display":"Kwetsbare oudere (bevinding)"}]},{"coding":[{"system":"http://snomed.info/sct","code":"159731000146104","display":"Immunisatie nodig vanuit rijksvaccinatieprogramma (situatie)"}]}],"protocolApplied":[{"targetDisease":[{"coding":[{"system":"http://snomed.info/sct","code":"128241005","display":"hepatitis"}]}],"doseNumberString":"n/a"}]}