{"resourceType":"Observation","id":"nl-core-FluidBalance.FluidTotalOut-01","meta":{"profile":["http://nictiz.nl/fhir/StructureDefinition/nl-core-FluidBalance.FluidTotalOut"]},"text":{"status":"extensions","div":"<div xmlns=\"http://www.w3.org/1999/xhtml\"><table><caption>Observatie/bepaling. Subject: Patient, Johanna Petronella Maria (Jo) van Putten-van der Giessen. Status: definitief</caption><tbody><tr><th>Code</th><th>Waarde</th></tr><tr><td><span title=\"totale vochtuitscheiding (251841007 - SNOMED CT)\">totale vochtuitscheiding</span></td><td>1000 mL</td></tr></tbody></table></div>"},"status":"final","code":{"coding":[{"system":"http://snomed.info/sct","code":"251841007","display":"totale vochtuitscheiding"}]},"subject":{"reference":"Patient/nl-core-Patient-01","type":"Patient","display":"Patient, Johanna Petronella Maria (Jo) van Putten-van der Giessen"},"valueQuantity":{"value":1000,"unit":"mL","system":"http://unitsofmeasure.org","code":"mL"}}