{"resourceType":"RelatedPerson","id":"nl-core-HelpFromOthers-01-RelatedPerson-01","meta":{"profile":["http://nictiz.nl/fhir/StructureDefinition/nl-core-ContactPerson"]},"text":{"status":"extensions","div":"<div xmlns=\"http://www.w3.org/1999/xhtml\"><div>de Boer</div><div><span title=\"Buur (19 - RoleCodeLijst (COD472-VEKT))\">Buur</span> van Patient, Johanna Petronella Maria (Jo) van Putten-van der Giessen</div></div>"},"patient":{"reference":"Patient/nl-core-Patient-01","type":"Patient","display":"Patient, Johanna Petronella Maria (Jo) van Putten-van der Giessen"},"relationship":[{"coding":[{"system":"urn:oid:2.16.840.1.113883.2.4.3.11.22.472","code":"19","display":"Buur"}]}],"name":[{"use":"official","text":"de Boer","family":"de Boer","_family":{"extension":[{"url":"http://hl7.org/fhir/StructureDefinition/humanname-own-prefix","valueString":"de"},{"url":"http://hl7.org/fhir/StructureDefinition/humanname-own-name","valueString":"Boer"}]}}]}