{"resourceType":"Patient","id":"nl-core-NameInformation-firstNames","meta":{"profile":["http://nictiz.nl/fhir/StructureDefinition/nl-core-Patient"]},"text":{"status":"extensions","div":"<div xmlns=\"http://www.w3.org/1999/xhtml\"><div>Hendrik Johan Willem Schemer</div></div>"},"name":[{"use":"official","text":"Hendrik Johan Willem Schemer","family":"Schemer","_family":{"extension":[{"url":"http://hl7.org/fhir/StructureDefinition/humanname-own-name","valueString":"Schemer"}]},"given":["Hendrik","Johan","Willem"],"_given":[{"extension":[{"url":"http://hl7.org/fhir/StructureDefinition/iso21090-EN-qualifier","valueCode":"BR"}]},{"extension":[{"url":"http://hl7.org/fhir/StructureDefinition/iso21090-EN-qualifier","valueCode":"BR"}]},{"extension":[{"url":"http://hl7.org/fhir/StructureDefinition/iso21090-EN-qualifier","valueCode":"BR"}]}]},{"use":"usual","given":["Henk"]}]}