{"resourceType":"Observation","id":"nl-core-BowelFunction.DefecationColor-02","meta":{"profile":["http://nictiz.nl/fhir/StructureDefinition/nl-core-BowelFunction.DefecationColor"]},"text":{"status":"extensions","div":"<div xmlns=\"http://www.w3.org/1999/xhtml\"><table><caption>Observatie/bepaling. Subject: Patient, Johanna Petronella Maria (Jo) van Putten-van der Giessen. Status: definitief</caption><tbody><tr><th>Code</th><th>Waarde</th></tr><tr><td><span title=\"Kleur [type] in feces (9397-1 - LOINC)\">Kleur [type] in feces</span></td><td><span title=\"grijswitte feces (267056008 - SNOMED CT)\">grijswitte feces</span></td></tr></tbody></table></div>"},"status":"final","code":{"coding":[{"system":"http://loinc.org","code":"9397-1","display":"Kleur [type] in feces"}]},"subject":{"reference":"Patient/nl-core-Patient-01","type":"Patient","display":"Patient, Johanna Petronella Maria (Jo) van Putten-van der Giessen"},"valueCodeableConcept":{"coding":[{"system":"http://snomed.info/sct","code":"267056008","display":"grijswitte feces"}]}}