{"resourceType":"Observation","id":"nl-core-BowelFunction-02","meta":{"profile":["http://nictiz.nl/fhir/StructureDefinition/nl-core-BowelFunction"]},"text":{"status":"extensions","div":"<div xmlns=\"http://www.w3.org/1999/xhtml\"><table><caption>Observatie/bepaling. Subject: Patient, Johanna Petronella Maria (Jo) van Putten-van der Giessen. Status: definitief</caption><tbody><tr><th>Code</th><th>Waarde</th></tr><tr><td><span title=\"defecatie (111989001 - SNOMED CT)\">defecatie</span></td><td /></tr></tbody></table></div>"},"status":"final","code":{"coding":[{"system":"http://snomed.info/sct","code":"111989001","display":"defecatie"}]},"subject":{"reference":"Patient/nl-core-Patient-01","type":"Patient","display":"Patient, Johanna Petronella Maria (Jo) van Putten-van der Giessen"},"note":[{"text":"Patiënt was vanmorgen incontinent."}],"hasMember":[{"reference":"Observation/nl-core-BowelFunction.FecalContinence-01","type":"Observation","display":"Feces continentie: incidenteel ontlastingsverlies"},{"reference":"Observation/nl-core-BowelFunction.Frequency-02","type":"Observation","display":"Frequentie: 4/d"},{"reference":"Observation/nl-core-BowelFunction.DefecationConsistency-02","type":"Observation","display":"Defecatie consistentie: Zachte stukjes met gehavende randen"},{"reference":"Observation/nl-core-BowelFunction.DefecationColor-02","type":"Observation","display":"Defecatie kleur: grijswitte feces"}]}