{"resourceType":"Condition","id":"nl-core-LegalSituation-Representation-02","meta":{"profile":["http://nictiz.nl/fhir/StructureDefinition/nl-core-LegalSituation-Representation"]},"text":{"status":"extensions","div":"<div xmlns=\"http://www.w3.org/1999/xhtml\"><table><caption>Aandoening. Subject: Patient, Johanna Petronella Maria (Jo) van Putten-van der Giessen. Categorie: <span title=\"type voogd (151701000146105 - SNOMED CT)\">type voogd</span>, Status: <span title=\"Inactive (inactive - http://terminology.hl7.org/CodeSystem/condition-clinical)\">Inactive</span></caption><tbody><tr><th>Code</th><td><span title=\"Bewindvoering (7 - 2.16.840.1.113883.2.4.3.11.60.40.4.23.3)\">Bewindvoering</span></td></tr><tr><th>Eerste symptomen</th><td>1 januari 2018</td></tr><tr><th>Oplossing/remissie</th><td>1 januari 2020</td></tr></tbody></table></div>"},"clinicalStatus":{"coding":[{"system":"http://terminology.hl7.org/CodeSystem/condition-clinical","code":"inactive","display":"Inactive"}]},"category":[{"coding":[{"system":"http://snomed.info/sct","code":"151701000146105","display":"type voogd"}]}],"code":{"coding":[{"system":"urn:oid:2.16.840.1.113883.2.4.3.11.60.40.4.23.3","code":"7","display":"Bewindvoering"}]},"subject":{"reference":"Patient/nl-core-Patient-01","type":"Patient","display":"Patient, Johanna Petronella Maria (Jo) van Putten-van der Giessen"},"onsetDateTime":"2018-01-01","abatementDateTime":"2020-01-01"}