{"resourceType":"Observation","id":"nl-core-ParticipationInSociety-01","meta":{"profile":["http://nictiz.nl/fhir/StructureDefinition/nl-core-ParticipationInSociety"]},"text":{"status":"extensions","div":"<div xmlns=\"http://www.w3.org/1999/xhtml\"><table><caption>Observatie/bepaling. Subject: Patient, Johanna Petronella Maria (Jo) van Putten-van der Giessen. Status: definitief</caption><tbody><tr><th>Code</th><th>Waarde</th></tr><tr><td><span title=\"status van participatie van patiënt (314845004 - SNOMED CT)\">status van participatie van patiënt</span></td><td /></tr></tbody></table></div>"},"status":"final","code":{"coding":[{"system":"http://snomed.info/sct","code":"314845004","display":"status van participatie van patiënt"}]},"subject":{"reference":"Patient/nl-core-Patient-01","type":"Patient","display":"Patient, Johanna Petronella Maria (Jo) van Putten-van der Giessen"},"note":[{"text":"Bezoekt activiteitencentrum 2 maal per week."}],"hasMember":[{"reference":"Observation/nl-core-ParticipationInSociety.SocialNetwork-01","type":"Observation","display":"Sociaal netwerk: Heeft veel aanloop van buren"},{"reference":"Observation/nl-core-ParticipationInSociety.Hobby-01","type":"Observation","display":"Vrijetijdsbesteding: Nordic walking"},{"reference":"Observation/nl-core-ParticipationInSociety.WorkSituation-01","type":"Observation","display":"Arbeidssituatie: ICT-er"}]}