{"resourceType":"Procedure","id":"nl-core-MultidisciplinaryTeamMeeting-01-Procedure-01","meta":{"profile":["http://nictiz.nl/fhir/StructureDefinition/nl-core-Procedure-event"]},"text":{"status":"extensions","div":"<div xmlns=\"http://www.w3.org/1999/xhtml\"><table><caption>Verrichting. Subject: Patient, Pieterse. Status: voltooid</caption><tbody><tr><td><span title=\"Partiële leverresectie (71273005 - SNOMED CT)\">Partiële leverresectie</span></td><td><div>Uitgevoerd: 1 september 2020</div></td></tr></tbody></table></div>"},"status":"completed","code":{"coding":[{"system":"http://snomed.info/sct","code":"71273005","display":"Partiële leverresectie"}]},"subject":{"reference":"Patient/nl-core-MultidisciplinaryTeamMeeting-01-Patient-01","type":"Patient","display":"Patient, Pieterse"},"performedDateTime":"2020-09-01"}