{"resourceType":"Observation","id":"nl-core-O2Saturation-01","meta":{"profile":["http://nictiz.nl/fhir/StructureDefinition/nl-core-O2Saturation"]},"text":{"status":"extensions","div":"<div xmlns=\"http://www.w3.org/1999/xhtml\"><table><caption>Observatie/bepaling. Subject: Patient, Johanna Petronella Maria (Jo) van Putten-van der Giessen. Categorie: <span title=\"Vital Signs (vital-signs - http://terminology.hl7.org/CodeSystem/observation-category)\">Vital Signs</span>, Status: definitief</caption><tbody><tr><th>Bepalingdatum/tijd</th><td>06:43:00, 8 februari 2013</td></tr><tr><th>Code</th><th>Waarde</th></tr><tr><td><span title=\"Oxygen saturation in Arterial blood (2708-6 - LOINC)\">Oxygen saturation in Arterial blood</span></td><td>92 %</td></tr><tr><td><span title=\"zuurstoftherapie (57485005 - SNOMED CT)\">zuurstoftherapie</span></td><td>ja</td></tr></tbody></table></div>"},"status":"final","category":[{"coding":[{"system":"http://terminology.hl7.org/CodeSystem/observation-category","code":"vital-signs","display":"Vital Signs"}]}],"code":{"coding":[{"system":"http://loinc.org","code":"2708-6","display":"Oxygen saturation in Arterial blood"},{"system":"http://loinc.org","code":"59408-5","display":"Oxygen saturation in Arterial blood by Pulse oximetry"}]},"subject":{"reference":"Patient/nl-core-Patient-01","type":"Patient","display":"Patient, Johanna Petronella Maria (Jo) van Putten-van der Giessen"},"effectiveDateTime":"2013-02-08T06:43:00+02:00","valueQuantity":{"value":92,"unit":"%","system":"http://unitsofmeasure.org","code":"%"},"note":[{"text":"Stijgt snel bij aanspreken"}],"component":[{"code":{"coding":[{"system":"http://snomed.info/sct","code":"57485005","display":"zuurstoftherapie"}]},"valueBoolean":true}]}