{"resourceType":"PractitionerRole","id":"nl-core-HealthProfessional-PractitionerRole-01","meta":{"profile":["http://nictiz.nl/fhir/StructureDefinition/nl-core-HealthProfessional-PractitionerRole"]},"text":{"status":"extensions","div":"<div xmlns=\"http://www.w3.org/1999/xhtml\"><table><caption>Zorgverlenerrol. </caption><tbody><tr><th>Zorgverlener</th><td><div>Healthcare professional (person), J.H.R. Peters</div></td></tr><tr><th>Specialisme</th><td><span title=\"Neuroloog (01.026 - http://fhir.nl/fhir/NamingSystem/uzi-rolcode)\">Neuroloog</span></td></tr><tr><th>Contactgegevens</th><td><div><a href=\"tel:+3715828282\">+3715828282</a> (Tel Werk)</div><div><a href=\"mailto:j.peters@hospital.nl\">j.peters@hospital.nl</a> (E-mail Werk)</div></td></tr></tbody></table></div>"},"practitioner":{"reference":"Practitioner/nl-core-HealthProfessional-Practitioner-01","type":"Practitioner","display":"Healthcare professional (person), J.H.R. Peters"},"specialty":[{"coding":[{"system":"http://fhir.nl/fhir/NamingSystem/uzi-rolcode","version":"2020-04-01T00:00:00","code":"01.026","display":"Neuroloog"}]}],"telecom":[{"system":"phone","value":"+3715828282","use":"work"},{"system":"email","value":"j.peters@hospital.nl","use":"work"}]}