{"resourceType":"Observation","id":"nl-core-AbilityToDrink.DrinkingLimitations-02","meta":{"profile":["http://nictiz.nl/fhir/StructureDefinition/nl-core-AbilityToDrink.DrinkingLimitations"]},"text":{"status":"extensions","div":"<div xmlns=\"http://www.w3.org/1999/xhtml\"><table><caption>Observatie/bepaling. Subject: Patient, Johanna Petronella Maria (Jo) van Putten-van der Giessen. Status: definitief</caption><tbody><tr><th>Code</th><th>Waarde</th></tr><tr><td><span title=\"vermogen tot drinken (288851008 - SNOMED CT)\">vermogen tot drinken</span></td><td><span title=\"Moeite met naar mond brengen van drank (288876009 - SNOMED CT)\">Moeite met naar mond brengen van drank</span></td></tr></tbody></table></div>"},"status":"final","code":{"coding":[{"system":"http://snomed.info/sct","code":"288851008","display":"vermogen tot drinken"}]},"subject":{"reference":"Patient/nl-core-Patient-01","type":"Patient","display":"Patient, Johanna Petronella Maria (Jo) van Putten-van der Giessen"},"valueCodeableConcept":{"coding":[{"system":"http://snomed.info/sct","code":"288876009","display":"Moeite met naar mond brengen van drank"}]}}