{"resourceType":"AllergyIntolerance","id":"nl-core-AllergyIntolerance-01","meta":{"profile":["http://nictiz.nl/fhir/StructureDefinition/nl-core-AllergyIntolerance"]},"text":{"status":"extensions","div":"<div xmlns=\"http://www.w3.org/1999/xhtml\"><table><caption>Allergie/intolerantie. Patiënt: Patient, Johanna Petronella Maria (Jo) van Putten-van der Giessen. Categorie: biologisch materiaal, Status: <span title=\"Entered in Error (entered-in-error - http://terminology.hl7.org/CodeSystem/allergyintolerance-verification)\">Entered in Error</span></caption><tbody><tr><th>Code</th><td><span title=\"Bijengif (288328004 - SNOMED CT)\">Bijengif</span></td></tr><tr><th>Eerste symptomen</th><td>8 november 2008</td></tr><tr><th>Meest recente voorkomen</th><td>15 november 2009</td></tr><tr><th>Reactie</th><td><ul><li><div>11:35:00, 15 november 2008 ernstig</div><div><span title=\"Misselijkheid en braken (16932000 - SNOMED CT)\">Misselijkheid en braken</span></div><div>sterke misselijkheid en veel braken</div></li></ul></td></tr></tbody></table></div>"},"verificationStatus":{"coding":[{"system":"http://terminology.hl7.org/CodeSystem/allergyintolerance-verification","code":"entered-in-error","display":"Entered in Error"}]},"category":["biologic"],"_category":[{"extension":[{"url":"http://nictiz.nl/fhir/StructureDefinition/ext-CodeSpecification","valueCodeableConcept":{"coding":[{"system":"http://snomed.info/sct","code":"419199007","display":"Allergie voor substantie"}]}}]}],"criticality":"high","_criticality":{"extension":[{"url":"http://nictiz.nl/fhir/StructureDefinition/ext-CodeSpecification","valueCodeableConcept":{"coding":[{"system":"http://snomed.info/sct","code":"24484000","display":"Ernstig"}]}}]},"code":{"coding":[{"system":"http://snomed.info/sct","code":"288328004","display":"Bijengif"}]},"patient":{"reference":"Patient/nl-core-Patient-01","type":"Patient","display":"Patient, Johanna Petronella Maria (Jo) van Putten-van der Giessen"},"onsetDateTime":"2008-11-08","lastOccurrence":"2009-11-15","reaction":[{"substance":{"coding":[{"system":"http://snomed.info/sct","code":"288328004","display":"Bijengif"}]},"manifestation":[{"coding":[{"system":"http://snomed.info/sct","code":"16932000","display":"Misselijkheid en braken"}]}],"description":"sterke misselijkheid en veel braken","onset":"2008-11-15T11:35:00+01:00","severity":"severe"}]}