{"resourceType":"Observation","id":"nl-core-AbilityToGroom-01","meta":{"profile":["http://nictiz.nl/fhir/StructureDefinition/nl-core-AbilityToGroom"]},"text":{"status":"extensions","div":"<div xmlns=\"http://www.w3.org/1999/xhtml\"><table><caption>Observatie/bepaling. Subject: Patient, Johanna Petronella Maria (Jo) van Putten-van der Giessen. Status: definitief</caption><tbody><tr><th>Code</th><th>Waarde</th></tr><tr><td><span title=\"vermogen tot uiterlijke verzorging (704434006 - SNOMED CT)\">vermogen tot uiterlijke verzorging</span></td><td><span title=\"In staat tot onafhankelijke uiterlijke verzorging (704437004 - SNOMED CT)\">In staat tot onafhankelijke uiterlijke verzorging</span></td></tr></tbody></table></div>"},"status":"final","code":{"coding":[{"system":"http://snomed.info/sct","code":"704434006","display":"vermogen tot uiterlijke verzorging"}]},"subject":{"reference":"Patient/nl-core-Patient-01","type":"Patient","display":"Patient, Johanna Petronella Maria (Jo) van Putten-van der Giessen"},"valueCodeableConcept":{"coding":[{"system":"http://snomed.info/sct","code":"704437004","display":"In staat tot onafhankelijke uiterlijke verzorging"}]}}