{"resourceType":"DeviceUseStatement","id":"nl-core-MedicalDevice-03","meta":{"profile":["http://nictiz.nl/fhir/StructureDefinition/nl-core-MedicalDevice"]},"text":{"status":"extensions","div":"<div xmlns=\"http://www.w3.org/1999/xhtml\"><table><caption>Beschrijving apparaatgebruik. Subject: Patient, Johanna Petronella Maria (Jo) van Putten-van der Giessen. Status: actief</caption><tfoot><tr><td colspan=\"2\">Laatst doorgemeten in 2011</td></tr></tfoot><tbody><tr><th>Apparaat/Systeem</th><td>Device/nl-core-MedicalDevice.Product-03</td></tr><tr><th>Deel van lichaam</th><td><span title=\"subclavian pouch (9454009 - SNOMED CT)\">subclavian pouch</span></td></tr></tbody></table></div>"},"extension":[{"url":"http://nictiz.nl/fhir/StructureDefinition/ext-MedicalDevice.HealthProfessional","valueReference":{"reference":"PractitionerRole/nl-core-MedicalDevice-03-PractitionerRole-01","type":"PractitionerRole","display":"Healthcare professional (role), Karel Janssen, Medisch specialisten, cardiologie"}},{"url":"http://nictiz.nl/fhir/StructureDefinition/ext-MedicalDevice.Location","valueReference":{"reference":"Location/nl-core-MedicalDevice-03-Location-01","type":"Location","display":"Healthcare provider (location), Academisch Medisch Centrum"}}],"status":"active","subject":{"reference":"Patient/nl-core-Patient-01","type":"Patient","display":"Patient, Johanna Petronella Maria (Jo) van Putten-van der Giessen"},"timingPeriod":{"start":"2004-02-10"},"device":{"reference":"Device/nl-core-MedicalDevice.Product-03","type":"Device"},"reasonReference":[{"reference":"Condition/nl-core-MedicalDevice-03-Condition-01","type":"Condition","display":"Problem"}],"bodySite":{"extension":[{"url":"http://nictiz.nl/fhir/StructureDefinition/ext-AnatomicalLocation.Laterality","valueCodeableConcept":{"coding":[{"system":"http://snomed.info/sct","code":"7771000","display":"Links"}]}}],"coding":[{"system":"http://snomed.info/sct","code":"9454009","display":"subclavian pouch"}]},"note":[{"text":"Laatst doorgemeten in 2011"}]}