{"resourceType":"Observation","id":"nl-core-Pregnancy.Parity-01","meta":{"profile":["http://nictiz.nl/fhir/StructureDefinition/nl-core-Pregnancy.Parity"]},"text":{"status":"extensions","div":"<div xmlns=\"http://www.w3.org/1999/xhtml\"><table><caption>Observatie/bepaling. Subject: Patient, Johanna Petronella Maria (Jo) van Putten-van der Giessen. Status: definitief</caption><tbody><tr><th>Code</th><th>Waarde</th></tr><tr><td><span title=\"pariteit (364325004 - SNOMED CT)\">pariteit</span></td><td>1</td></tr></tbody></table></div>"},"status":"final","code":{"coding":[{"system":"http://snomed.info/sct","code":"364325004","display":"pariteit"}]},"subject":{"reference":"Patient/nl-core-Patient-01","type":"Patient","display":"Patient, Johanna Petronella Maria (Jo) van Putten-van der Giessen"},"focus":[{"reference":"Condition/nl-core-Pregnancy-01","type":"Condition","display":"Pregnancy"}],"valueInteger":1}