{"resourceType":"Observation","id":"nl-core-HeartRate.InterpretationHeartRate-01","meta":{"profile":["http://nictiz.nl/fhir/StructureDefinition/nl-core-HeartRate.InterpretationHeartRate"]},"text":{"status":"extensions","div":"<div xmlns=\"http://www.w3.org/1999/xhtml\"><table><caption>Observatie/bepaling. Subject: Patient, Johanna Petronella Maria (Jo) van Putten-van der Giessen. Categorie: <span title=\"Vital Signs (vital-signs - http://terminology.hl7.org/CodeSystem/observation-category)\">Vital Signs</span>, Status: definitief</caption><tbody><tr><th>Bepalingdatum/tijd</th><td>06:43:00, 8 februari 2013</td></tr><tr><th>Methode</th><td><span title=\"Auscultatie (37931006 - SNOMED CT)\">Auscultatie</span></td></tr><tr><th>Code</th><th>Waarde</th></tr><tr><td><span title=\"Finding of heart rate (301113001 - SNOMED CT)\">Finding of heart rate</span></td><td><span title=\"Bradycardie (48867003 - SNOMED CT)\">Bradycardie</span></td></tr></tbody></table></div>"},"status":"final","category":[{"coding":[{"system":"http://terminology.hl7.org/CodeSystem/observation-category","code":"vital-signs","display":"Vital Signs"}]}],"code":{"coding":[{"system":"http://snomed.info/sct","code":"301113001","display":"Finding of heart rate"}]},"subject":{"reference":"Patient/nl-core-Patient-01","type":"Patient","display":"Patient, Johanna Petronella Maria (Jo) van Putten-van der Giessen"},"effectiveDateTime":"2013-02-08T06:43:00+02:00","valueCodeableConcept":{"coding":[{"system":"http://snomed.info/sct","code":"48867003","display":"Bradycardie"}]},"method":{"coding":[{"system":"http://snomed.info/sct","code":"37931006","display":"Auscultatie"}]}}