{"resourceType":"Observation","id":"nl-core-SOAPReport.SOAPLine-01","meta":{"profile":["http://nictiz.nl/fhir/StructureDefinition/nl-core-SOAPReport.SOAPLine"]},"text":{"status":"extensions","div":"<div xmlns=\"http://www.w3.org/1999/xhtml\"><table><caption>Observatie/bepaling. Status: definitief</caption><tbody><tr><th>Code</th><th>Waarde</th></tr><tr><td><span title=\"Subjective (255362007 - SNOMED CT)\">Subjective</span></td><td>Sinds 2 maanden hoesten. Begonnen na start enalapril. Een weekje gestopt, klachten toen weg. Na hervatten klachten weer terug gekomen.</td></tr></tbody></table></div>"},"extension":[{"url":"http://nictiz.nl/fhir/StructureDefinition/ext-SOAPReport.SOAPLineCode","valueCodeableConcept":{"coding":[{"system":"http://hl7.org/fhir/sid/icpc-1-nl","code":"R05","display":"Hoesten"}]}}],"status":"final","code":{"coding":[{"system":"http://snomed.info/sct","code":"255362007","display":"Subjective"}]},"valueString":"Sinds 2 maanden hoesten. Begonnen na start enalapril. Een weekje gestopt, klachten toen weg. Na hervatten klachten weer terug gekomen."}