{"resourceType":"Observation","id":"nl-core-TobaccoUse-01","meta":{"profile":["http://nictiz.nl/fhir/StructureDefinition/nl-core-TobaccoUse"]},"text":{"status":"extensions","div":"<div xmlns=\"http://www.w3.org/1999/xhtml\"><table><caption>Observatie/bepaling. Subject: Patient, Johanna Petronella Maria (Jo) van Putten-van der Giessen. Status: definitief</caption><tbody><tr><th>Bepalingdatum/tijd</th><td>Vanaf 1 januari 1985</td></tr><tr><th>Code</th><th>Waarde</th></tr><tr><td><span title=\"bevinding betreffende tabakgebruik en blootstelling aan tabaksrook (365980008 - SNOMED CT)\">bevinding betreffende tabakgebruik en blootstelling aan tabaksrook</span></td><td><span title=\"Rookt sigaretten (65568007 - SNOMED CT)\">Rookt sigaretten</span></td></tr><tr><td><span title=\"Type of tobacco used (53661000146106 - SNOMED CT)\">Type of tobacco used</span></td><td><span title=\"Rookt shag (160619003 - SNOMED CT)\">Rookt shag</span></td></tr><tr><td><span title=\"Tobacco smoking consumption (266918002 - SNOMED CT)\">Tobacco smoking consumption</span></td><td>350 g per week</td></tr><tr><td><span title=\"pakjaren (401201003 - SNOMED CT)\">pakjaren</span></td><td>20</td></tr></tbody></table></div>"},"status":"final","code":{"coding":[{"system":"http://snomed.info/sct","code":"365980008","display":"bevinding betreffende tabakgebruik en blootstelling aan tabaksrook"}]},"subject":{"reference":"Patient/nl-core-Patient-01","type":"Patient","display":"Patient, Johanna Petronella Maria (Jo) van Putten-van der Giessen"},"effectivePeriod":{"start":"1985-01-01"},"valueCodeableConcept":{"coding":[{"system":"http://snomed.info/sct","code":"65568007","display":"Rookt sigaretten"}]},"note":[{"text":"Probeert te stoppen. Thuis wordt ook door partner gerookt"}],"component":[{"code":{"coding":[{"system":"http://snomed.info/sct","code":"53661000146106","display":"Type of tobacco used"}]},"valueCodeableConcept":{"coding":[{"system":"http://snomed.info/sct","code":"160619003","display":"Rookt shag"}]}},{"code":{"coding":[{"system":"http://snomed.info/sct","code":"266918002","display":"Tobacco smoking consumption"}]},"valueQuantity":{"value":350,"unit":"g per week","system":"http://unitsofmeasure.org","code":"{g per week}"}},{"code":{"coding":[{"system":"http://snomed.info/sct","code":"401201003","display":"pakjaren"}]},"valueInteger":20}]}