{"resourceType":"Patient","id":"nl-core-CareTeam-01-Patient-01","meta":{"profile":["http://nictiz.nl/fhir/StructureDefinition/nl-core-Patient"]},"text":{"status":"extensions","div":"<div xmlns=\"http://www.w3.org/1999/xhtml\"><div>Ingrid de Jong-de Wit</div></div>"},"name":[{"use":"official","text":"Ingrid de Jong-de Wit","family":"de Jong-de Wit","_family":{"extension":[{"url":"http://hl7.org/fhir/StructureDefinition/humanname-own-prefix","valueString":"de"},{"url":"http://hl7.org/fhir/StructureDefinition/humanname-own-name","valueString":"Jong"},{"url":"http://hl7.org/fhir/StructureDefinition/humanname-partner-prefix","valueString":"de"},{"url":"http://hl7.org/fhir/StructureDefinition/humanname-partner-name","valueString":"Wit"}]},"given":["Ingrid"],"_given":[{"extension":[{"url":"http://hl7.org/fhir/StructureDefinition/iso21090-EN-qualifier","valueCode":"BR"}]}]}]}