{"resourceType":"Observation","id":"nl-core-FluidBalance-01","meta":{"profile":["http://nictiz.nl/fhir/StructureDefinition/nl-core-FluidBalance"]},"text":{"status":"extensions","div":"<div xmlns=\"http://www.w3.org/1999/xhtml\"><table><caption>Observatie/bepaling. Subject: Patient, Johanna Petronella Maria (Jo) van Putten-van der Giessen. Status: definitief</caption><tbody><tr><th>Bepalingdatum/tijd</th><td>19 december 2016 00:00:00 - 20 december 2016 00:00:00</td></tr><tr><th>Code</th><th>Waarde</th></tr><tr><td><span title=\"evaluatie van vochtbalans (710853006 - SNOMED CT)\">evaluatie van vochtbalans</span></td><td /></tr></tbody></table></div>"},"status":"final","code":{"coding":[{"system":"http://snomed.info/sct","code":"710853006","display":"evaluatie van vochtbalans"}]},"subject":{"reference":"Patient/nl-core-Patient-01","type":"Patient","display":"Patient, Johanna Petronella Maria (Jo) van Putten-van der Giessen"},"effectivePeriod":{"start":"2016-12-19T00:00:00+01:00","end":"2016-12-20T00:00:00+01:00"},"note":[{"text":"Moeite met aflezen"}],"hasMember":[{"reference":"Observation/nl-core-FluidBalance.FluidTotalIn-01","type":"Observation","display":"vocht_totaal_in"},{"reference":"Observation/nl-core-FluidBalance.FluidTotalOut-01","type":"Observation","display":"vocht_totaal_uit"}]}