{"resourceType":"Observation","id":"nl-core-IllnessPerception.PatientIllnessInsight-01","meta":{"profile":["http://nictiz.nl/fhir/StructureDefinition/nl-core-IllnessPerception.PatientIllnessInsight"]},"text":{"status":"extensions","div":"<div xmlns=\"http://www.w3.org/1999/xhtml\"><table><caption>Observatie/bepaling. Subject: Patient, Johanna Petronella Maria (Jo) van Putten-van der Giessen. Status: definitief</caption><tbody><tr><th>Code</th><th>Waarde</th></tr><tr><td><span title=\"inzicht (27026000 - SNOMED CT)\">inzicht</span></td><td>Kan niet overzien wat de ziekte betekent in het dagelijks leven.</td></tr></tbody></table></div>"},"status":"final","code":{"coding":[{"system":"http://snomed.info/sct","code":"27026000","display":"inzicht"}]},"subject":{"reference":"Patient/nl-core-Patient-01","type":"Patient","display":"Patient, Johanna Petronella Maria (Jo) van Putten-van der Giessen"},"valueString":"Kan niet overzien wat de ziekte betekent in het dagelijks leven."}