{"resourceType":"Observation","id":"nl-core-DrugUse-02","meta":{"profile":["http://nictiz.nl/fhir/StructureDefinition/nl-core-DrugUse"]},"text":{"status":"extensions","div":"<div xmlns=\"http://www.w3.org/1999/xhtml\"><table><caption>Observatie/bepaling. Subject: Patient, Johanna Petronella Maria (Jo) van Putten-van der Giessen. Status: definitief</caption><tbody><tr><th>Bepalingdatum/tijd</th><td>1 januari 1970 - 1 januari 1985</td></tr><tr><th>Code</th><th>Waarde</th></tr><tr><td><span title=\"bevinding betreffende drugsgebruik (228366006 - SNOMED CT)\">bevinding betreffende drugsgebruik</span></td><td><span title=\"Cocaïne (387085005 - SNOMED CT)\">Cocaïne</span></td></tr><tr><td><span title=\"substantie (105590001 - SNOMED CT)\">substantie</span></td><td><span title=\"Heroïne (387341002 - SNOMED CT)\">Heroïne</span></td></tr><tr><td><span title=\"toedieningsweg (410675002 - SNOMED CT)\">toedieningsweg</span></td><td><span title=\"Heeft nooit drugs gebruikt (228368007 - SNOMED CT)\">Heeft nooit drugs gebruikt</span></td></tr><tr><td><span title=\"detail over drugsmisbruik (363908000 - SNOMED CT)\">detail over drugsmisbruik</span></td><td>3x per week</td></tr></tbody></table></div>"},"status":"final","code":{"coding":[{"system":"http://snomed.info/sct","code":"228366006","display":"bevinding betreffende drugsgebruik"}]},"subject":{"reference":"Patient/nl-core-Patient-01","type":"Patient","display":"Patient, Johanna Petronella Maria (Jo) van Putten-van der Giessen"},"effectivePeriod":{"start":"1970-01-01","end":"1985-01-01"},"valueCodeableConcept":{"coding":[{"system":"http://snomed.info/sct","code":"387085005","display":"Cocaïne"}]},"component":[{"code":{"coding":[{"system":"http://snomed.info/sct","code":"105590001","display":"substantie"}]},"valueCodeableConcept":{"coding":[{"system":"http://snomed.info/sct","code":"387341002","display":"Heroïne"}]}},{"code":{"coding":[{"system":"http://snomed.info/sct","code":"410675002","display":"toedieningsweg"}]},"valueCodeableConcept":{"coding":[{"system":"http://snomed.info/sct","code":"228368007","display":"Heeft nooit drugs gebruikt"}]}},{"code":{"coding":[{"system":"http://snomed.info/sct","code":"363908000","display":"detail over drugsmisbruik"}]},"valueString":"3x per week"}]}