{"resourceType":"DeviceUseStatement","id":"nl-core-MedicalDevice-01","meta":{"profile":["http://nictiz.nl/fhir/StructureDefinition/nl-core-MedicalDevice"]},"text":{"status":"extensions","div":"<div xmlns=\"http://www.w3.org/1999/xhtml\"><table><caption>Beschrijving apparaatgebruik. Subject: Patient, Johanna Petronella Maria (Jo) van Putten-van der Giessen. Status: actief</caption><tfoot><tr><td colspan=\"2\">Kan korte afstanden lopen</td></tr></tfoot><tbody><tr><th>Apparaat/Systeem</th><td>Standaard rolstoel, 46 cm zitting</td></tr></tbody></table></div>"},"status":"active","subject":{"reference":"Patient/nl-core-Patient-01","type":"Patient","display":"Patient, Johanna Petronella Maria (Jo) van Putten-van der Giessen"},"timingPeriod":{"start":"2012-03-08"},"device":{"reference":"Device/nl-core-MedicalDevice.Product-01","type":"Device","display":"Standaard rolstoel, 46 cm zitting"},"reasonReference":[{"reference":"Condition/nl-core-MedicalDevice-01-Condition-01","type":"Condition","display":"Problem"}],"note":[{"text":"Kan korte afstanden lopen"}]}