{"resourceType":"ImmunizationRecommendation","id":"nl-core-Vaccination-request-01","meta":{"profile":["http://nictiz.nl/fhir/StructureDefinition/nl-core-Vaccination-request"]},"text":{"status":"extensions","div":"<div xmlns=\"http://www.w3.org/1999/xhtml\"><table><caption>Vaccinatieschema. Patiënt: Patient, Johanna Petronella Maria (Jo) van Putten-van der Giessen. </caption><tbody><tr><th>Gemaakt: . Status: <span title=\"Due (due - http://terminology.hl7.org/CodeSystem/immunization-recommendation-status)\">Due</span><div><span title=\"DKTP/HIB-vaccin (J07CA06 - http://www.whocc.no/atc)\">DKTP/HIB-vaccin</span></div></th><td><div>5 maart 2029 - 30980-7 (LOINC)</div></td></tr></tbody></table></div>"},"patient":{"reference":"Patient/nl-core-Patient-01","type":"Patient","display":"Patient, Johanna Petronella Maria (Jo) van Putten-van der Giessen"},"date":"2021-11-19T21:17:13.24+01:00","recommendation":[{"vaccineCode":[{"coding":[{"system":"http://www.whocc.no/atc","code":"J07CA06","display":"DKTP/HIB-vaccin"}]}],"forecastStatus":{"coding":[{"system":"http://terminology.hl7.org/CodeSystem/immunization-recommendation-status","code":"due","display":"Due"}]},"dateCriterion":[{"code":{"coding":[{"system":"http://loinc.org","code":"30980-7"}]},"value":"2029-03-05"}],"description":"Volgens Rijksvaccinatieprogramma."}]}