{"resourceType":"Observation","id":"nl-core-ParticipationInSociety.WorkSituation-01","meta":{"profile":["http://nictiz.nl/fhir/StructureDefinition/nl-core-ParticipationInSociety.WorkSituation"]},"text":{"status":"extensions","div":"<div xmlns=\"http://www.w3.org/1999/xhtml\"><table><caption>Observatie/bepaling. Subject: Patient, Johanna Petronella Maria (Jo) van Putten-van der Giessen. Status: definitief</caption><tbody><tr><th>Code</th><th>Waarde</th></tr><tr><td><span title=\"arbeidssituatie (364703007 - SNOMED CT)\">arbeidssituatie</span></td><td>ICT-er</td></tr></tbody></table></div>"},"status":"final","code":{"coding":[{"system":"http://snomed.info/sct","code":"364703007","display":"arbeidssituatie"}]},"subject":{"reference":"Patient/nl-core-Patient-01","type":"Patient","display":"Patient, Johanna Petronella Maria (Jo) van Putten-van der Giessen"},"valueString":"ICT-er"}