{"resourceType":"Observation","id":"nl-core-IllnessPerception.CopingWithIllnessByPatient-01","meta":{"profile":["http://nictiz.nl/fhir/StructureDefinition/nl-core-IllnessPerception.CopingWithIllnessByPatient"]},"text":{"status":"extensions","div":"<div xmlns=\"http://www.w3.org/1999/xhtml\"><table><caption>Observatie/bepaling. Subject: Patient, Johanna Petronella Maria (Jo) van Putten-van der Giessen. Status: definitief</caption><tbody><tr><th>Code</th><th>Waarde</th></tr><tr><td><span title=\"vermogen tot coping (364667003 - SNOMED CT)\">vermogen tot coping</span></td><td>Patiënt wil niet praten over de toekomst.</td></tr></tbody></table></div>"},"status":"final","code":{"coding":[{"system":"http://snomed.info/sct","code":"364667003","display":"vermogen tot coping"}]},"subject":{"reference":"Patient/nl-core-Patient-01","type":"Patient","display":"Patient, Johanna Petronella Maria (Jo) van Putten-van der Giessen"},"valueString":"Patiënt wil niet praten over de toekomst."}