{"resourceType":"Practitioner","id":"nl-core-CareTeam-01-Practitioner-03","meta":{"profile":["http://nictiz.nl/fhir/StructureDefinition/nl-core-HealthProfessional-Practitioner"]},"text":{"status":"extensions","div":"<div xmlns=\"http://www.w3.org/1999/xhtml\"><div>R.M. van Heck</div></div>"},"name":[{"use":"official","text":"R.M. van Heck","family":"van Heck","_family":{"extension":[{"url":"http://hl7.org/fhir/StructureDefinition/humanname-own-prefix","valueString":"van"},{"url":"http://hl7.org/fhir/StructureDefinition/humanname-own-name","valueString":"Heck"}]},"given":["R.","M."],"_given":[{"extension":[{"url":"http://hl7.org/fhir/StructureDefinition/iso21090-EN-qualifier","valueCode":"IN"}]},{"extension":[{"url":"http://hl7.org/fhir/StructureDefinition/iso21090-EN-qualifier","valueCode":"IN"}]}],"prefix":["Dr."]}]}