{"resourceType":"Observation","id":"nl-core-DevelopmentChild-01","meta":{"profile":["http://nictiz.nl/fhir/StructureDefinition/nl-core-DevelopmentChild"]},"text":{"status":"extensions","div":"<div xmlns=\"http://www.w3.org/1999/xhtml\"><table><caption>Observatie/bepaling. Subject: Patient, Johanna Petronella Maria (Jo) van Putten-van der Giessen. Status: definitief</caption><tbody><tr><th>Bepalingdatum/tijd</th><td>19 december 2016</td></tr><tr><th>Code</th><th>Waarde</th></tr><tr><td><span title=\"bevinding betreffende ontwikkeling van kind (251803000 - SNOMED CT)\">bevinding betreffende ontwikkeling van kind</span></td><td /></tr></tbody></table></div>"},"status":"final","code":{"coding":[{"system":"http://snomed.info/sct","code":"251803000","display":"bevinding betreffende ontwikkeling van kind"}]},"subject":{"reference":"Patient/nl-core-Patient-01","type":"Patient","display":"Patient, Johanna Petronella Maria (Jo) van Putten-van der Giessen"},"effectiveDateTime":"2016-12-19","note":[{"text":"Kind is heel beweeglijk"}],"hasMember":[{"reference":"Observation/nl-core-DevelopmentChild.ToiletTrainednessUrine-01","type":"Observation","display":"Zindelijkheid Urine: geen blaascontrole op kinderleeftijd"},{"reference":"Observation/nl-core-DevelopmentChild.ToiletTrainednessFeces-01","type":"Observation","display":"Zindelijkheid Feces: geen controle over defecatie op kinderleeftijd"},{"reference":"Observation/nl-core-DevelopmentChild.AgeFirstMenstruation-01","type":"Observation","display":"Leeftijd eerste menstruatie: 16a"},{"reference":"Observation/nl-core-DevelopmentChild.DevelopmentLocomotion-01","type":"Observation","display":"Ontwikkeling motoriek: in staat om zich op te trekken tot staan vanuit zithouding"},{"reference":"Observation/nl-core-DevelopmentChild.DevelopmentSocial-01","type":"Observation","display":"Ontwikkeling sociaal: in staat om te geven en nemen"},{"reference":"Observation/nl-core-DevelopmentChild.DevelopmentLinguistics-01","type":"Observation","display":"Ontwikkeling taal: in staat om korte dagelijks gebruikte zinnen te begrijpen"},{"reference":"Observation/nl-core-DevelopmentChild.DevelopmentCognition-01","type":"Observation","display":"Ontwikkeling verstandelijk: in staat om abstract te denken"}]}