{"resourceType":"Observation","id":"nl-core-DevelopmentChild.DevelopmentSocial-01","meta":{"profile":["http://nictiz.nl/fhir/StructureDefinition/nl-core-DevelopmentChild.DevelopmentSocial"]},"text":{"status":"extensions","div":"<div xmlns=\"http://www.w3.org/1999/xhtml\"><table><caption>Observatie/bepaling. Subject: Patient, Johanna Petronella Maria (Jo) van Putten-van der Giessen. Status: definitief</caption><tbody><tr><th>Bepalingdatum/tijd</th><td>19 december 2016</td></tr><tr><th>Code</th><th>Waarde</th></tr><tr><td><span title=\"vermogen tot interactie met anderen (225597007 - SNOMED CT)\">vermogen tot interactie met anderen</span></td><td><span title=\"in staat om te geven en nemen (26281000146106 - SNOMED CT)\">in staat om te geven en nemen</span></td></tr></tbody></table></div>"},"status":"final","code":{"coding":[{"system":"http://snomed.info/sct","code":"225597007","display":"vermogen tot interactie met anderen"}]},"subject":{"reference":"Patient/nl-core-Patient-01","type":"Patient","display":"Patient, Johanna Petronella Maria (Jo) van Putten-van der Giessen"},"effectiveDateTime":"2016-12-19","valueCodeableConcept":{"coding":[{"system":"http://snomed.info/sct","code":"26281000146106","display":"in staat om te geven en nemen"}]}}