{"resourceType":"Condition","id":"nl-core-SkinDisorder-01-Condition-01","meta":{"profile":["http://nictiz.nl/fhir/StructureDefinition/nl-core-Problem"]},"text":{"status":"extensions","div":"<div xmlns=\"http://www.w3.org/1999/xhtml\"><table><caption>Aandoening. Subject: Patient, Johanna Petronella Maria (Jo) van Putten-van der Giessen. Status: <span title=\"Active (active - http://terminology.hl7.org/CodeSystem/condition-clinical)\">Active</span></caption><tbody><tr><th>Code</th><td><span title=\"urine-incontinentie (165232002 - SNOMED CT)\">urine-incontinentie</span></td></tr><tr><th>Eerste symptomen</th><td>1 juni 2014</td></tr></tbody></table></div>"},"clinicalStatus":{"coding":[{"system":"http://terminology.hl7.org/CodeSystem/condition-clinical","code":"active","display":"Active"}]},"code":{"coding":[{"system":"http://snomed.info/sct","code":"165232002","display":"urine-incontinentie"}]},"subject":{"reference":"Patient/nl-core-Patient-01","type":"Patient","display":"Patient, Johanna Petronella Maria (Jo) van Putten-van der Giessen"},"onsetDateTime":"2014-06-01"}