{"resourceType":"Observation","id":"nl-core-Pregnancy.Gravidity-01","meta":{"profile":["http://nictiz.nl/fhir/StructureDefinition/nl-core-Pregnancy.Gravidity"]},"text":{"status":"extensions","div":"<div xmlns=\"http://www.w3.org/1999/xhtml\"><table><caption>Observatie/bepaling. Subject: Patient, Johanna Petronella Maria (Jo) van Putten-van der Giessen. Status: definitief</caption><tbody><tr><th>Code</th><th>Waarde</th></tr><tr><td><span title=\"aantal zwangerschappen (161732006 - SNOMED CT)\">aantal zwangerschappen</span></td><td>2</td></tr></tbody></table></div>"},"status":"final","code":{"coding":[{"system":"http://snomed.info/sct","code":"161732006","display":"aantal zwangerschappen"}]},"subject":{"reference":"Patient/nl-core-Patient-01","type":"Patient","display":"Patient, Johanna Petronella Maria (Jo) van Putten-van der Giessen"},"focus":[{"reference":"Condition/nl-core-Pregnancy-01","type":"Condition","display":"Pregnancy"}],"valueInteger":2}