{"resourceType":"Condition","id":"nl-core-MedicalDevice-01-Condition-01","meta":{"profile":["http://nictiz.nl/fhir/StructureDefinition/nl-core-Problem"]},"text":{"status":"extensions","div":"<div xmlns=\"http://www.w3.org/1999/xhtml\"><table><caption>Aandoening. Subject: Patient, Johanna Petronella Maria (Jo) van Putten-van der Giessen. </caption><tbody><tr><th>Code</th><td><span title=\"Multiple sclerose (G35 - sid/icd-10-nl)\">Multiple sclerose</span></td></tr></tbody></table></div>"},"code":{"coding":[{"system":"http://hl7.org/fhir/sid/icd-10-nl","code":"G35","display":"Multiple sclerose"}]},"subject":{"reference":"Patient/nl-core-Patient-01","type":"Patient","display":"Patient, Johanna Petronella Maria (Jo) van Putten-van der Giessen"}}