{"resourceType":"Observation","id":"nl-core-ParticipationInSociety.SocialNetwork-01","meta":{"profile":["http://nictiz.nl/fhir/StructureDefinition/nl-core-ParticipationInSociety.SocialNetwork"]},"text":{"status":"extensions","div":"<div xmlns=\"http://www.w3.org/1999/xhtml\"><table><caption>Observatie/bepaling. Subject: Patient, Johanna Petronella Maria (Jo) van Putten-van der Giessen. Status: definitief</caption><tbody><tr><th>Code</th><th>Waarde</th></tr><tr><td><span title=\"bevinding betreffende netwerk van gezin, familie en ondersteuners (365469004 - SNOMED CT)\">bevinding betreffende netwerk van gezin, familie en ondersteuners</span></td><td>Heeft veel aanloop van buren</td></tr></tbody></table></div>"},"status":"final","code":{"coding":[{"system":"http://snomed.info/sct","code":"365469004","display":"bevinding betreffende netwerk van gezin, familie en ondersteuners"}]},"subject":{"reference":"Patient/nl-core-Patient-01","type":"Patient","display":"Patient, Johanna Petronella Maria (Jo) van Putten-van der Giessen"},"valueString":"Heeft veel aanloop van buren"}