{"resourceType":"Observation","id":"nl-core-HeartRate-01","meta":{"profile":["http://nictiz.nl/fhir/StructureDefinition/nl-core-HeartRate"]},"text":{"status":"extensions","div":"<div xmlns=\"http://www.w3.org/1999/xhtml\"><table><caption>Observatie/bepaling. Subject: Patient, Johanna Petronella Maria (Jo) van Putten-van der Giessen. Categorie: <span title=\"Vital Signs (vital-signs - http://terminology.hl7.org/CodeSystem/observation-category)\">Vital Signs</span>, Status: definitief</caption><tbody><tr><th>Bepalingdatum/tijd</th><td>06:43:00, 8 februari 2013</td></tr><tr><th>Methode</th><td><span title=\"Auscultatie (37931006 - SNOMED CT)\">Auscultatie</span></td></tr><tr><th>Code</th><th>Waarde</th></tr><tr><td><span title=\"Heart rate (8867-4 - LOINC)\">Heart rate</span></td><td>126 /min</td></tr></tbody></table></div>"},"status":"final","category":[{"coding":[{"system":"http://terminology.hl7.org/CodeSystem/observation-category","code":"vital-signs","display":"Vital Signs"}]}],"code":{"coding":[{"system":"http://loinc.org","code":"8867-4","display":"Heart rate"}]},"subject":{"reference":"Patient/nl-core-Patient-01","type":"Patient","display":"Patient, Johanna Petronella Maria (Jo) van Putten-van der Giessen"},"effectiveDateTime":"2013-02-08T06:43:00+02:00","valueQuantity":{"value":126,"unit":"/min","system":"http://unitsofmeasure.org","code":"/min"},"note":[{"text":"Misschien bigeminie?"}],"method":{"coding":[{"system":"http://snomed.info/sct","code":"37931006","display":"Auscultatie"}]},"hasMember":[{"reference":"Observation/nl-core-HeartRate.HeartbeatRegularity-01","type":"Observation","display":"Hartslag regelmatigheid: Onregelmatige hartslag"},{"reference":"Observation/nl-core-HeartRate.InterpretationHeartRate-01","type":"Observation","display":"Interpretatie frequentie: Bradycardie"}]}