{"resourceType":"RelatedPerson","id":"nl-core-AdvanceDirective-01-RelatedPerson-01","meta":{"profile":["http://nictiz.nl/fhir/StructureDefinition/nl-core-ContactPerson"]},"text":{"status":"extensions","div":"<div xmlns=\"http://www.w3.org/1999/xhtml\"><div>J.P.M. Pietersen</div><div><a href=\"tel:+31611234567\">+31611234567</a> (Tel)</div><div><span title=\"Wettelijke vertegenwoordiger (24 - RoleCodeLijst (COD472-VEKT))\">Wettelijke vertegenwoordiger</span> van Patient, Johanna Petronella Maria (Jo) van Putten-van der Giessen</div></div>"},"patient":{"reference":"Patient/nl-core-Patient-01","type":"Patient","display":"Patient, Johanna Petronella Maria (Jo) van Putten-van der Giessen"},"relationship":[{"coding":[{"system":"urn:oid:2.16.840.1.113883.2.4.3.11.22.472","code":"24","display":"Wettelijke vertegenwoordiger"}]}],"name":[{"use":"official","text":"J.P.M. Pietersen","family":"Pietersen","_family":{"extension":[{"url":"http://hl7.org/fhir/StructureDefinition/humanname-own-name","valueString":"Pietersen"}]},"given":["J.","P.","M."],"_given":[{"extension":[{"url":"http://hl7.org/fhir/StructureDefinition/iso21090-EN-qualifier","valueCode":"IN"}]},{"extension":[{"url":"http://hl7.org/fhir/StructureDefinition/iso21090-EN-qualifier","valueCode":"IN"}]},{"extension":[{"url":"http://hl7.org/fhir/StructureDefinition/iso21090-EN-qualifier","valueCode":"IN"}]}]}],"telecom":[{"system":"phone","_system":{"extension":[{"url":"http://nictiz.nl/fhir/StructureDefinition/ext-CodeSpecification","valueCodeableConcept":{"coding":[{"system":"http://terminology.hl7.org/CodeSystem/v3-AddressUse","code":"MC","display":"Mobile Phone"}]}}]},"value":"+31611234567"}]}