{"resourceType":"DeviceUseStatement","id":"nl-core-Procedure-01-DeviceUseStatement-01","meta":{"profile":["http://nictiz.nl/fhir/StructureDefinition/nl-core-MedicalDevice"]},"text":{"status":"extensions","div":"<div xmlns=\"http://www.w3.org/1999/xhtml\"><table><caption>Beschrijving apparaatgebruik. Subject: Patient, Johanna Petronella Maria (Jo) van Putten-van der Giessen. Status: actief</caption><tbody><tr><th>Apparaat/Systeem</th><td>Implantant, Gen 2 Tibia Insert 5/6-9mm</td></tr></tbody></table></div>"},"status":"active","subject":{"reference":"Patient/nl-core-Patient-01","type":"Patient","display":"Patient, Johanna Petronella Maria (Jo) van Putten-van der Giessen"},"device":{"reference":"Device/nl-core-Procedure-01-Device-01","type":"Device","display":"Implantant, Gen 2 Tibia Insert 5/6-9mm"}}