{"resourceType":"Location","id":"nl-core-HelpFromOthers-02-Location-01","meta":{"profile":["http://nictiz.nl/fhir/StructureDefinition/nl-core-HealthcareProvider"]},"text":{"status":"extensions","div":"<div xmlns=\"http://www.w3.org/1999/xhtml\"><table><caption>Locatie. </caption><tbody><tr><th>Naam</th><td /></tr></tbody></table></div>"},"managingOrganization":{"reference":"Organization/nl-core-HelpFromOthers-02-Organization-01","type":"Organization","display":"Healthcare provider (organization), Thuiszorg X"}}