{"resourceType":"Observation","id":"nl-core-ParticipationInSociety.Hobby-01","meta":{"profile":["http://nictiz.nl/fhir/StructureDefinition/nl-core-ParticipationInSociety.Hobby"]},"text":{"status":"extensions","div":"<div xmlns=\"http://www.w3.org/1999/xhtml\"><table><caption>Observatie/bepaling. Subject: Patient, Johanna Petronella Maria (Jo) van Putten-van der Giessen. Status: definitief</caption><tbody><tr><th>Code</th><th>Waarde</th></tr><tr><td><span title=\"vrijetijdsgedrag (405081003 - SNOMED CT)\">vrijetijdsgedrag</span></td><td>Nordic walking</td></tr></tbody></table></div>"},"status":"final","code":{"coding":[{"system":"http://snomed.info/sct","code":"405081003","display":"vrijetijdsgedrag"}]},"subject":{"reference":"Patient/nl-core-Patient-01","type":"Patient","display":"Patient, Johanna Petronella Maria (Jo) van Putten-van der Giessen"},"valueString":"Nordic walking"}