{"resourceType":"Observation","id":"nl-core-PressureUlcer-01-WoundCharacteristics-01","meta":{"profile":["http://nictiz.nl/fhir/StructureDefinition/nl-core-wounds.WoundCharacteristics"]},"text":{"status":"extensions","div":"<div xmlns=\"http://www.w3.org/1999/xhtml\"><table><caption>Observatie/bepaling. Subject: Patient, Johanna Petronella Maria (Jo) van Putten-van der Giessen. Status: definitief</caption><tbody><tr><th>Code</th><th>Waarde</th></tr><tr><td><span title=\"Wound finding (225552003 - SNOMED CT)\">Wound finding</span></td><td /></tr></tbody></table></div>"},"status":"final","code":{"coding":[{"system":"http://snomed.info/sct","code":"225552003","display":"Wound finding"}]},"subject":{"reference":"Patient/nl-core-Patient-01","type":"Patient","display":"Patient, Johanna Petronella Maria (Jo) van Putten-van der Giessen"},"hasMember":[{"reference":"Observation/nl-core-PressureUlcer-01-WoundLength-01","type":"Observation","display":"Wound length: 3 cm"},{"reference":"Observation/nl-core-PressureUlcer-01-WoundWidth-01","type":"Observation","display":"Wound width: 2 cm"}]}