{"resourceType":"Specimen","id":"nl-core-LaboratoryTestResult.Specimen-04","meta":{"profile":["http://nictiz.nl/fhir/StructureDefinition/nl-core-LaboratoryTestResult.Specimen"]},"text":{"status":"extensions","div":"<div xmlns=\"http://www.w3.org/1999/xhtml\"><table><caption>Specimen. Subject: Patient, Johanna Petronella Maria (Jo) van Putten-van der Giessen. </caption><tbody><tr><th>Type</th><td><span title=\"Bloed (115668003 - SNOMED CT)\">Bloed</span></td></tr><tr><th>Inzameling</th><td>09:00:00, 1 januari 2022</td></tr></tbody></table></div>"},"type":{"coding":[{"system":"http://snomed.info/sct","code":"115668003","display":"Bloed"}]},"subject":{"reference":"Patient/nl-core-Patient-01","type":"Patient","display":"Patient, Johanna Petronella Maria (Jo) van Putten-van der Giessen"},"collection":{"collectedDateTime":"2022-01-01T09:00:00+01:00"}}