{"resourceType":"PractitionerRole","id":"nl-core-Procedure-01-PractitionerRole-01","meta":{"profile":["http://nictiz.nl/fhir/StructureDefinition/nl-core-HealthProfessional-PractitionerRole"]},"text":{"status":"extensions","div":"<div xmlns=\"http://www.w3.org/1999/xhtml\"><table><caption>Zorgverlenerrol. </caption><tbody><tr><th>Zorgverlener</th><td><div /></td></tr><tr><th>Specialisme</th><td><span title=\"Orthoptisten (4402 - AGB-medisch specialisme)\">Orthoptisten</span></td></tr></tbody></table></div>"},"specialty":[{"coding":[{"system":"urn:oid:2.16.840.1.113883.2.4.6.7","version":"2020-10-23T00:00:00","code":"4402","display":"Orthoptisten"}]}]}