{"resourceType":"Observation","id":"nl-core-Wound-01-WoundInfection-01","meta":{"profile":["http://nictiz.nl/fhir/StructureDefinition/nl-core-Wound.WoundInfection"]},"text":{"status":"extensions","div":"<div xmlns=\"http://www.w3.org/1999/xhtml\"><table><caption>Observatie/bepaling. Subject: Patient, Johanna Petronella Maria (Jo) van Putten-van der Giessen. Status: definitief</caption><tbody><tr><th>Code</th><th>Waarde</th></tr><tr><td><span title=\"infectiestatus (405009004 - SNOMED CT)\">infectiestatus</span></td><td>nee</td></tr></tbody></table></div>"},"status":"final","code":{"coding":[{"system":"http://snomed.info/sct","code":"405009004","display":"infectiestatus"}]},"subject":{"reference":"Patient/nl-core-Patient-01","type":"Patient","display":"Patient, Johanna Petronella Maria (Jo) van Putten-van der Giessen"},"valueBoolean":false}