{"resourceType":"Device","id":"nl-core-MedicalDevice.Product-01","meta":{"profile":["http://nictiz.nl/fhir/StructureDefinition/nl-core-MedicalDevice.Product"]},"text":{"status":"extensions","div":"<div xmlns=\"http://www.w3.org/1999/xhtml\"><table><caption>Apparaat/Systeem. Patiënt: Patient, Johanna Petronella Maria (Jo) van Putten-van der Giessen. Id: (01)08023279277098(17)221231(10)1234AB(21)12345XYZ(11)010101 (https://www.gs1.org/gtin)</caption><tfoot><tr><td colspan=\"2\">Standaard rolstoel, 46 cm zitting</td></tr></tfoot><tbody><tr><th>Type</th><td><span title=\"rolstoel (58938008 - SNOMED CT)\">rolstoel</span></td></tr></tbody></table></div>"},"identifier":[{"system":"https://www.gs1.org/gtin","value":"(01)08023279277098(17)221231(10)1234AB(21)12345XYZ(11)010101"}],"udiCarrier":[{"issuer":"https://www.gs1.org/gtin","carrierHRF":"(01)08023279277098(17)221231(10)1234AB(21)12345XYZ(11)010101"}],"type":{"coding":[{"system":"http://snomed.info/sct","code":"58938008","display":"rolstoel"}]},"patient":{"reference":"Patient/nl-core-Patient-01","type":"Patient","display":"Patient, Johanna Petronella Maria (Jo) van Putten-van der Giessen"},"note":[{"text":"Standaard rolstoel, 46 cm zitting"}]}