{"resourceType":"Observation","id":"nl-core-ApgarScore-5Minute-01","meta":{"profile":["http://nictiz.nl/fhir/StructureDefinition/nl-core-ApgarScore-5Minute"]},"text":{"status":"extensions","div":"<div xmlns=\"http://www.w3.org/1999/xhtml\"><table><caption>Observatie/bepaling. Subject: Patient, Johanna Petronella Maria (Jo) van Putten-van der Giessen. Status: definitief</caption><tbody><tr><th>Bepalingdatum/tijd</th><td>09:00:00, 19 december 2016</td></tr><tr><th>Code</th><th>Waarde</th></tr><tr><td><span title=\"5 minute Apgar Score (9274-2 - LOINC)\">5 minute Apgar Score</span></td><td>8</td></tr><tr><td><span title=\"5 minute Apgar Respiratory effort (32415-2 - LOINC)\">5 minute Apgar Respiratory effort</span></td><td><span title=\"Good, strong cry; normal rate and effort of breathing (LA6727-7 - LOINC)\">Good, strong cry; normal rate and effort of breathing</span></td></tr><tr><td><span title=\"5 minute Apgar Color (32411-1 - LOINC)\">5 minute Apgar Color</span></td><td><span title=\"Good color in body with bluish hands or feet (LA6723-6 - LOINC)\">Good color in body with bluish hands or feet</span></td></tr><tr><td><span title=\"5 minute Apgar Heart rate (32412-9 - LOINC)\">5 minute Apgar Heart rate</span></td><td><span title=\"Fewer than 100 beats per minute (LA6717-8 - LOINC)\">Fewer than 100 beats per minute</span></td></tr><tr><td><span title=\"5 minute Apgar Reflex irritability (32414-5 - LOINC)\">5 minute Apgar Reflex irritability</span></td><td><span title=\"Grimace and pulling away, cough, or sneeze during suctioning (LA6721-0 - LOINC)\">Grimace and pulling away, cough, or sneeze during suctioning</span></td></tr><tr><td><span title=\"5 minute Apgar Muscle tone (32413-7 - LOINC)\">5 minute Apgar Muscle tone</span></td><td><span title=\"Active motion (LA6715-2 - LOINC)\">Active motion</span></td></tr></tbody></table></div>"},"status":"final","code":{"coding":[{"system":"http://loinc.org","code":"9274-2","display":"5 minute Apgar Score"}]},"subject":{"reference":"Patient/nl-core-Patient-01","type":"Patient","display":"Patient, Johanna Petronella Maria (Jo) van Putten-van der Giessen"},"effectiveDateTime":"2016-12-19T09:00:00+01:00","valueInteger":8,"note":[{"text":"Geen medisch onderzoek kinderarts nodig"}],"component":[{"code":{"coding":[{"system":"http://loinc.org","code":"32415-2","display":"5 minute Apgar Respiratory effort"}]},"valueCodeableConcept":{"coding":[{"system":"http://loinc.org","code":"LA6727-7","display":"Good, strong cry; normal rate and effort of breathing"}]}},{"code":{"coding":[{"system":"http://loinc.org","code":"32411-1","display":"5 minute Apgar Color"}]},"valueCodeableConcept":{"coding":[{"system":"http://loinc.org","code":"LA6723-6","display":"Good color in body with bluish hands or feet"}]}},{"code":{"coding":[{"system":"http://loinc.org","code":"32412-9","display":"5 minute Apgar Heart rate"}]},"valueCodeableConcept":{"coding":[{"system":"http://loinc.org","code":"LA6717-8","display":"Fewer than 100 beats per minute"}]}},{"code":{"coding":[{"system":"http://loinc.org","code":"32414-5","display":"5 minute Apgar Reflex irritability"}]},"valueCodeableConcept":{"coding":[{"system":"http://loinc.org","code":"LA6721-0","display":"Grimace and pulling away, cough, or sneeze during suctioning"}]}},{"code":{"coding":[{"system":"http://loinc.org","code":"32413-7","display":"5 minute Apgar Muscle tone"}]},"valueCodeableConcept":{"coding":[{"system":"http://loinc.org","code":"LA6715-2","display":"Active motion"}]}}]}