{"resourceType":"Flag","id":"nl-core-MedicationContraIndication-01","meta":{"profile":["http://nictiz.nl/fhir/StructureDefinition/nl-core-MedicationContraIndication"]},"text":{"status":"extensions","div":"<div xmlns=\"http://www.w3.org/1999/xhtml\"><table><caption>Attentievlag. Subject: Patient, Johanna Petronella Maria (Jo) van Putten-van der Giessen. Categorie: <span title=\"contra-indicatie met betrekking op medicatiebewaking (140401000146105 - SNOMED CT)\">contra-indicatie met betrekking op medicatiebewaking</span>, Status: inactief<span style=\"display: block;\">Auteur: Healthcare professional (role), J.H.R. Peters</span></caption><tbody><tr><th>Categorie</th><td><span title=\"contra-indicatie met betrekking op medicatiebewaking (140401000146105 - SNOMED CT)\">contra-indicatie met betrekking op medicatiebewaking</span></td></tr><tr><th>Code</th><td><span title=\"Zwangerschap (1320 - G-Standaard Tabel 40)\">Zwangerschap</span></td></tr><tr><th>Periode</th><td>8 juni 2020 - 18 maart 2021</td></tr></tbody></table></div>"},"extension":[{"url":"http://nictiz.nl/fhir/StructureDefinition/ext-MedicationContraIndication.ReasonClosure","valueString":"Beindigd"},{"url":"http://nictiz.nl/fhir/StructureDefinition/ext-Comment","valueString":"Alles is goed gegaan"}],"status":"inactive","category":[{"coding":[{"system":"http://snomed.info/sct","code":"140401000146105","display":"contra-indicatie met betrekking op medicatiebewaking"}]}],"code":{"coding":[{"system":"urn:oid:2.16.840.1.113883.2.4.4.1.902.40","code":"1320","display":"Zwangerschap"}]},"subject":{"reference":"Patient/nl-core-Patient-01","type":"Patient","display":"Patient, Johanna Petronella Maria (Jo) van Putten-van der Giessen"},"period":{"start":"2020-06-08","end":"2021-03-18"},"author":{"reference":"PractitionerRole/nl-core-MedicationContraIndication-01-PractitionerRole-01","type":"PractitionerRole","display":"Healthcare professional (role), J.H.R. Peters"}}