{"resourceType":"Observation","id":"nl-core-AbilityToWashOneself-01","meta":{"profile":["http://nictiz.nl/fhir/StructureDefinition/nl-core-AbilityToWashOneself"]},"text":{"status":"extensions","div":"<div xmlns=\"http://www.w3.org/1999/xhtml\"><table><caption>Observatie/bepaling. Subject: Patient, Johanna Petronella Maria (Jo) van Putten-van der Giessen. Status: definitief</caption><tbody><tr><th>Code</th><th>Waarde</th></tr><tr><td><span title=\"vermogen om zich te wassen (284785009 - SNOMED CT)\">vermogen om zich te wassen</span></td><td><span title=\"niet in staat zichzelf te wassen (284787001 - SNOMED CT)\">niet in staat zichzelf te wassen</span></td></tr><tr><td><span title=\"structuur van lichaamsdeel (38866009 - SNOMED CT)\">structuur van lichaamsdeel</span></td><td><span title=\"gehele bovenlichaam (362874006 - SNOMED CT)\">gehele bovenlichaam</span></td></tr></tbody></table></div>"},"status":"final","code":{"coding":[{"system":"http://snomed.info/sct","code":"284785009","display":"vermogen om zich te wassen"}]},"subject":{"reference":"Patient/nl-core-Patient-01","type":"Patient","display":"Patient, Johanna Petronella Maria (Jo) van Putten-van der Giessen"},"valueCodeableConcept":{"coding":[{"system":"http://snomed.info/sct","code":"284787001","display":"niet in staat zichzelf te wassen"}]},"component":[{"code":{"coding":[{"system":"http://snomed.info/sct","code":"38866009","display":"structuur van lichaamsdeel"}]},"valueCodeableConcept":{"coding":[{"system":"http://snomed.info/sct","code":"362874006","display":"gehele bovenlichaam"}]}}]}