{"resourceType":"Observation","id":"nl-core-Burnwound.Extent-01","meta":{"profile":["http://nictiz.nl/fhir/StructureDefinition/nl-core-Burnwound.Extent"]},"text":{"status":"extensions","div":"<div xmlns=\"http://www.w3.org/1999/xhtml\"><table><caption>Observatie/bepaling. Subject: Patient, Johanna Petronella Maria (Jo) van Putten-van der Giessen. Status: definitief</caption><tbody><tr><th>Code</th><th>Waarde</th></tr><tr><td><span title=\"Extent of burn (360531000146101 - SNOMED CT)\">Extent of burn</span></td><td>1 %</td></tr></tbody></table></div>"},"status":"final","code":{"coding":[{"system":"http://snomed.info/sct","code":"360531000146101","display":"Extent of burn"}]},"subject":{"reference":"Patient/nl-core-Patient-01","type":"Patient","display":"Patient, Johanna Petronella Maria (Jo) van Putten-van der Giessen"},"valueQuantity":{"value":1,"unit":"%","system":"http://unitsofmeasure.org","code":"%"}}