{"resourceType":"Observation","id":"nl-core-DrugUse-01","meta":{"profile":["http://nictiz.nl/fhir/StructureDefinition/nl-core-DrugUse"]},"text":{"status":"extensions","div":"<div xmlns=\"http://www.w3.org/1999/xhtml\"><table><caption>Observatie/bepaling. Subject: Patient, Johanna Petronella Maria (Jo) van Putten-van der Giessen. Status: definitief</caption><tbody><tr><th>Bepalingdatum/tijd</th><td>Vanaf 1 januari 1985</td></tr><tr><th>Code</th><th>Waarde</th></tr><tr><td><span title=\"bevinding betreffende drugsgebruik (228366006 - SNOMED CT)\">bevinding betreffende drugsgebruik</span></td><td><span title=\"Huidige drugsgebruiker (417284009 - SNOMED CT)\">Huidige drugsgebruiker</span></td></tr><tr><td><span title=\"substantie (105590001 - SNOMED CT)\">substantie</span></td><td><span title=\"Methyleendioxymethamfetamine (288459003 - SNOMED CT)\">Methyleendioxymethamfetamine</span></td></tr><tr><td><span title=\"toedieningsweg (410675002 - SNOMED CT)\">toedieningsweg</span></td><td><span title=\"ORAAL (9 - G-Standaard thesaurus subtabel 0007)\">ORAAL</span></td></tr><tr><td><span title=\"toedieningsweg (410675002 - SNOMED CT)\">toedieningsweg</span></td><td><span title=\"NASAAL (6 - G-Standaard thesaurus subtabel 0007)\">NASAAL</span></td></tr><tr><td><span title=\"detail over drugsmisbruik (363908000 - SNOMED CT)\">detail over drugsmisbruik</span></td><td>2x per maand</td></tr></tbody></table></div>"},"status":"final","code":{"coding":[{"system":"http://snomed.info/sct","code":"228366006","display":"bevinding betreffende drugsgebruik"}]},"subject":{"reference":"Patient/nl-core-Patient-01","type":"Patient","display":"Patient, Johanna Petronella Maria (Jo) van Putten-van der Giessen"},"effectivePeriod":{"start":"1985-01-01"},"valueCodeableConcept":{"coding":[{"system":"http://snomed.info/sct","code":"417284009","display":"Huidige drugsgebruiker"}]},"note":[{"text":"Op feestjes en in uitgaanscircuit. Vroeger wat meer dan tegenwoordig."}],"component":[{"code":{"coding":[{"system":"http://snomed.info/sct","code":"105590001","display":"substantie"}]},"valueCodeableConcept":{"coding":[{"system":"http://snomed.info/sct","code":"288459003","display":"Methyleendioxymethamfetamine"}]}},{"code":{"coding":[{"system":"http://snomed.info/sct","code":"410675002","display":"toedieningsweg"}]},"valueCodeableConcept":{"coding":[{"system":"urn:oid:2.16.840.1.113883.2.4.4.9","code":"9","display":"ORAAL"}]}},{"code":{"coding":[{"system":"http://snomed.info/sct","code":"410675002","display":"toedieningsweg"}]},"valueCodeableConcept":{"coding":[{"system":"urn:oid:2.16.840.1.113883.2.4.4.9","code":"6","display":"NASAAL"}]}},{"code":{"coding":[{"system":"http://snomed.info/sct","code":"363908000","display":"detail over drugsmisbruik"}]},"valueString":"2x per maand"}]}