{"resourceType":"Observation","id":"nl-core-PulseRate.PulseRegularity-01","meta":{"profile":["http://nictiz.nl/fhir/StructureDefinition/nl-core-PulseRate.PulseRegularity"]},"text":{"status":"extensions","div":"<div xmlns=\"http://www.w3.org/1999/xhtml\"><table><caption>Observatie/bepaling. Subject: Patient, Johanna Petronella Maria (Jo) van Putten-van der Giessen. Categorie: <span title=\"Vital Signs (vital-signs - http://terminology.hl7.org/CodeSystem/observation-category)\">Vital Signs</span>, Status: definitief</caption><tbody><tr><th>Bepalingdatum/tijd</th><td>06:43:00, 8 februari 2013</td></tr><tr><th>Code</th><th>Waarde</th></tr><tr><td><span title=\"Heart rate rhythm palpation (44969-4 - LOINC)\">Heart rate rhythm palpation</span></td><td><span title=\"onregelmatige pulsaties (61086009 - SNOMED CT)\">onregelmatige pulsaties</span></td></tr></tbody></table></div>"},"status":"final","category":[{"coding":[{"system":"http://terminology.hl7.org/CodeSystem/observation-category","code":"vital-signs","display":"Vital Signs"}]}],"code":{"coding":[{"system":"http://loinc.org","code":"44969-4","display":"Heart rate rhythm palpation"}]},"subject":{"reference":"Patient/nl-core-Patient-01","type":"Patient","display":"Patient, Johanna Petronella Maria (Jo) van Putten-van der Giessen"},"effectiveDateTime":"2013-02-08T06:43:00+01:00","valueCodeableConcept":{"coding":[{"system":"http://snomed.info/sct","code":"61086009","display":"onregelmatige pulsaties"}]}}