{"resourceType":"Observation","id":"nl-core-AbilityToDrink-01","meta":{"profile":["http://nictiz.nl/fhir/StructureDefinition/nl-core-AbilityToDrink"]},"text":{"status":"extensions","div":"<div xmlns=\"http://www.w3.org/1999/xhtml\"><table><caption>Observatie/bepaling. Subject: Patient, Johanna Petronella Maria (Jo) van Putten-van der Giessen. Status: definitief</caption><tbody><tr><th>Code</th><th>Waarde</th></tr><tr><td><span title=\"vermogen om te drinken (288852001 - SNOMED CT)\">vermogen om te drinken</span></td><td><span title=\"Hulp nodig bij drinken (16681000146102 - SNOMED CT)\">Hulp nodig bij drinken</span></td></tr></tbody></table></div>"},"status":"final","code":{"coding":[{"system":"http://snomed.info/sct","code":"288852001","display":"vermogen om te drinken"}]},"subject":{"reference":"Patient/nl-core-Patient-01","type":"Patient","display":"Patient, Johanna Petronella Maria (Jo) van Putten-van der Giessen"},"valueCodeableConcept":{"coding":[{"system":"http://snomed.info/sct","code":"16681000146102","display":"Hulp nodig bij drinken"}]},"hasMember":[{"reference":"Observation/nl-core-AbilityToDrink.DrinkingLimitations-01","type":"Observation","display":"drink beperkingen: Moeite met vastpakken van drank"},{"reference":"Observation/nl-core-AbilityToDrink.DrinkingLimitations-02","type":"Observation","display":"drink beperkingen: Moeite met naar mond brengen van drank"}]}