{"resourceType":"Condition","id":"nl-core-Pregnancy-01","meta":{"profile":["http://nictiz.nl/fhir/StructureDefinition/nl-core-Pregnancy"]},"text":{"status":"extensions","div":"<div xmlns=\"http://www.w3.org/1999/xhtml\"><table><caption>Aandoening. Subject: Patient, Johanna Petronella Maria (Jo) van Putten-van der Giessen. </caption><tfoot><tr><td colspan=\"2\">Mevrouw is vaak misselijk in de ochtend.</td></tr></tfoot><tbody><tr><th>Code</th><td><span title=\"bevinding betreffende zwangerschap (118185001 - SNOMED CT)\">bevinding betreffende zwangerschap</span></td></tr></tbody></table></div>"},"code":{"coding":[{"system":"http://snomed.info/sct","code":"118185001","display":"bevinding betreffende zwangerschap"}]},"subject":{"reference":"Patient/nl-core-Patient-01","type":"Patient","display":"Patient, Johanna Petronella Maria (Jo) van Putten-van der Giessen"},"note":[{"text":"Mevrouw is vaak misselijk in de ochtend."}]}