{"resourceType":"Organization","id":"nl-core-MedicalDevice-02-Organization-01","meta":{"profile":["http://nictiz.nl/fhir/StructureDefinition/nl-core-HealthcareProvider-Organization"]},"text":{"status":"extensions","div":"<div xmlns=\"http://www.w3.org/1999/xhtml\"><table><caption>Organisatie. </caption><tbody><tr><th>Naam</th><td>St. Franciscus Gasthuis</td></tr><tr><th>Type</th><td><span title=\"Audiologische centra (1900 - AGB-medisch specialisme)\">Audiologische centra</span></td></tr></tbody></table></div>"},"type":[{"coding":[{"system":"urn:oid:2.16.840.1.113883.2.4.6.7","version":"2020-10-23T00:00:00","code":"1900","display":"Audiologische centra"}]}],"name":"St. Franciscus Gasthuis"}