{"resourceType":"Device","id":"nl-core-MedicalDevice.Product-03","meta":{"profile":["http://nictiz.nl/fhir/StructureDefinition/nl-core-MedicalDevice.Product"]},"text":{"status":"extensions","div":"<div xmlns=\"http://www.w3.org/1999/xhtml\"><table><caption>Apparaat/Systeem. Patiënt: Patient, Johanna Petronella Maria (Jo) van Putten-van der Giessen. Id: +A99912345/$$52001510X3/16D20111212/S77DEFG457 (urn:oid:2.16.840.1.113883.6.40)</caption><tbody><tr><th>Type</th><td><span title=\"pacemaker (14106009 - SNOMED CT)\">pacemaker</span></td></tr></tbody></table></div>"},"identifier":[{"system":"urn:oid:2.16.840.1.113883.6.40","value":"+A99912345/$$52001510X3/16D20111212/S77DEFG457"}],"udiCarrier":[{"issuer":"urn:oid:2.16.840.1.113883.6.40","carrierHRF":"+A99912345/$$52001510X3/16D20111212/S77DEFG457"}],"type":{"coding":[{"system":"http://snomed.info/sct","code":"14106009","display":"pacemaker"}]},"patient":{"reference":"Patient/nl-core-Patient-01","type":"Patient","display":"Patient, Johanna Petronella Maria (Jo) van Putten-van der Giessen"}}