{"resourceType":"Condition","id":"nl-core-PressureUlcer-01","meta":{"profile":["http://nictiz.nl/fhir/StructureDefinition/nl-core-PressureUlcer"]},"text":{"status":"extensions","div":"<div xmlns=\"http://www.w3.org/1999/xhtml\"><table><caption>Aandoening. Subject: Patient, Johanna Petronella Maria (Jo) van Putten-van der Giessen. </caption><tfoot><tr><td colspan=\"2\">Blaar met vocht op hiel.</td></tr></tfoot><tbody><tr><th>Code</th><td><span title=\"Pressure ulcer (399912005 - SNOMED CT)\">Pressure ulcer</span></td></tr><tr><th>Eerste symptomen</th><td>1 september 2014</td></tr><tr><th>Stadium</th><td><span title=\"decubitus graad 2 (420324007 - SNOMED CT)\">decubitus graad 2</span></td></tr><tr><th>Ondersteunend onderzoek</th><td><div>Details: Wound finding</div></td></tr></tbody></table></div>"},"code":{"coding":[{"system":"http://snomed.info/sct","code":"399912005","display":"Pressure ulcer"}]},"bodySite":[{"extension":[{"url":"http://nictiz.nl/fhir/StructureDefinition/ext-AnatomicalLocation.Laterality","valueCodeableConcept":{"coding":[{"system":"http://snomed.info/sct","code":"7771000","display":"links"}]}}],"coding":[{"system":"http://snomed.info/sct","code":"76853006","display":"hiel"}]}],"subject":{"reference":"Patient/nl-core-Patient-01","type":"Patient","display":"Patient, Johanna Petronella Maria (Jo) van Putten-van der Giessen"},"onsetDateTime":"2014-09-01","stage":[{"summary":{"coding":[{"system":"http://snomed.info/sct","code":"420324007","display":"decubitus graad 2"}]}}],"evidence":[{"detail":[{"reference":"Observation/nl-core-PressureUlcer-01-WoundCharacteristics-01","type":"Observation","display":"Wound finding"}]}],"note":[{"text":"Blaar met vocht op hiel."}]}