{"resourceType":"Practitioner","id":"nl-core-MedicalDevice-03-Practitioner-01","meta":{"profile":["http://nictiz.nl/fhir/StructureDefinition/nl-core-HealthProfessional-Practitioner"]},"text":{"status":"extensions","div":"<div xmlns=\"http://www.w3.org/1999/xhtml\"><div>Karel Janssen</div></div>"},"name":[{"use":"official","text":"Karel Janssen","family":"Janssen","_family":{"extension":[{"url":"http://hl7.org/fhir/StructureDefinition/humanname-own-name","valueString":"Janssen"}]},"given":["Karel"],"_given":[{"extension":[{"url":"http://hl7.org/fhir/StructureDefinition/iso21090-EN-qualifier","valueCode":"BR"}]}]}]}