{"resourceType":"Observation","id":"nl-core-LaboratoryTestResult-LaboratoryTest-05","meta":{"profile":["http://nictiz.nl/fhir/StructureDefinition/nl-core-LaboratoryTestResult"]},"text":{"status":"extensions","div":"<div xmlns=\"http://www.w3.org/1999/xhtml\"><table><caption>Observatie/bepaling. Subject: Patient, Johanna Petronella Maria (Jo) van Putten-van der Giessen. Categorie: <span title=\"Laboratory (laboratory - http://terminology.hl7.org/CodeSystem/observation-category)\">Laboratory</span>, <span title=\"Serumtest (275711006 - SNOMED CT)\">Serumtest</span>, Status: definitief</caption><tbody><tr><th>Bepalingdatum/tijd</th><td colspan=\"3\">12:00:00, 2 januari 2022</td></tr><tr><th>Specimen</th><td colspan=\"3\">monster</td></tr><tr><th>Code</th><th>Waarde</th><th>Interpretatie</th><th>Referentiewaarden</th></tr><tr><td><span title=\"Hemoglobine (718-7 - LOINC)\">Hemoglobine</span></td><td>11.5 mmol/l</td><td><span title=\"Onder referentiebereik (281300000 - SNOMED CT)\">Onder referentiebereik</span></td><td><div>12.0 mmol/l - 16.0 mmol/l</div></td></tr></tbody></table></div>"},"status":"final","category":[{"coding":[{"system":"http://terminology.hl7.org/CodeSystem/observation-category","code":"laboratory","display":"Laboratory"}]},{"coding":[{"system":"http://snomed.info/sct","code":"275711006","display":"Serumtest"}]}],"code":{"coding":[{"system":"http://loinc.org","code":"718-7","display":"Hemoglobine"}]},"subject":{"reference":"Patient/nl-core-Patient-01","type":"Patient","display":"Patient, Johanna Petronella Maria (Jo) van Putten-van der Giessen"},"effectiveDateTime":"2022-01-02T12:00:00+01:00","valueQuantity":{"value":11.5,"unit":"mmol/l","system":"http://unitsofmeasure.org","code":"mmol/l"},"interpretation":[{"coding":[{"system":"http://snomed.info/sct","code":"281300000","display":"Onder referentiebereik"}]}],"specimen":{"reference":"Specimen/nl-core-LaboratoryTestResult.Specimen-04","type":"Specimen","display":"monster"},"referenceRange":[{"low":{"value":12.0,"unit":"mmol/l","system":"http://unitsofmeasure.org","code":"mmol/l"},"high":{"value":16.0,"unit":"mmol/l","system":"http://unitsofmeasure.org","code":"mmol/l"}}]}