{"resourceType":"Observation","id":"nl-core-Wound-01-WoundTissue-01","meta":{"profile":["http://nictiz.nl/fhir/StructureDefinition/nl-core-Wound.WoundTissue"]},"text":{"status":"extensions","div":"<div xmlns=\"http://www.w3.org/1999/xhtml\"><table><caption>Observatie/bepaling. Subject: Patient, Johanna Petronella Maria (Jo) van Putten-van der Giessen. Status: definitief</caption><tbody><tr><th>Code</th><th>Waarde</th></tr><tr><td><span title=\"observatie betreffende wondweefsel (148641000146109 - SNOMED CT)\">observatie betreffende wondweefsel</span></td><td><span title=\"Gele wond (GEEL - 2.16.840.1.113883.2.4.3.11.60.40.4.7.2)\">Gele wond</span></td></tr></tbody></table></div>"},"status":"final","code":{"coding":[{"system":"http://snomed.info/sct","code":"148641000146109","display":"observatie betreffende wondweefsel"}]},"subject":{"reference":"Patient/nl-core-Patient-01","type":"Patient","display":"Patient, Johanna Petronella Maria (Jo) van Putten-van der Giessen"},"valueCodeableConcept":{"coding":[{"system":"urn:oid:2.16.840.1.113883.2.4.3.11.60.40.4.7.2","code":"GEEL","display":"Gele wond"}]}}