{"resourceType":"CodeSystem","id":"2.16.840.1.113883.2.4.3.11.60.40.4.8.1","meta":{"profile":["http://hl7.org/fhir/StructureDefinition/shareablecodesystem"]},"language":"nl-NL","text":{"status":"empty","div":"<div xmlns=\"http://www.w3.org/1999/xhtml\" lang=\"nl-NL\" xml:lang=\"nl-NL\">Definitie-resources zijn niet voorzien van een narrative. Een menselijk leesbare versie is te vinden via de implementation guide(s) waarin deze resource gebruikt wordt.</div>"},"extension":[{"url":"http://hl7.org/fhir/StructureDefinition/resource-effectivePeriod","valuePeriod":{"start":"2020-09-01T00:00:00Z"}}],"url":"urn:oid:2.16.840.1.113883.2.4.3.11.60.40.4.8.1","identifier":[{"use":"official","system":"urn:ietf:rfc:3986","value":"urn:oid:2.16.840.1.113883.2.4.3.11.60.40.4.8.1"}],"version":"2020-09-01T00:00:00","name":"ContextKleding","title":"ContextKleding","status":"active","experimental":false,"publisher":"Registratie aan de bron","contact":[{"name":"Registratie aan de bron","telecom":[{"system":"url","value":"https://www.registratieaandebron.nl"},{"system":"url","value":"https://www.zibs.nl"}]}],"description":"ContextKleding","caseSensitive":false,"content":"complete","count":4,"property":[{"code":"status","uri":"http://hl7.org/fhir/concept-properties#status","description":"A code that indicates the status of the concept. Values found in this version of the code system are: active","type":"code"}],"concept":[{"code":"DIAPER","display":"Luier","definition":"Luier [Individu draagt alleen een luier - zou significant aan het gewicht kunnen bijdragen.]","designation":[{"language":"en-US","use":{"system":"http://snomed.info/sct","code":"900000000000013009","display":"Synonym"},"value":"Diaper"}],"property":[{"code":"status","valueCode":"active"}]},{"code":"FULL","display":"Volledig gekleed","definition":"Volledig gekleed, inclusief schoenen [Kleren die een significante bijdrage hebben aan het gewicht, inclusief schoenen.]","designation":[{"language":"en-US","use":{"system":"http://snomed.info/sct","code":"900000000000013009","display":"Synonym"},"value":"Fully dressed"}],"property":[{"code":"status","valueCode":"active"}]},{"code":"MINIMAL","display":"Lichte kleding/ondergoed","definition":"Lichte kleding/ondergoed [Kleding die niet significant het gewicht beïnvloedt.]","designation":[{"language":"en-US","use":{"system":"http://snomed.info/sct","code":"900000000000013009","display":"Synonym"},"value":"Minimal dressed"}],"property":[{"code":"status","valueCode":"active"}]},{"code":"UNDRESSED","display":"Zonder kleding","designation":[{"language":"en-US","use":{"system":"http://snomed.info/sct","code":"900000000000013009","display":"Synonym"},"value":"Undressed"}],"property":[{"code":"status","valueCode":"active"}]}]}