{"resourceType":"CodeSystem","id":"2.16.840.1.113883.2.4.3.11.60.40.4.21.2","meta":{"profile":["http://hl7.org/fhir/StructureDefinition/shareablecodesystem"]},"language":"nl-NL","text":{"status":"empty","div":"<div xmlns=\"http://www.w3.org/1999/xhtml\" lang=\"nl-NL\" xml:lang=\"nl-NL\">Definitie-resources zijn niet voorzien van een narrative. Een menselijk leesbare versie is te vinden via de implementation guide(s) waarin deze resource gebruikt wordt.</div>"},"extension":[{"url":"http://hl7.org/fhir/StructureDefinition/resource-effectivePeriod","valuePeriod":{"start":"2020-09-01T00:00:00Z"}}],"url":"urn:oid:2.16.840.1.113883.2.4.3.11.60.40.4.21.2","identifier":[{"use":"official","system":"urn:ietf:rfc:3986","value":"urn:oid:2.16.840.1.113883.2.4.3.11.60.40.4.21.2"}],"version":"2020-09-01T00:00:00","name":"FLACC_Legs","title":"FLACC_Legs","status":"active","experimental":false,"publisher":"Registratie aan de bron","contact":[{"name":"Registratie aan de bron","telecom":[{"system":"url","value":"https://www.registratieaandebron.nl"},{"system":"url","value":"https://www.zibs.nl"}]}],"description":"FLACC_Legs","caseSensitive":false,"content":"complete","count":3,"property":[{"code":"status","uri":"http://hl7.org/fhir/concept-properties#status","description":"A code that indicates the status of the concept. Values found in this version of the code system are: active","type":"code"}],"concept":[{"extension":[{"url":"http://hl7.org/fhir/StructureDefinition/ordinalValue","valueDecimal":0}],"code":"Legs0","display":"Normal position","definition":"Normale houding en/of ontspannen","designation":[{"language":"en-US","use":{"system":"http://snomed.info/sct","code":"900000000000013009","display":"Synonym"},"value":"Normal position"}],"property":[{"code":"status","valueCode":"active"}]},{"extension":[{"url":"http://hl7.org/fhir/StructureDefinition/ordinalValue","valueDecimal":1}],"code":"Legs1","display":"Restless","definition":"Ongemakkelijk, onrustig, gespannen","designation":[{"language":"en-US","use":{"system":"http://snomed.info/sct","code":"900000000000013009","display":"Synonym"},"value":"Restless"}],"property":[{"code":"status","valueCode":"active"}]},{"extension":[{"url":"http://hl7.org/fhir/StructureDefinition/ordinalValue","valueDecimal":2}],"code":"Legs2","display":"Kicking","definition":"Schopt of heeft opgetrokken benen","designation":[{"language":"en-US","use":{"system":"http://snomed.info/sct","code":"900000000000013009","display":"Synonym"},"value":"Kicking"}],"property":[{"code":"status","valueCode":"active"}]}]}