{"resourceType":"CodeSystem","id":"2.16.840.1.113883.2.4.4.7","language":"en-US","text":{"status":"empty","div":"<div xmlns=\"http://www.w3.org/1999/xhtml\" lang=\"en-US\" xml:lang=\"en-US\">No narrative is provided for definitional resources. A human-readable rendering can be found in the implementation guide(s) where this resource is used.</div>"},"url":"urn:oid:2.16.840.1.113883.2.4.4.7","identifier":[{"use":"official","system":"urn:ietf:rfc:3986","value":"urn:oid:2.16.840.1.113883.2.4.4.7"}],"version":"2010-01-01","name":"G_Standaard_HPK_Handels_Product_Kode","title":"G-Standaard HPK (Handels Product Kode)","status":"unknown","publisher":"ART-DECOR","description":"g-standard Generic trade code","content":"not-present"}