{"resourceType":"CodeSystem","id":"2.16.840.1.113883.6.43.1","language":"en-US","text":{"status":"empty","div":"<div xmlns=\"http://www.w3.org/1999/xhtml\" lang=\"en-US\" xml:lang=\"en-US\">No narrative is provided for definitional resources. A human-readable rendering can be found in the implementation guide(s) where this resource is used.</div>"},"extension":[{"url":"http://hl7.org/fhir/StructureDefinition/resource-effectivePeriod","valuePeriod":{"start":"2009-09-11T12:00:00Z"}}],"url":"urn:oid:2.16.840.1.113883.6.43.1","identifier":[{"use":"official","system":"urn:ietf:rfc:3986","value":"urn:oid:2.16.840.1.113883.6.43.1"}],"version":"2009-09-11T12:00:00","name":"International_Classification_of_Diseases_for_Oncology_version_3","title":"International Classification of Diseases for Oncology, version 3.","status":"unknown","publisher":"ART-DECOR","description":"International Classification of Diseases for Oncology, version 3.  For more information see http://www.who.int/classifications/icd/adaptations/oncology/en/.","content":"not-present"}