{"resourceType":"CodeSystem","id":"2.16.840.1.113883.2.4.4.16.32","meta":{"profile":["http://hl7.org/fhir/StructureDefinition/shareablecodesystem"]},"language":"nl-NL","text":{"status":"empty","div":"<div xmlns=\"http://www.w3.org/1999/xhtml\" lang=\"nl-NL\" xml:lang=\"nl-NL\">Definitie-resources zijn niet voorzien van een narrative. Een menselijk leesbare versie is te vinden via de implementation guide(s) waarin deze resource gebruikt wordt.</div>"},"extension":[{"url":"http://hl7.org/fhir/StructureDefinition/resource-effectivePeriod","valuePeriod":{"start":"2020-03-31T00:00:00Z"}}],"url":"urn:oid:2.16.840.1.113883.2.4.4.16.32","identifier":[{"use":"official","system":"urn:ietf:rfc:3986","value":"urn:oid:2.16.840.1.113883.2.4.4.16.32"}],"version":"2020-03-31T00:00:00","name":"GBATabel32Nationaliteiten","title":"GBA Tabel 32 Nationaliteiten","status":"active","experimental":false,"publisher":"Rijksdienst voor Identiteitsgegevens","contact":[{"name":"Rijksdienst voor Identiteitsgegevens","telecom":[{"system":"url","value":"http://publicaties.rvig.nl"}]}],"description":"Een opsomming van alle door Nederland erkende nationaliteiten met hun codes, omschrijvingen en geldigheidstermijnen. Link naar de bron [https://publicaties.rvig.nl/Landelijke_tabellen/Inleiding_op_de_Landelijke_Tabellen_GBA](https://publicaties.rvig.nl/Landelijke_tabellen/Inleiding_op_de_Landelijke_Tabellen_GBA)","copyright":"Rijksdienst voor Identiteitsgegevens","caseSensitive":false,"content":"complete","count":217,"property":[{"code":"status","uri":"http://hl7.org/fhir/concept-properties#status","description":"A code that indicates the status of the concept. Values found in this version of the code system are: active, deprecated","type":"code"},{"code":"deprecationDate","uri":"http://hl7.org/fhir/concept-properties#deprecationDate","description":"The date at which a concept was deprecated. Concepts that are deprecated but not inactive can still be used, but their use is discouraged, and they should be expected to be made inactive in a future release. Property type is dateTime. Note that the status property may also be used to indicate that a concept is deprecated","type":"dateTime"},{"code":"effectiveDate","uri":"http://hl7.org/fhir/concept-properties#effectiveDate","description":"The date at which the concept was status was last changed. This is calculated based on the highest of 'creation date', 'expiration date', and 'official release date'","type":"dateTime"},{"code":"inactive","uri":"http://hl7.org/fhir/concept-properties#inactive","description":"The concept is no longer valid and is not approved for current use. Property type is boolean","type":"boolean"}],"concept":[{"code":"0000","display":"Onbekend","property":[{"code":"status","valueCode":"active"}]},{"code":"0001","display":"Nederlandse","property":[{"code":"status","valueCode":"active"}]},{"code":"0002","display":"Behandeld als Nederlander","property":[{"code":"status","valueCode":"deprecated"},{"code":"deprecationDate","valueDateTime":"2007-04-01"},{"code":"effectiveDate","valueDateTime":"2007-04-01"},{"code":"inactive","valueBoolean":true}]},{"code":"0027","display":"Slowaakse","property":[{"code":"status","valueCode":"active"},{"code":"effectiveDate","valueDateTime":"1993-01-01"}]},{"code":"0028","display":"Tsjechische","property":[{"code":"status","valueCode":"active"},{"code":"effectiveDate","valueDateTime":"1993-01-01"}]},{"code":"0029","display":"Burger van Bosnië-Herzegovina","property":[{"code":"status","valueCode":"active"},{"code":"effectiveDate","valueDateTime":"1992-04-06"}]},{"code":"0030","display":"Georgische","property":[{"code":"status","valueCode":"active"},{"code":"effectiveDate","valueDateTime":"1991-12-31"}]},{"code":"0031","display":"Turkmeense","property":[{"code":"status","valueCode":"active"},{"code":"effectiveDate","valueDateTime":"1991-12-31"}]},{"code":"0032","display":"Tadzjiekse","property":[{"code":"status","valueCode":"active"},{"code":"effectiveDate","valueDateTime":"1991-12-31"}]},{"code":"0033","display":"Oezbeekse","property":[{"code":"status","valueCode":"active"},{"code":"effectiveDate","valueDateTime":"1991-12-31"}]},{"code":"0034","display":"Oekraïense","property":[{"code":"status","valueCode":"active"},{"code":"effectiveDate","valueDateTime":"1991-12-31"}]},{"code":"0035","display":"Kirgizische","property":[{"code":"status","valueCode":"active"},{"code":"effectiveDate","valueDateTime":"1991-12-31"}]},{"code":"0036","display":"Moldavische","property":[{"code":"status","valueCode":"active"},{"code":"effectiveDate","valueDateTime":"1991-12-31"}]},{"code":"0037","display":"Kazachse","property":[{"code":"status","valueCode":"active"},{"code":"effectiveDate","valueDateTime":"1991-12-31"}]},{"code":"0038","display":"Belarussische","property":[{"code":"status","valueCode":"active"},{"code":"effectiveDate","valueDateTime":"1991-12-31"}]},{"code":"0039","display":"Azerbeidzjaanse","property":[{"code":"status","valueCode":"active"},{"code":"effectiveDate","valueDateTime":"1991-12-31"}]},{"code":"0040","display":"Armeense","property":[{"code":"status","valueCode":"active"},{"code":"effectiveDate","valueDateTime":"1991-12-31"}]},{"code":"0041","display":"Russische","property":[{"code":"status","valueCode":"active"},{"code":"effectiveDate","valueDateTime":"1991-12-31"}]},{"code":"0042","display":"Sloveense","property":[{"code":"status","valueCode":"active"},{"code":"effectiveDate","valueDateTime":"1992-01-15"}]},{"code":"0043","display":"Kroatische","property":[{"code":"status","valueCode":"active"},{"code":"effectiveDate","valueDateTime":"1992-01-15"}]},{"code":"0044","display":"Letse","property":[{"code":"status","valueCode":"active"},{"code":"effectiveDate","valueDateTime":"1991-08-28"}]},{"code":"0045","display":"Estische","property":[{"code":"status","valueCode":"active"},{"code":"effectiveDate","valueDateTime":"1991-08-28"}]},{"code":"0046","display":"Litouwse","property":[{"code":"status","valueCode":"active"},{"code":"effectiveDate","valueDateTime":"1991-08-28"}]},{"code":"0047","display":"Marshalleilandse","property":[{"code":"status","valueCode":"active"}]},{"code":"0048","display":"Myanmarese","property":[{"code":"status","valueCode":"active"}]},{"code":"0049","display":"Namibische","property":[{"code":"status","valueCode":"active"}]},{"code":"0050","display":"Albanese","property":[{"code":"status","valueCode":"active"}]},{"code":"0051","display":"Andorrese","property":[{"code":"status","valueCode":"active"}]},{"code":"0052","display":"Belgische","property":[{"code":"status","valueCode":"active"}]},{"code":"0053","display":"Bulgaarse","property":[{"code":"status","valueCode":"active"}]},{"code":"0054","display":"Deense","property":[{"code":"status","valueCode":"active"}]},{"code":"0055","display":"Burger van de Bondsrepubliek Duitsland","property":[{"code":"status","valueCode":"active"}]},{"code":"0056","display":"Finse","property":[{"code":"status","valueCode":"active"}]},{"code":"0057","display":"Franse","property":[{"code":"status","valueCode":"active"}]},{"code":"0058","display":"Jemenitische","property":[{"code":"status","valueCode":"active"},{"code":"effectiveDate","valueDateTime":"1990-05-22"}]},{"code":"0059","display":"Griekse","property":[{"code":"status","valueCode":"active"}]},{"code":"0060","display":"Brits burger","property":[{"code":"status","valueCode":"active"}]},{"code":"0061","display":"Hongaarse","property":[{"code":"status","valueCode":"active"}]},{"code":"0062","display":"Ierse","property":[{"code":"status","valueCode":"active"}]},{"code":"0063","display":"IJslandse","property":[{"code":"status","valueCode":"active"}]},{"code":"0064","display":"Italiaanse","property":[{"code":"status","valueCode":"active"}]},{"code":"0065","display":"Joegoslavische","property":[{"code":"status","valueCode":"deprecated"},{"code":"deprecationDate","valueDateTime":"2004-02-01"},{"code":"effectiveDate","valueDateTime":"2004-02-01"},{"code":"inactive","valueBoolean":true}]},{"code":"0066","display":"Liechtensteinse","property":[{"code":"status","valueCode":"active"}]},{"code":"0067","display":"Luxemburgse","property":[{"code":"status","valueCode":"active"}]},{"code":"0068","display":"Maltese","property":[{"code":"status","valueCode":"active"}]},{"code":"0069","display":"Monegaskische","property":[{"code":"status","valueCode":"active"}]},{"code":"0070","display":"Noorse","property":[{"code":"status","valueCode":"active"}]},{"code":"0071","display":"Oostenrijkse","property":[{"code":"status","valueCode":"active"}]},{"code":"0072","display":"Poolse","property":[{"code":"status","valueCode":"active"}]},{"code":"0073","display":"Portugese","property":[{"code":"status","valueCode":"active"}]},{"code":"0074","display":"Roemeense","property":[{"code":"status","valueCode":"active"}]},{"code":"0075","display":"Burger van de Sovjet-Unie","property":[{"code":"status","valueCode":"deprecated"},{"code":"deprecationDate","valueDateTime":"1991-12-31"},{"code":"effectiveDate","valueDateTime":"1991-12-31"},{"code":"inactive","valueBoolean":true}]},{"code":"0076","display":"San Marinese","property":[{"code":"status","valueCode":"active"}]},{"code":"0077","display":"Spaanse","property":[{"code":"status","valueCode":"active"}]},{"code":"0078","display":"Tsjecho-Slowaakse","property":[{"code":"status","valueCode":"deprecated"},{"code":"deprecationDate","valueDateTime":"1993-01-01"},{"code":"effectiveDate","valueDateTime":"1993-01-01"},{"code":"inactive","valueBoolean":true}]},{"code":"0079","display":"Vaticaanse","property":[{"code":"status","valueCode":"active"}]},{"code":"0080","display":"Zweedse","property":[{"code":"status","valueCode":"active"}]},{"code":"0081","display":"Zwitserse","property":[{"code":"status","valueCode":"active"}]},{"code":"0082","display":"Oost-Duitse","property":[{"code":"status","valueCode":"deprecated"},{"code":"deprecationDate","valueDateTime":"1990-10-03"},{"code":"effectiveDate","valueDateTime":"1990-10-03"},{"code":"inactive","valueBoolean":true}]},{"code":"0083","display":"Brits onderdaan","property":[{"code":"status","valueCode":"active"}]},{"code":"0084","display":"Eritrese","property":[{"code":"status","valueCode":"active"},{"code":"effectiveDate","valueDateTime":"1993-05-28"}]},{"code":"0085","display":"Brits overzees burger","property":[{"code":"status","valueCode":"active"}]},{"code":"0086","display":"Macedonische","property":[{"code":"status","valueCode":"deprecated"},{"code":"deprecationDate","valueDateTime":"2019-02-12"},{"code":"effectiveDate","valueDateTime":"2019-02-12"},{"code":"inactive","valueBoolean":true}]},{"code":"0087","display":"Kosovaarse","property":[{"code":"status","valueCode":"active"},{"code":"effectiveDate","valueDateTime":"2008-06-15"}]},{"code":"0088","display":"Macedonische/Burger van Noord-Macedonië","property":[{"code":"status","valueCode":"active"},{"code":"effectiveDate","valueDateTime":"2019-02-12"}]},{"code":"0100","display":"Algerijnse","property":[{"code":"status","valueCode":"active"}]},{"code":"0101","display":"Angolese","property":[{"code":"status","valueCode":"active"}]},{"code":"0104","display":"Burundese","property":[{"code":"status","valueCode":"active"}]},{"code":"0105","display":"Botswaanse","property":[{"code":"status","valueCode":"active"}]},{"code":"0106","display":"Burkinese","property":[{"code":"status","valueCode":"active"}]},{"code":"0108","display":"Centraal-Afrikaanse","property":[{"code":"status","valueCode":"active"}]},{"code":"0109","display":"Comorese","property":[{"code":"status","valueCode":"active"}]},{"code":"0110","display":"Burger van Congo","property":[{"code":"status","valueCode":"active"}]},{"code":"0111","display":"Beninse","property":[{"code":"status","valueCode":"active"}]},{"code":"0112","display":"Egyptische","property":[{"code":"status","valueCode":"active"}]},{"code":"0113","display":"Equatoriaal-Guinese","property":[{"code":"status","valueCode":"active"}]},{"code":"0114","display":"Ethiopische","property":[{"code":"status","valueCode":"active"}]},{"code":"0115","display":"Djiboutiaanse","property":[{"code":"status","valueCode":"active"}]},{"code":"0116","display":"Gabonese","property":[{"code":"status","valueCode":"active"}]},{"code":"0117","display":"Gambiaanse","property":[{"code":"status","valueCode":"active"}]},{"code":"0118","display":"Ghanese","property":[{"code":"status","valueCode":"active"}]},{"code":"0119","display":"Guinese","property":[{"code":"status","valueCode":"active"}]},{"code":"0120","display":"Ivoriaanse","property":[{"code":"status","valueCode":"active"}]},{"code":"0121","display":"Kaapverdische","property":[{"code":"status","valueCode":"active"}]},{"code":"0122","display":"Kameroense","property":[{"code":"status","valueCode":"active"}]},{"code":"0123","display":"Kenyaanse","property":[{"code":"status","valueCode":"active"}]},{"code":"0124","display":"Zaïrese","property":[{"code":"status","valueCode":"deprecated"},{"code":"deprecationDate","valueDateTime":"1997-07-15"},{"code":"effectiveDate","valueDateTime":"1997-07-15"},{"code":"inactive","valueBoolean":true}]},{"code":"0125","display":"Lesothaanse","property":[{"code":"status","valueCode":"active"}]},{"code":"0126","display":"Liberiaanse","property":[{"code":"status","valueCode":"active"}]},{"code":"0127","display":"Libische","property":[{"code":"status","valueCode":"active"}]},{"code":"0128","display":"Malagassische","property":[{"code":"status","valueCode":"active"}]},{"code":"0129","display":"Malawische","property":[{"code":"status","valueCode":"active"}]},{"code":"0130","display":"Malinese","property":[{"code":"status","valueCode":"active"}]},{"code":"0131","display":"Marokkaanse","property":[{"code":"status","valueCode":"active"}]},{"code":"0132","display":"Mauritaanse","property":[{"code":"status","valueCode":"active"}]},{"code":"0133","display":"Mauritiaanse","property":[{"code":"status","valueCode":"active"}]},{"code":"0134","display":"Mozambikaanse","property":[{"code":"status","valueCode":"active"}]},{"code":"0135","display":"Swazische","property":[{"code":"status","valueCode":"deprecated"},{"code":"deprecationDate","valueDateTime":"2018-04-19"},{"code":"effectiveDate","valueDateTime":"2018-04-19"},{"code":"inactive","valueBoolean":true}]},{"code":"0136","display":"Nigerese","property":[{"code":"status","valueCode":"active"}]},{"code":"0137","display":"Nigeriaanse","property":[{"code":"status","valueCode":"active"}]},{"code":"0138","display":"Ugandese","property":[{"code":"status","valueCode":"active"}]},{"code":"0139","display":"Guinee-Bissause","property":[{"code":"status","valueCode":"active"}]},{"code":"0140","display":"Zuid-Afrikaanse","property":[{"code":"status","valueCode":"active"}]},{"code":"0141","display":"Eswatinische","property":[{"code":"status","valueCode":"active"},{"code":"effectiveDate","valueDateTime":"2018-04-19"}]},{"code":"0142","display":"Zimbabwaanse","property":[{"code":"status","valueCode":"active"}]},{"code":"0143","display":"Rwandese","property":[{"code":"status","valueCode":"active"}]},{"code":"0144","display":"Burger van São Tomé en Principe","property":[{"code":"status","valueCode":"active"}]},{"code":"0145","display":"Senegalese","property":[{"code":"status","valueCode":"active"}]},{"code":"0147","display":"Sierra Leoonse","property":[{"code":"status","valueCode":"active"}]},{"code":"0148","display":"Soedanese","property":[{"code":"status","valueCode":"active"}]},{"code":"0149","display":"Somalische","property":[{"code":"status","valueCode":"active"}]},{"code":"0151","display":"Tanzaniaanse","property":[{"code":"status","valueCode":"active"}]},{"code":"0152","display":"Togolese","property":[{"code":"status","valueCode":"active"}]},{"code":"0154","display":"Tsjadische","property":[{"code":"status","valueCode":"active"}]},{"code":"0155","display":"Tunesische","property":[{"code":"status","valueCode":"active"}]},{"code":"0156","display":"Zambiaanse","property":[{"code":"status","valueCode":"active"}]},{"code":"0157","display":"Zuid-Soedanese","property":[{"code":"status","valueCode":"active"},{"code":"effectiveDate","valueDateTime":"2011-07-09"}]},{"code":"0200","display":"Bahamaanse","property":[{"code":"status","valueCode":"active"}]},{"code":"0202","display":"Belizaanse","property":[{"code":"status","valueCode":"active"}]},{"code":"0204","display":"Canadese","property":[{"code":"status","valueCode":"active"}]},{"code":"0205","display":"Costa Ricaanse","property":[{"code":"status","valueCode":"active"}]},{"code":"0206","display":"Cubaanse","property":[{"code":"status","valueCode":"active"}]},{"code":"0207","display":"Dominicaanse","property":[{"code":"status","valueCode":"active"}]},{"code":"0208","display":"Salvadoraanse","property":[{"code":"status","valueCode":"active"}]},{"code":"0211","display":"Guatemalaanse","property":[{"code":"status","valueCode":"active"}]},{"code":"0212","display":"Haïtiaanse","property":[{"code":"status","valueCode":"active"}]},{"code":"0213","display":"Hondurese","property":[{"code":"status","valueCode":"active"}]},{"code":"0214","display":"Jamaicaanse","property":[{"code":"status","valueCode":"active"}]},{"code":"0216","display":"Mexicaanse","property":[{"code":"status","valueCode":"active"}]},{"code":"0218","display":"Nicaraguaanse","property":[{"code":"status","valueCode":"active"}]},{"code":"0219","display":"Panamese","property":[{"code":"status","valueCode":"active"}]},{"code":"0222","display":"Burger van Trinidad en Tobago","property":[{"code":"status","valueCode":"active"}]},{"code":"0223","display":"Amerikaans burger","property":[{"code":"status","valueCode":"active"}]},{"code":"0250","display":"Argentijnse","property":[{"code":"status","valueCode":"active"}]},{"code":"0251","display":"Barbadaanse","property":[{"code":"status","valueCode":"active"}]},{"code":"0252","display":"Boliviaanse","property":[{"code":"status","valueCode":"active"}]},{"code":"0253","display":"Braziliaanse","property":[{"code":"status","valueCode":"active"}]},{"code":"0254","display":"Chileense","property":[{"code":"status","valueCode":"active"}]},{"code":"0255","display":"Colombiaanse","property":[{"code":"status","valueCode":"active"}]},{"code":"0256","display":"Ecuadoraanse","property":[{"code":"status","valueCode":"active"}]},{"code":"0259","display":"Guyaanse","property":[{"code":"status","valueCode":"active"}]},{"code":"0261","display":"Paraguayaanse","property":[{"code":"status","valueCode":"active"}]},{"code":"0262","display":"Peruaanse","property":[{"code":"status","valueCode":"active"}]},{"code":"0263","display":"Surinaamse","property":[{"code":"status","valueCode":"active"}]},{"code":"0264","display":"Uruguayaanse","property":[{"code":"status","valueCode":"active"}]},{"code":"0265","display":"Venezolaanse","property":[{"code":"status","valueCode":"active"}]},{"code":"0267","display":"Grenadaanse","property":[{"code":"status","valueCode":"active"}]},{"code":"0268","display":"Burger van Saint Kitts en Nevis","property":[{"code":"status","valueCode":"active"}]},{"code":"0300","display":"Afghaanse","property":[{"code":"status","valueCode":"active"}]},{"code":"0301","display":"Bahreinse","property":[{"code":"status","valueCode":"active"}]},{"code":"0302","display":"Bhutaanse","property":[{"code":"status","valueCode":"active"}]},{"code":"0303","display":"Burmaanse","property":[{"code":"status","valueCode":"deprecated"},{"code":"deprecationDate","valueDateTime":"1989-06-18"},{"code":"effectiveDate","valueDateTime":"1989-06-18"},{"code":"inactive","valueBoolean":true}]},{"code":"0304","display":"Bruneise","property":[{"code":"status","valueCode":"active"}]},{"code":"0305","display":"Cambodjaanse","property":[{"code":"status","valueCode":"active"}]},{"code":"0306","display":"Sri Lankaanse","property":[{"code":"status","valueCode":"active"}]},{"code":"0307","display":"Chinese","property":[{"code":"status","valueCode":"active"}]},{"code":"0308","display":"Cyprische","property":[{"code":"status","valueCode":"active"}]},{"code":"0309","display":"Filipijnse","property":[{"code":"status","valueCode":"active"}]},{"code":"0310","display":"Taiwanese","property":[{"code":"status","valueCode":"active"}]},{"code":"0312","display":"Indiase","property":[{"code":"status","valueCode":"active"}]},{"code":"0313","display":"Indonesische","property":[{"code":"status","valueCode":"active"}]},{"code":"0314","display":"Iraakse","property":[{"code":"status","valueCode":"active"}]},{"code":"0315","display":"Iraanse","property":[{"code":"status","valueCode":"active"}]},{"code":"0316","display":"Israëlische","property":[{"code":"status","valueCode":"active"}]},{"code":"0317","display":"Japanse","property":[{"code":"status","valueCode":"active"}]},{"code":"0318","display":"Noord-Jemenitische","property":[{"code":"status","valueCode":"deprecated"},{"code":"deprecationDate","valueDateTime":"1990-05-22"},{"code":"effectiveDate","valueDateTime":"1990-05-22"},{"code":"inactive","valueBoolean":true}]},{"code":"0319","display":"Jordaanse","property":[{"code":"status","valueCode":"active"}]},{"code":"0320","display":"Koeweitse","property":[{"code":"status","valueCode":"active"}]},{"code":"0321","display":"Laotiaanse","property":[{"code":"status","valueCode":"active"}]},{"code":"0322","display":"Libanese","property":[{"code":"status","valueCode":"active"}]},{"code":"0324","display":"Maldivische","property":[{"code":"status","valueCode":"active"}]},{"code":"0325","display":"Maleisische","property":[{"code":"status","valueCode":"active"}]},{"code":"0326","display":"Mongolische","property":[{"code":"status","valueCode":"active"}]},{"code":"0327","display":"Omaanse","property":[{"code":"status","valueCode":"active"}]},{"code":"0328","display":"Nepalese","property":[{"code":"status","valueCode":"active"}]},{"code":"0329","display":"Noord-Koreaanse","property":[{"code":"status","valueCode":"active"}]},{"code":"0331","display":"Pakistaanse","property":[{"code":"status","valueCode":"active"}]},{"code":"0333","display":"Qatarese","property":[{"code":"status","valueCode":"active"}]},{"code":"0334","display":"Saoedi-Arabische","property":[{"code":"status","valueCode":"active"}]},{"code":"0335","display":"Singaporese","property":[{"code":"status","valueCode":"active"}]},{"code":"0336","display":"Syrische","property":[{"code":"status","valueCode":"active"}]},{"code":"0337","display":"Thaise","property":[{"code":"status","valueCode":"active"}]},{"code":"0338","display":"Burger van de Verenigde Arabische Emiraten","property":[{"code":"status","valueCode":"active"}]},{"code":"0339","display":"Turkse","property":[{"code":"status","valueCode":"active"}]},{"code":"0340","display":"Zuid-Jemenitische","property":[{"code":"status","valueCode":"deprecated"},{"code":"deprecationDate","valueDateTime":"1990-05-22"},{"code":"effectiveDate","valueDateTime":"1990-05-22"},{"code":"inactive","valueBoolean":true}]},{"code":"0341","display":"Zuid-Koreaanse","property":[{"code":"status","valueCode":"active"}]},{"code":"0342","display":"Vietnamese","property":[{"code":"status","valueCode":"active"}]},{"code":"0345","display":"Bengalese","property":[{"code":"status","valueCode":"active"}]},{"code":"0400","display":"Australische","property":[{"code":"status","valueCode":"active"}]},{"code":"0401","display":"Papoea-Nieuw-Guinese","property":[{"code":"status","valueCode":"active"}]},{"code":"0402","display":"Nieuw-Zeelandse","property":[{"code":"status","valueCode":"active"}]},{"code":"0404","display":"West-Samoaanse","property":[{"code":"status","valueCode":"deprecated"},{"code":"deprecationDate","valueDateTime":"1997-07-04"},{"code":"effectiveDate","valueDateTime":"1997-07-04"},{"code":"inactive","valueBoolean":true}]},{"code":"0405","display":"Samoaanse","property":[{"code":"status","valueCode":"active"},{"code":"effectiveDate","valueDateTime":"1997-07-04"}]},{"code":"0421","display":"Burger van Antigua en Barbuda","property":[{"code":"status","valueCode":"active"}]},{"code":"0424","display":"Vanuatuaanse","property":[{"code":"status","valueCode":"active"}]},{"code":"0425","display":"Fijische","property":[{"code":"status","valueCode":"active"}]},{"code":"0429","display":"Burger van Britse afhankelijke gebieden","property":[{"code":"status","valueCode":"active"}]},{"code":"0430","display":"Tongaanse","property":[{"code":"status","valueCode":"active"}]},{"code":"0431","display":"Nauruaanse","property":[{"code":"status","valueCode":"active"}]},{"code":"0432","display":"Palause","property":[{"code":"status","valueCode":"active"},{"code":"effectiveDate","valueDateTime":"1994-10-01"}]},{"code":"0437","display":"Amerikaans onderdaan","property":[{"code":"status","valueCode":"active"}]},{"code":"0442","display":"Salomonseilandse","property":[{"code":"status","valueCode":"active"}]},{"code":"0443","display":"Micronesische","property":[{"code":"status","valueCode":"active"}]},{"code":"0444","display":"Seychelse","property":[{"code":"status","valueCode":"active"}]},{"code":"0445","display":"Kiribatische","property":[{"code":"status","valueCode":"active"}]},{"code":"0446","display":"Tuvaluaanse","property":[{"code":"status","valueCode":"active"}]},{"code":"0447","display":"Saint Luciaanse","property":[{"code":"status","valueCode":"active"}]},{"code":"0448","display":"Burger van Dominica","property":[{"code":"status","valueCode":"active"}]},{"code":"0449","display":"Burger van Saint Vincent en de Grenadines","property":[{"code":"status","valueCode":"active"}]},{"code":"0450","display":"British National (overseas)","property":[{"code":"status","valueCode":"active"},{"code":"effectiveDate","valueDateTime":"1987-07-01"}]},{"code":"0451","display":"Burger van Democratische Republiek Congo","property":[{"code":"status","valueCode":"active"},{"code":"effectiveDate","valueDateTime":"1997-05-17"}]},{"code":"0452","display":"Burger van Timor Leste","property":[{"code":"status","valueCode":"active"},{"code":"effectiveDate","valueDateTime":"2002-05-20"}]},{"code":"0453","display":"Burger van Servië en Montenegro","property":[{"code":"status","valueCode":"deprecated"},{"code":"deprecationDate","valueDateTime":"2006-06-03"},{"code":"effectiveDate","valueDateTime":"2006-06-03"},{"code":"inactive","valueBoolean":true}]},{"code":"0454","display":"Servische","property":[{"code":"status","valueCode":"active"},{"code":"effectiveDate","valueDateTime":"2006-06-03"}]},{"code":"0455","display":"Montenegrijnse","property":[{"code":"status","valueCode":"active"},{"code":"effectiveDate","valueDateTime":"2006-06-03"}]},{"code":"0499","display":"Staatloos","property":[{"code":"status","valueCode":"active"}]},{"code":"0500","display":"Vastgesteld niet-Nederlander","property":[{"code":"status","valueCode":"deprecated"},{"code":"deprecationDate","valueDateTime":"2007-04-01"},{"code":"effectiveDate","valueDateTime":"2007-04-01"},{"code":"inactive","valueBoolean":true}]}]}