{"resourceType":"CodeSystem","id":"2.16.840.1.113883.2.4.3.11.60.40.4.2.1","meta":{"profile":["http://hl7.org/fhir/StructureDefinition/shareablecodesystem"]},"language":"nl-NL","text":{"status":"empty","div":"<div xmlns=\"http://www.w3.org/1999/xhtml\" lang=\"nl-NL\" xml:lang=\"nl-NL\">Definitie-resources zijn niet voorzien van een narrative. Een menselijk leesbare versie is te vinden via de implementation guide(s) waarin deze resource gebruikt wordt.</div>"},"extension":[{"url":"http://hl7.org/fhir/StructureDefinition/resource-effectivePeriod","valuePeriod":{"start":"2020-09-01T00:00:00Z"}}],"url":"urn:oid:2.16.840.1.113883.2.4.3.11.60.40.4.2.1","identifier":[{"use":"official","system":"urn:ietf:rfc:3986","value":"urn:oid:2.16.840.1.113883.2.4.3.11.60.40.4.2.1"}],"version":"2020-09-01T00:00:00","name":"GCS_Eyes","title":"GCS_Eyes","status":"active","experimental":false,"publisher":"Registratie aan de bron","contact":[{"name":"Registratie aan de bron","telecom":[{"system":"url","value":"https://www.registratieaandebron.nl"},{"system":"url","value":"https://www.zibs.nl"}]}],"description":"GCS_Eyes","caseSensitive":false,"content":"complete","count":4,"property":[{"code":"status","uri":"http://hl7.org/fhir/concept-properties#status","description":"A code that indicates the status of the concept. Values found in this version of the code system are: active","type":"code"}],"concept":[{"extension":[{"url":"http://hl7.org/fhir/StructureDefinition/ordinalValue","valueDecimal":1}],"code":"E1","display":"Geen reactie","definition":"Geen reactie [De ogen blijven gesloten onder elke omstandigheid]","designation":[{"language":"en-US","use":{"system":"http://snomed.info/sct","code":"900000000000013009","display":"Synonym"},"value":"No response"}],"property":[{"code":"status","valueCode":"active"}]},{"extension":[{"url":"http://hl7.org/fhir/StructureDefinition/ordinalValue","valueDecimal":2}],"code":"E2","display":"Bij een prikkel","definition":"Bij een prikkel [De ogen worden pas geopend na geven van een fysieke prikkel]","designation":[{"language":"en-US","use":{"system":"http://snomed.info/sct","code":"900000000000013009","display":"Synonym"},"value":"To stimuli"}],"property":[{"code":"status","valueCode":"active"}]},{"extension":[{"url":"http://hl7.org/fhir/StructureDefinition/ordinalValue","valueDecimal":3}],"code":"E3","display":"Bij aanspreken of aanroepen","definition":"Bij aanspreken of aanroepen [De ogen worden pas geopend op aanspreken van de patiënt]","designation":[{"language":"en-US","use":{"system":"http://snomed.info/sct","code":"900000000000013009","display":"Synonym"},"value":"To sound"}],"property":[{"code":"status","valueCode":"active"}]},{"extension":[{"url":"http://hl7.org/fhir/StructureDefinition/ordinalValue","valueDecimal":4}],"code":"E4","display":"Spontaan","definition":"Spontaan [De ogen worden geopend zonder aansporing","designation":[{"language":"en-US","use":{"system":"http://snomed.info/sct","code":"900000000000013009","display":"Synonym"},"value":"Spontaneous"}],"property":[{"code":"status","valueCode":"active"}]}]}