{"resourceType":"CodeSystem","id":"2.16.840.1.113883.2.4.3.11.60.40.4.20.7","meta":{"profile":["http://hl7.org/fhir/StructureDefinition/shareablecodesystem"]},"language":"nl-NL","text":{"status":"empty","div":"<div xmlns=\"http://www.w3.org/1999/xhtml\" lang=\"nl-NL\" xml:lang=\"nl-NL\">Definitie-resources zijn niet voorzien van een narrative. Een menselijk leesbare versie is te vinden via de implementation guide(s) waarin deze resource gebruikt wordt.</div>"},"extension":[{"url":"http://hl7.org/fhir/StructureDefinition/resource-effectivePeriod","valuePeriod":{"start":"2020-09-01T00:00:00Z"}}],"url":"urn:oid:2.16.840.1.113883.2.4.3.11.60.40.4.20.7","identifier":[{"use":"official","system":"urn:ietf:rfc:3986","value":"urn:oid:2.16.840.1.113883.2.4.3.11.60.40.4.20.7"}],"version":"2020-09-01T00:00:00","name":"CN_Spierspanning","title":"CN_Spierspanning","status":"active","experimental":false,"publisher":"Registratie aan de bron","contact":[{"name":"Registratie aan de bron","telecom":[{"system":"url","value":"https://www.registratieaandebron.nl"},{"system":"url","value":"https://www.zibs.nl"}]}],"description":"CN_Spierspanning","caseSensitive":false,"content":"complete","count":5,"property":[{"code":"status","uri":"http://hl7.org/fhir/concept-properties#status","description":"A code that indicates the status of the concept. Values found in this version of the code system are: active","type":"code"}],"concept":[{"extension":[{"url":"http://hl7.org/fhir/StructureDefinition/ordinalValue","valueDecimal":1}],"code":"Musc1","display":"Muscles fully relaxed","definition":"Spieren volledig ontspannen; geen spierspanning","designation":[{"language":"en-US","use":{"system":"http://snomed.info/sct","code":"900000000000013009","display":"Synonym"},"value":"Muscles fully relaxed"}],"property":[{"code":"status","valueCode":"active"}]},{"extension":[{"url":"http://hl7.org/fhir/StructureDefinition/ordinalValue","valueDecimal":2}],"code":"Musc2","display":"Reduced muscle tone","definition":"Verminderde spierspanning; minder weerstand dan normaal","designation":[{"language":"en-US","use":{"system":"http://snomed.info/sct","code":"900000000000013009","display":"Synonym"},"value":"Reduced muscle tone"}],"property":[{"code":"status","valueCode":"active"}]},{"extension":[{"url":"http://hl7.org/fhir/StructureDefinition/ordinalValue","valueDecimal":3}],"code":"Musc3","display":"Normal muscle tone","definition":"Normale spierspanning","designation":[{"language":"en-US","use":{"system":"http://snomed.info/sct","code":"900000000000013009","display":"Synonym"},"value":"Normal muscle tone"}],"property":[{"code":"status","valueCode":"active"}]},{"extension":[{"url":"http://hl7.org/fhir/StructureDefinition/ordinalValue","valueDecimal":4}],"code":"Musc4","display":"Increased muscle tone","definition":"Toegenomen spierspanning en buiging van vingers en tenen","designation":[{"language":"en-US","use":{"system":"http://snomed.info/sct","code":"900000000000013009","display":"Synonym"},"value":"Increased muscle tone"}],"property":[{"code":"status","valueCode":"active"}]},{"extension":[{"url":"http://hl7.org/fhir/StructureDefinition/ordinalValue","valueDecimal":5}],"code":"Musc5","display":"Extreme muscle rigidity","definition":"Extreme spierstijfheid en buiging van vingers en tenen","designation":[{"language":"en-US","use":{"system":"http://snomed.info/sct","code":"900000000000013009","display":"Synonym"},"value":"Extreme muscle rigidity"}],"property":[{"code":"status","valueCode":"active"}]}]}