{"resourceType":"CodeSystem","id":"2.16.840.1.113883.6.16","language":"en-US","text":{"status":"empty","div":"<div xmlns=\"http://www.w3.org/1999/xhtml\" lang=\"en-US\" xml:lang=\"en-US\">No narrative is provided for definitional resources. A human-readable rendering can be found in the implementation guide(s) where this resource is used.</div>"},"extension":[{"url":"http://hl7.org/fhir/StructureDefinition/resource-effectivePeriod","valuePeriod":{"start":"2009-10-14T12:00:00Z"}}],"url":"urn:oid:2.16.840.1.113883.6.16","identifier":[{"use":"official","system":"urn:ietf:rfc:3986","value":"urn:oid:2.16.840.1.113883.6.16"}],"version":"2009-10-14T12:00:00","name":"NOC___Nursing_Outcome_Classification","title":"NOC - Nursing Outcome Classification","status":"unknown","publisher":"ART-DECOR","description":"The ANA's Congress of Nursing Practice Steering Committee on Databases to Support Clinical Nursing Practice has recognized Nursing Outcomes Classification (NOC) as a classification system useful for clinical nursing practice.  The NOC 3rd edition includes 330 outcomes including 76 new outcomes and a revised measurement scale. Core outcomes are identified for 41 specialties, linkages with NANDA diagnoses and with Gordon's functional health patterns have been updated, and the outcomes are organized in both the NOC taxonomy and the Taxonomy of Nursing Practice. This edition of NOC also reports the research results form 10 clinical testing sites.","content":"not-present"}