{"resourceType":"CodeSystem","id":"nhg-tabel-49-ingrepen-en-behandelingen","language":"en-US","text":{"status":"empty","div":"<div xmlns=\"http://www.w3.org/1999/xhtml\" lang=\"en-US\" xml:lang=\"en-US\">No narrative is provided for definitional resources. A human-readable rendering can be found in the implementation guide(s) where this resource is used.</div>"},"url":"https://referentiemodel.nhg.org/tabellen/nhg-tabel-49-ingrepen-en-behandelingen","identifier":[{"use":"official","system":"urn:ietf:rfc:3986","value":"urn:oid:2.16.840.1.113883.2.4.4.30.49"}],"version":"2010-01-01","name":"NHG_Ingrepen","title":"NHG Ingrepen","status":"unknown","publisher":"ART-DECOR","description":"NHG interventions","content":"not-present"}