{"resourceType":"CodeSystem","id":"2.16.840.1.113883.2.4.3.11.60.101.5.1","meta":{"profile":["http://hl7.org/fhir/StructureDefinition/shareablecodesystem"]},"language":"nl-NL","text":{"status":"empty","div":"<div xmlns=\"http://www.w3.org/1999/xhtml\" lang=\"nl-NL\" xml:lang=\"nl-NL\">Definitie-resources zijn niet voorzien van een narrative. Een menselijk leesbare versie is te vinden via de implementation guide(s) waarin deze resource gebruikt wordt.</div>"},"extension":[{"url":"http://hl7.org/fhir/StructureDefinition/resource-effectivePeriod","valuePeriod":{"start":"2020-09-01T00:00:00Z"}}],"url":"urn:oid:2.16.840.1.113883.2.4.3.11.60.101.5.1","identifier":[{"use":"official","system":"urn:ietf:rfc:3986","value":"urn:oid:2.16.840.1.113883.2.4.3.11.60.101.5.1"}],"version":"2020-09-01T00:00:00","name":"Verzekeringssoort","title":"Verzekeringssoort","status":"active","experimental":false,"publisher":"Registratie aan de bron","contact":[{"name":"Registratie aan de bron","telecom":[{"system":"url","value":"https://www.registratieaandebron.nl"},{"system":"url","value":"https://www.zibs.nl"}]}],"description":"Verzekeringssoort","caseSensitive":false,"content":"complete","count":6,"property":[{"code":"status","uri":"http://hl7.org/fhir/concept-properties#status","description":"A code that indicates the status of the concept. Values found in this version of the code system are: active","type":"code"}],"concept":[{"code":"A","display":"Aanvullend verzekerd","property":[{"code":"status","valueCode":"active"}]},{"code":"AT","display":"Aanvullend + tand","property":[{"code":"status","valueCode":"active"}]},{"code":"B","display":"Basis","definition":"Basis verzekerd","property":[{"code":"status","valueCode":"active"}]},{"code":"BZ","display":"Basisverzekering vanuit AWBZ","definition":"Basisverzekering vanuit AWBZ (tegenwoordig uit Wet Langdurige Zorg)","property":[{"code":"status","valueCode":"active"}]},{"code":"H","display":"Hoofdverzekering","definition":"Een basisverzekering die geen onderdeel uitmaakt van de ZVW of AWBZ (bijvoorbeeld voor expats in het buitenland).","property":[{"code":"status","valueCode":"active"}]},{"code":"T","display":"Tandverzekering (los)","definition":"Tandverzekering","property":[{"code":"status","valueCode":"active"}]}]}