{"resourceType":"CodeSystem","id":"2.16.840.1.113883.3.3210.14.2.2.35","language":"en-US","text":{"status":"empty","div":"<div xmlns=\"http://www.w3.org/1999/xhtml\" lang=\"en-US\" xml:lang=\"en-US\">No narrative is provided for definitional resources. A human-readable rendering can be found in the implementation guide(s) where this resource is used.</div>"},"extension":[{"url":"http://hl7.org/fhir/StructureDefinition/resource-effectivePeriod","valuePeriod":{"start":"2024-09-23T06:19:54Z"}}],"url":"urn:oid:2.16.840.1.113883.3.3210.14.2.2.35","identifier":[{"use":"official","system":"urn:ietf:rfc:3986","value":"urn:oid:2.16.840.1.113883.3.3210.14.2.2.35"}],"version":"2024-09-23T06:19:54","name":"GGZDiagnoselijst","title":"GGZ Diagnoselijst","status":"unknown","publisher":"ART-DECOR","description":"GGZ Diagnoselijst","content":"not-present"}