{"resourceType":"CodeSystem","id":"2.16.840.1.113883.2.4.3.11.60.40.4.5.1","meta":{"profile":["http://hl7.org/fhir/StructureDefinition/shareablecodesystem"]},"language":"nl-NL","text":{"status":"empty","div":"<div xmlns=\"http://www.w3.org/1999/xhtml\" lang=\"nl-NL\" xml:lang=\"nl-NL\">Definitie-resources zijn niet voorzien van een narrative. Een menselijk leesbare versie is te vinden via de implementation guide(s) waarin deze resource gebruikt wordt.</div>"},"extension":[{"url":"http://hl7.org/fhir/StructureDefinition/resource-effectivePeriod","valuePeriod":{"start":"2020-09-01T00:00:00Z"}}],"url":"urn:oid:2.16.840.1.113883.2.4.3.11.60.40.4.5.1","identifier":[{"use":"official","system":"urn:ietf:rfc:3986","value":"urn:oid:2.16.840.1.113883.2.4.3.11.60.40.4.5.1"}],"version":"2020-09-01T00:00:00","name":"SNAQ_Gewichtsverlies","title":"SNAQ_Gewichtsverlies","status":"active","experimental":false,"publisher":"Registratie aan de bron","contact":[{"name":"Registratie aan de bron","telecom":[{"system":"url","value":"https://www.registratieaandebron.nl"},{"system":"url","value":"https://www.zibs.nl"}]}],"description":"Erratum ZIB-1729 - 2024-09-16 - Code G3 toegevoegd","caseSensitive":false,"content":"complete","count":4,"property":[{"code":"status","uri":"http://hl7.org/fhir/concept-properties#status","description":"A code that indicates the status of the concept. Values found in this version of the code system are: active","type":"code"},{"code":"effectiveDate","uri":"http://hl7.org/fhir/concept-properties#effectiveDate","description":"The date at which the concept was status was last changed. This is calculated based on the highest of 'creation date', 'expiration date', and 'official release date'","type":"dateTime"}],"concept":[{"extension":[{"url":"http://hl7.org/fhir/StructureDefinition/ordinalValue","valueDecimal":0}],"code":"G0","display":"LossLow","definition":"Geen gewichtverlies","designation":[{"language":"en-US","use":{"system":"http://snomed.info/sct","code":"900000000000013009","display":"Synonym"},"value":"LossLow"}],"property":[{"code":"status","valueCode":"active"}]},{"extension":[{"url":"http://hl7.org/fhir/StructureDefinition/ordinalValue","valueDecimal":2}],"code":"G1","display":"LossAverage","definition":"Meer dan 3 kg in de laatste maand","designation":[{"language":"en-US","use":{"system":"http://snomed.info/sct","code":"900000000000013009","display":"Synonym"},"value":"LossAverage"}],"property":[{"code":"status","valueCode":"active"}]},{"extension":[{"url":"http://hl7.org/fhir/StructureDefinition/ordinalValue","valueDecimal":3}],"code":"G2","display":"LossHigh","definition":"Meer dan 6 kg in de laatste 6 maanden","designation":[{"language":"en-US","use":{"system":"http://snomed.info/sct","code":"900000000000013009","display":"Synonym"},"value":"LossHigh"}],"property":[{"code":"status","valueCode":"active"}]},{"extension":[{"url":"http://hl7.org/fhir/StructureDefinition/ordinalValue","valueDecimal":5}],"code":"G3","display":"LossBothAverageAndHigh","definition":"Meer dan 3 kg in de laatste maand EN Meer dan 6 kg in de laatste 6 maanden)","designation":[{"language":"en-US","use":{"system":"http://snomed.info/sct","code":"900000000000013009","display":"Synonym"},"value":"LossBothAverageAndHigh"}],"property":[{"code":"status","valueCode":"active"},{"code":"effectiveDate","valueDateTime":"2024-08-16T13:00:00Z"}]}]}