{"resourceType":"CodeSystem","id":"2.16.840.1.113883.2.4.3.11.60.40.4.23.2","meta":{"profile":["http://hl7.org/fhir/StructureDefinition/shareablecodesystem"]},"language":"nl-NL","text":{"status":"empty","div":"<div xmlns=\"http://www.w3.org/1999/xhtml\" lang=\"nl-NL\" xml:lang=\"nl-NL\">Definitie-resources zijn niet voorzien van een narrative. Een menselijk leesbare versie is te vinden via de implementation guide(s) waarin deze resource gebruikt wordt.</div>"},"extension":[{"url":"http://hl7.org/fhir/StructureDefinition/resource-effectivePeriod","valuePeriod":{"start":"2020-09-01T00:00:00Z"}}],"url":"urn:oid:2.16.840.1.113883.2.4.3.11.60.40.4.23.2","identifier":[{"use":"official","system":"urn:ietf:rfc:3986","value":"urn:oid:2.16.840.1.113883.2.4.3.11.60.40.4.23.2"}],"version":"2020-09-01T00:00:00","name":"JuridischeStatus","title":"JuridischeStatus","status":"active","experimental":false,"publisher":"Registratie aan de bron","contact":[{"name":"Registratie aan de bron","telecom":[{"system":"url","value":"https://www.registratieaandebron.nl"},{"system":"url","value":"https://www.zibs.nl"}]}],"description":"JuridischeStatus","caseSensitive":false,"content":"complete","count":13,"property":[{"code":"status","uri":"http://hl7.org/fhir/concept-properties#status","description":"A code that indicates the status of the concept. Values found in this version of the code system are: active","type":"code"}],"concept":[{"code":"CM","display":"Crisismaatregel","property":[{"code":"status","valueCode":"active"}]},{"code":"IBS","display":"Beschikking tot inbewaringstelling (ibs)","property":[{"code":"status","valueCode":"active"}]},{"code":"NOOD","display":"Tijdelijke verplichte zorg in een noodsituatie/onvoorziene situatie waarin de zorgmachtiging of crisismaatregel niet voorziet","property":[{"code":"status","valueCode":"active"}]},{"code":"OPM","display":"Besluit tot opname en verblijf","property":[{"code":"status","valueCode":"active"}]},{"code":"OTS","display":"Onder toezichtstelling (ots)","property":[{"code":"status","valueCode":"active"}]},{"code":"PIJ","display":"Plaatsing in een inrichting voor jeugdigen (PIJ-maatregel)","property":[{"code":"status","valueCode":"active"}]},{"code":"RM","display":"Rechterlijke machtiging","property":[{"code":"status","valueCode":"active"}]},{"code":"TBS","display":"Tbs: ter beschikking stelling van de regering (tbs)","property":[{"code":"status","valueCode":"active"}]},{"code":"TEMP","display":"Tijdelijke verplichte zorg voorafgaand aan een crisismaatregel","property":[{"code":"status","valueCode":"active"}]},{"code":"VCM","display":"Machtiging tot voortzetting van de crisismaatregel","property":[{"code":"status","valueCode":"active"}]},{"code":"VM","display":"Voortgezette machtiging","property":[{"code":"status","valueCode":"active"}]},{"code":"VMM","display":"Voorwaardelijke machtiging voor jongvolwassenen met een verstandelijke beperking (VMM)","property":[{"code":"status","valueCode":"active"}]},{"code":"ZM","display":"Zorgmachtiging","property":[{"code":"status","valueCode":"active"}]}]}