{"resourceType":"NamingSystem","id":"namingsystem-uzovi","text":{"status":"empty","div":"<div xmlns=\"http://www.w3.org/1999/xhtml\">No narrative is provided for definitional resources. A human-readable rendering can be found in the implementation guide(s) where this resource is used.</div>"},"name":"Uzovi","status":"active","kind":"identifier","date":"2017-04-05T13:14:57.478+01:00","publisher":"Nictiz","contact":[{"name":"Nictiz","telecom":[{"system":"url","value":"https://www.nictiz.nl","use":"work"}]}],"description":"Unique healthcare insurance company identification (the UZOVI number).","uniqueId":[{"type":"uri","value":"http://fhir.nl/fhir/NamingSystem/uzovi","preferred":true},{"type":"oid","value":"2.16.840.1.113883.2.4.6.4","preferred":false}]}