{"resourceType":"ValueSet","id":"2.16.840.1.113883.2.4.3.11.60.40.2.7.4.2--20200901000000","meta":{"source":"http://decor.nictiz.nl/fhir/4.0/zib2020bbr-","profile":["http://hl7.org/fhir/StructureDefinition/shareablevalueset"],"tag":[{"system":"http://hl7.org/fhir/FHIR-version","code":"4.0.1"}]},"text":{"status":"empty","div":"<div xmlns=\"http://www.w3.org/1999/xhtml\">No narrative is provided for definitional resources. A human-readable rendering can be found in the implementation guide(s) where this resource is used.</div>"},"extension":[{"url":"http://hl7.org/fhir/StructureDefinition/resource-effectivePeriod","valuePeriod":{"start":"2020-09-01T00:00:00Z"}}],"url":"http://decor.nictiz.nl/fhir/ValueSet/2.16.840.1.113883.2.4.3.11.60.40.2.7.4.2--20200901000000","identifier":[{"use":"official","system":"urn:ietf:rfc:3986","value":"urn:oid:2.16.840.1.113883.2.4.3.11.60.40.2.7.4.2"}],"version":"2020-09-01T00:00:00","name":"DrugsGebruikStatusCodelijst","title":"DrugsGebruikStatusCodelijst","status":"active","experimental":false,"publisher":"Registratie aan de bron","contact":[{"name":"Registratie aan de bron","telecom":[{"system":"url","value":"https://www.registratieaandebron.nl"},{"system":"url","value":"https://www.zibs.nl"}]}],"description":"DrugsGebruikStatusCodelijst","immutable":false,"copyright":"This artefact includes content from SNOMED Clinical Terms® (SNOMED CT®) which is copyright of the International Health Terminology Standards Development Organisation (IHTSDO). Implementers of these artefacts must have the appropriate SNOMED CT Affiliate license - for more information contact http://www.snomed.org/snomed-ct/getsnomed-ct or info@snomed.org.","compose":{"inactive":true,"include":[{"system":"http://terminology.hl7.org/CodeSystem/v3-NullFlavor","concept":[{"code":"OTH","display":"Other","designation":[{"language":"en-US","use":{"system":"http://snomed.info/sct","code":"900000000000013009","display":"Synonym"},"value":"Other"},{"language":"nl-NL","use":{"system":"http://snomed.info/sct","code":"900000000000013009","display":"Synonym"},"value":"Anders"}]}]},{"system":"http://snomed.info/sct","concept":[{"extension":[{"url":"http://hl7.org/fhir/StructureDefinition/valueset-deprecated","valueBoolean":true},{"url":"http://hl7.org/fhir/StructureDefinition/valueset-concept-comments","valueString":"gebruikt drugs [DEPRECATED]"}],"code":"361055000","display":"misbruikt drugs en/of medicatie","designation":[{"language":"en-US","use":{"system":"http://snomed.info/sct","code":"900000000000013009","display":"Synonym"},"value":"Misuses drugs"},{"language":"nl-NL","use":{"system":"http://snomed.info/sct","code":"900000000000013009","display":"Synonym"},"value":"misbruikt drugs en/of medicatie"}]},{"extension":[{"url":"http://hl7.org/fhir/StructureDefinition/valueset-concept-comments","valueString":"huidige drugsgebruiker"}],"code":"417284009","display":"huidige drugsgebruiker","designation":[{"language":"en-US","use":{"system":"http://snomed.info/sct","code":"900000000000013009","display":"Synonym"},"value":"Current drug user"},{"language":"nl-NL","use":{"system":"http://snomed.info/sct","code":"900000000000013009","display":"Synonym"},"value":"huidige drugsgebruiker"}]},{"extension":[{"url":"http://hl7.org/fhir/StructureDefinition/valueset-concept-comments","valueString":"gebruikt geen drugs"}],"code":"228367002","display":"gebruikt geen drugs","designation":[{"language":"en-US","use":{"system":"http://snomed.info/sct","code":"900000000000013009","display":"Synonym"},"value":"Does not misuse drugs"},{"language":"nl-NL","use":{"system":"http://snomed.info/sct","code":"900000000000013009","display":"Synonym"},"value":"gebruikt geen drugs"}]},{"extension":[{"url":"http://hl7.org/fhir/StructureDefinition/valueset-concept-comments","valueString":"heeft nooit drugs gebruikt"}],"code":"228368007","display":"heeft nooit drugs gebruikt","designation":[{"language":"en-US","use":{"system":"http://snomed.info/sct","code":"900000000000013009","display":"Synonym"},"value":"Has never misused drugs"},{"language":"nl-NL","use":{"system":"http://snomed.info/sct","code":"900000000000013009","display":"Synonym"},"value":"heeft nooit drugs gebruikt"}]},{"extension":[{"url":"http://hl7.org/fhir/StructureDefinition/valueset-concept-comments","valueString":"heeft in het verleden drugs gebruikt"}],"code":"44870007","display":"heeft in het verleden drugs misbruikt","designation":[{"language":"en-US","use":{"system":"http://snomed.info/sct","code":"900000000000013009","display":"Synonym"},"value":"Misused drugs in past"},{"language":"nl-NL","use":{"system":"http://snomed.info/sct","code":"900000000000013009","display":"Synonym"},"value":"heeft in het verleden drugs misbruikt"}]}]}]}}