{"resourceType":"ValueSet","id":"2.16.840.1.113883.2.4.3.11.60.40.2.12.16.2--20200901000000","meta":{"source":"http://decor.nictiz.nl/fhir/4.0/zib2020bbr-","profile":["http://hl7.org/fhir/StructureDefinition/shareablevalueset"],"tag":[{"system":"http://hl7.org/fhir/FHIR-version","code":"4.0.1"}]},"text":{"status":"empty","div":"<div xmlns=\"http://www.w3.org/1999/xhtml\">No narrative is provided for definitional resources. A human-readable rendering can be found in the implementation guide(s) where this resource is used.</div>"},"extension":[{"url":"http://hl7.org/fhir/StructureDefinition/resource-effectivePeriod","valuePeriod":{"start":"2020-09-01T00:00:00Z"}}],"url":"http://decor.nictiz.nl/fhir/ValueSet/2.16.840.1.113883.2.4.3.11.60.40.2.12.16.2--20200901000000","identifier":[{"use":"official","system":"urn:ietf:rfc:3986","value":"urn:oid:2.16.840.1.113883.2.4.3.11.60.40.2.12.16.2"}],"version":"2020-09-01T00:00:00","name":"HartslagScoreCodelijst","title":"HartslagScoreCodelijst","status":"active","experimental":false,"publisher":"Registratie aan de bron","contact":[{"name":"Registratie aan de bron","telecom":[{"system":"url","value":"https://www.registratieaandebron.nl"},{"system":"url","value":"https://www.zibs.nl"}]}],"description":"HartslagScoreCodelijst","immutable":false,"compose":{"include":[{"system":"http://loinc.org","concept":[{"extension":[{"url":"http://hl7.org/fhir/StructureDefinition/ordinalValue","valueDecimal":0},{"url":"http://hl7.org/fhir/StructureDefinition/valueset-concept-comments","valueString":"Geen hartslag, of een onhoorbare hartslag"}],"code":"LA6716-0","display":"No heart rate"},{"extension":[{"url":"http://hl7.org/fhir/StructureDefinition/ordinalValue","valueDecimal":1},{"url":"http://hl7.org/fhir/StructureDefinition/valueset-concept-comments","valueString":"Een hartslag van minder dan 100 slagen per minuut"}],"code":"LA6717-8","display":"Fewer than 100 beats per minute"},{"extension":[{"url":"http://hl7.org/fhir/StructureDefinition/ordinalValue","valueDecimal":2},{"url":"http://hl7.org/fhir/StructureDefinition/valueset-concept-comments","valueString":"Een hartslag van meer dan 100 slagen per minuut"}],"code":"LA6718-6","display":"At least 100 beats per minute"}]}]}}