{"resourceType":"ValueSet","id":"2.16.840.1.113883.2.4.3.11.60.40.2.7.14.1--20200901000000","meta":{"source":"http://decor.nictiz.nl/fhir/4.0/zib2020bbr-","profile":["http://hl7.org/fhir/StructureDefinition/shareablevalueset"],"tag":[{"system":"http://hl7.org/fhir/FHIR-version","code":"4.0.1"}]},"text":{"status":"empty","div":"<div xmlns=\"http://www.w3.org/1999/xhtml\">No narrative is provided for definitional resources. A human-readable rendering can be found in the implementation guide(s) where this resource is used.</div>"},"extension":[{"url":"http://hl7.org/fhir/StructureDefinition/resource-effectivePeriod","valuePeriod":{"start":"2020-09-01T00:00:00Z"}}],"url":"http://decor.nictiz.nl/fhir/ValueSet/2.16.840.1.113883.2.4.3.11.60.40.2.7.14.1--20200901000000","identifier":[{"use":"official","system":"urn:ietf:rfc:3986","value":"urn:oid:2.16.840.1.113883.2.4.3.11.60.40.2.7.14.1"}],"version":"2020-09-01T00:00:00","name":"BepalingsMethodeCodelijst","title":"BepalingsMethodeCodelijst","status":"active","experimental":false,"publisher":"Registratie aan de bron","contact":[{"name":"Registratie aan de bron","telecom":[{"system":"url","value":"https://www.registratieaandebron.nl"},{"system":"url","value":"https://www.zibs.nl"}]}],"description":"BepalingsMethodeCodelijst","immutable":false,"copyright":"This artefact includes content from SNOMED Clinical Terms® (SNOMED CT®) which is copyright of the International Health Terminology Standards Development Organisation (IHTSDO). Implementers of these artefacts must have the appropriate SNOMED CT Affiliate license - for more information contact http://www.snomed.org/snomed-ct/getsnomed-ct or info@snomed.org.","compose":{"include":[{"system":"http://terminology.hl7.org/CodeSystem/v3-NullFlavor","concept":[{"code":"OTH","display":"Other","designation":[{"language":"en-US","use":{"system":"http://snomed.info/sct","code":"900000000000013009","display":"Synonym"},"value":"Other"},{"language":"nl-NL","use":{"system":"http://snomed.info/sct","code":"900000000000013009","display":"Synonym"},"value":"Anders"}]}]},{"system":"http://snomed.info/sct","concept":[{"extension":[{"url":"http://hl7.org/fhir/StructureDefinition/valueset-concept-comments","valueString":"Echoscopie"}],"code":"31541000146106","display":"aterme datum berekend door middel van diagnostische ultrasonografie","designation":[{"language":"en-US","use":{"system":"http://snomed.info/sct","code":"900000000000013009","display":"Synonym"},"value":"Date of delivery estimation based on diagnostic ultrasonography"},{"language":"nl-NL","use":{"system":"http://snomed.info/sct","code":"900000000000013009","display":"Synonym"},"value":"aterme datum berekend door middel van diagnostische ultrasonografie"}]},{"extension":[{"url":"http://hl7.org/fhir/StructureDefinition/valueset-concept-comments","valueString":"Laatste menstruatie"}],"code":"31521000146100","display":"aterme datum berekend op basis van laatste menstruatie","designation":[{"language":"en-US","use":{"system":"http://snomed.info/sct","code":"900000000000013009","display":"Synonym"},"value":"Date of delivery estimation based on last period"},{"language":"nl-NL","use":{"system":"http://snomed.info/sct","code":"900000000000013009","display":"Synonym"},"value":"aterme datum berekend op basis van laatste menstruatie"}]},{"extension":[{"url":"http://hl7.org/fhir/StructureDefinition/valueset-concept-comments","valueString":"Ovulatie"}],"code":"31531000146103","display":"aterme datum berekend op basis van ovulatie","designation":[{"language":"en-US","use":{"system":"http://snomed.info/sct","code":"900000000000013009","display":"Synonym"},"value":"Date of delivery estimation based on ovulation"},{"language":"nl-NL","use":{"system":"http://snomed.info/sct","code":"900000000000013009","display":"Synonym"},"value":"aterme datum berekend op basis van ovulatie"}]}]}]}}