{"resourceType":"ValueSet","id":"2.16.840.1.113883.2.4.3.11.60.40.2.20.6.2--20200901000000","meta":{"source":"http://decor.nictiz.nl/fhir/4.0/zib2020bbr-","profile":["http://hl7.org/fhir/StructureDefinition/shareablevalueset"],"tag":[{"system":"http://hl7.org/fhir/FHIR-version","code":"4.0.1"}]},"text":{"status":"empty","div":"<div xmlns=\"http://www.w3.org/1999/xhtml\">No narrative is provided for definitional resources. A human-readable rendering can be found in the implementation guide(s) where this resource is used.</div>"},"extension":[{"url":"http://hl7.org/fhir/StructureDefinition/resource-effectivePeriod","valuePeriod":{"start":"2020-09-01T00:00:00Z"}}],"url":"http://decor.nictiz.nl/fhir/ValueSet/2.16.840.1.113883.2.4.3.11.60.40.2.20.6.2--20200901000000","identifier":[{"use":"official","system":"urn:ietf:rfc:3986","value":"urn:oid:2.16.840.1.113883.2.4.3.11.60.40.2.20.6.2"}],"version":"2020-09-01T00:00:00","name":"NummerSoortCodelijst","title":"NummerSoortCodelijst","status":"active","experimental":false,"publisher":"Registratie aan de bron","contact":[{"name":"Registratie aan de bron","telecom":[{"system":"url","value":"https://www.registratieaandebron.nl"},{"system":"url","value":"https://www.zibs.nl"}]}],"description":"NummerSoortCodelijst","immutable":false,"compose":{"include":[{"system":"http://terminology.hl7.org/CodeSystem/v3-AddressUse","concept":[{"code":"HP","display":"Primary Home","designation":[{"language":"en-US","use":{"system":"http://snomed.info/sct","code":"900000000000013009","display":"Synonym"},"value":"Primary Home"},{"language":"nl-NL","use":{"system":"http://snomed.info/sct","code":"900000000000013009","display":"Synonym"},"value":"Telefoonnummer thuis"}]},{"code":"TMP","display":"Temporary Address","designation":[{"language":"en-US","use":{"system":"http://snomed.info/sct","code":"900000000000013009","display":"Synonym"},"value":"Temporary Address"},{"language":"nl-NL","use":{"system":"http://snomed.info/sct","code":"900000000000013009","display":"Synonym"},"value":"Tijdelijk telefoonnummer"}]},{"code":"WP","display":"Work Place","designation":[{"language":"en-US","use":{"system":"http://snomed.info/sct","code":"900000000000013009","display":"Synonym"},"value":"Work Place"},{"language":"nl-NL","use":{"system":"http://snomed.info/sct","code":"900000000000013009","display":"Synonym"},"value":"Zakelijk telefoonnummer"}]}]}]}}