{"resourceType":"ValueSet","id":"2.16.840.1.113883.2.4.3.11.60.40.2.4.33.1--20200901000000","meta":{"source":"http://decor.nictiz.nl/fhir/4.0/zib2020bbr-","profile":["http://hl7.org/fhir/StructureDefinition/shareablevalueset"],"tag":[{"system":"http://hl7.org/fhir/FHIR-version","code":"4.0.1"}]},"text":{"status":"empty","div":"<div xmlns=\"http://www.w3.org/1999/xhtml\">No narrative is provided for definitional resources. A human-readable rendering can be found in the implementation guide(s) where this resource is used.</div>"},"extension":[{"url":"http://hl7.org/fhir/StructureDefinition/resource-effectivePeriod","valuePeriod":{"start":"2020-09-01T00:00:00Z"}}],"url":"http://decor.nictiz.nl/fhir/ValueSet/2.16.840.1.113883.2.4.3.11.60.40.2.4.33.1--20200901000000","identifier":[{"use":"official","system":"urn:ietf:rfc:3986","value":"urn:oid:2.16.840.1.113883.2.4.3.11.60.40.2.4.33.1"}],"version":"2020-09-01T00:00:00","name":"UiterlijkeVerzorgingCodelijst","title":"UiterlijkeVerzorgingCodelijst","status":"active","experimental":false,"publisher":"Registratie aan de bron","contact":[{"name":"Registratie aan de bron","telecom":[{"system":"url","value":"https://www.registratieaandebron.nl"},{"system":"url","value":"https://www.zibs.nl"}]}],"description":"UiterlijkeVerzorgingCodelijst","immutable":false,"copyright":"This artefact includes content from SNOMED Clinical Terms® (SNOMED CT®) which is copyright of the International Health Terminology Standards Development Organisation (IHTSDO). Implementers of these artefacts must have the appropriate SNOMED CT Affiliate license - for more information contact http://www.snomed.org/snomed-ct/getsnomed-ct or info@snomed.org.","compose":{"include":[{"system":"http://snomed.info/sct","concept":[{"extension":[{"url":"http://hl7.org/fhir/StructureDefinition/valueset-concept-comments","valueString":"Onafhankelijk"}],"code":"704437004","display":"in staat tot zelfstandige uiterlijke verzorging","designation":[{"language":"en-US","use":{"system":"http://snomed.info/sct","code":"900000000000013009","display":"Synonym"},"value":"Independent for personal grooming"},{"language":"nl-NL","use":{"system":"http://snomed.info/sct","code":"900000000000013009","display":"Synonym"},"value":"in staat tot zelfstandige uiterlijke verzorging"}]},{"extension":[{"url":"http://hl7.org/fhir/StructureDefinition/valueset-concept-comments","valueString":"Hulp nodig"}],"code":"27941000146109","display":"hulp nodig bij uiterlijke verzorging","designation":[{"language":"en-US","use":{"system":"http://snomed.info/sct","code":"900000000000013009","display":"Synonym"},"value":"Needs help with personal grooming"},{"language":"nl-NL","use":{"system":"http://snomed.info/sct","code":"900000000000013009","display":"Synonym"},"value":"hulp nodig bij uiterlijke verzorging"}]},{"extension":[{"url":"http://hl7.org/fhir/StructureDefinition/valueset-concept-comments","valueString":"Volledig afhankelijk"}],"code":"704436008","display":"niet in staat tot uiterlijke verzorging","designation":[{"language":"en-US","use":{"system":"http://snomed.info/sct","code":"900000000000013009","display":"Synonym"},"value":"Unable to perform personal grooming activity"},{"language":"nl-NL","use":{"system":"http://snomed.info/sct","code":"900000000000013009","display":"Synonym"},"value":"niet in staat tot uiterlijke verzorging"}]}]}]}}