{"resourceType":"ValueSet","id":"2.16.840.1.113883.2.4.3.11.60.40.2.12.3.3--20200901000000","meta":{"source":"http://decor.nictiz.nl/fhir/4.0/zib2020bbr-","profile":["http://hl7.org/fhir/StructureDefinition/shareablevalueset"],"tag":[{"system":"http://hl7.org/fhir/FHIR-version","code":"4.0.1"}]},"text":{"status":"empty","div":"<div xmlns=\"http://www.w3.org/1999/xhtml\">No narrative is provided for definitional resources. A human-readable rendering can be found in the implementation guide(s) where this resource is used.</div>"},"extension":[{"url":"http://hl7.org/fhir/StructureDefinition/resource-effectivePeriod","valuePeriod":{"start":"2020-09-01T00:00:00Z"}}],"url":"http://decor.nictiz.nl/fhir/ValueSet/2.16.840.1.113883.2.4.3.11.60.40.2.12.3.3--20200901000000","identifier":[{"use":"official","system":"urn:ietf:rfc:3986","value":"urn:oid:2.16.840.1.113883.2.4.3.11.60.40.2.12.3.3"}],"version":"2020-09-01T00:00:00","name":"InterpretatieFrequentieCodelijst","title":"InterpretatieFrequentieCodelijst","status":"active","experimental":false,"publisher":"Registratie aan de bron","contact":[{"name":"Registratie aan de bron","telecom":[{"system":"url","value":"https://www.registratieaandebron.nl"},{"system":"url","value":"https://www.zibs.nl"}]}],"description":"InterpretatieFrequentieCodelijst","immutable":false,"copyright":"This artefact includes content from SNOMED Clinical Terms® (SNOMED CT®) which is copyright of the International Health Terminology Standards Development Organisation (IHTSDO). Implementers of these artefacts must have the appropriate SNOMED CT Affiliate license - for more information contact http://www.snomed.org/snomed-ct/getsnomed-ct or info@snomed.org.","compose":{"include":[{"system":"http://snomed.info/sct","concept":[{"extension":[{"url":"http://hl7.org/fhir/StructureDefinition/valueset-concept-comments","valueString":"Bradycardie"}],"code":"48867003","display":"bradycardie","designation":[{"language":"en-US","use":{"system":"http://snomed.info/sct","code":"900000000000013009","display":"Synonym"},"value":"Bradycardia"},{"language":"nl-NL","use":{"system":"http://snomed.info/sct","code":"900000000000013009","display":"Synonym"},"value":"bradycardie"}]},{"extension":[{"url":"http://hl7.org/fhir/StructureDefinition/valueset-concept-comments","valueString":"Normale hartfrequentie"}],"code":"76863003","display":"normale hartfrequentie","designation":[{"language":"en-US","use":{"system":"http://snomed.info/sct","code":"900000000000013009","display":"Synonym"},"value":"Normal heart rate"},{"language":"nl-NL","use":{"system":"http://snomed.info/sct","code":"900000000000013009","display":"Synonym"},"value":"normale hartfrequentie"}]},{"extension":[{"url":"http://hl7.org/fhir/StructureDefinition/valueset-concept-comments","valueString":"Tachycardie"}],"code":"3424008","display":"tachycardie","designation":[{"language":"en-US","use":{"system":"http://snomed.info/sct","code":"900000000000013009","display":"Synonym"},"value":"Tachycardia"},{"language":"nl-NL","use":{"system":"http://snomed.info/sct","code":"900000000000013009","display":"Synonym"},"value":"tachycardie"}]}]}]}}