{
  "index-version" : 2,
  "files" : [
    {
      "filename" : "ValueSet-ContainerTypeCodelijst-2.16.840.1.113883.2.4.3.11.60.40.2.13.1.9--20220610000000.json",
      "resourceType" : "ValueSet",
      "id" : "2.16.840.1.113883.2.4.3.11.60.40.2.13.1.9--20220610000000",
      "url" : "http://decor.nictiz.nl/fhir/ValueSet/2.16.840.1.113883.2.4.3.11.60.40.2.13.1.9--20220610000000",
      "version" : "2022-06-10T00:00:00"
    },
    {
      "filename" : "ValueSet-VaccinatieAanleidingWaardenlijst-2.16.840.1.113883.2.4.3.11.60.131.11.2--20220301153357.json",
      "resourceType" : "ValueSet",
      "id" : "2.16.840.1.113883.2.4.3.11.60.131.11.2--20220301153357",
      "url" : "http://decor.nictiz.nl/fhir/ValueSet/2.16.840.1.113883.2.4.3.11.60.131.11.2--20220301153357",
      "version" : "2022-03-01T15:33:57"
    },
    {
      "filename" : "ValueSet-VaccinatieIndicatie-2.16.840.1.113883.2.4.3.11.60.131.11.4--20220301181306.json",
      "resourceType" : "ValueSet",
      "id" : "2.16.840.1.113883.2.4.3.11.60.131.11.4--20220301181306",
      "url" : "http://decor.nictiz.nl/fhir/ValueSet/2.16.840.1.113883.2.4.3.11.60.131.11.4--20220301181306",
      "version" : "2022-03-01T18:13:06"
    },
    {
      "filename" : "ValueSet-ZiekteWaarTegenGevaccineerdWordtWaardenlijst-2.16.840.1.113883.2.4.3.11.60.131.11.3--20220301175614.json",
      "resourceType" : "ValueSet",
      "id" : "2.16.840.1.113883.2.4.3.11.60.131.11.3--20220301175614",
      "url" : "http://decor.nictiz.nl/fhir/ValueSet/2.16.840.1.113883.2.4.3.11.60.131.11.3--20220301175614",
      "version" : "2022-03-01T17:56:14"
    },
    {
      "filename" : "ext-AdditionalCategory.json",
      "resourceType" : "StructureDefinition",
      "id" : "ext-AdditionalCategory",
      "url" : "http://nictiz.nl/fhir/StructureDefinition/ext-AdditionalCategory",
      "kind" : "complex-type",
      "type" : "Extension",
      "derivation" : "constraint"
    },
    {
      "filename" : "ext-Context-EpisodeOfCare.json",
      "resourceType" : "StructureDefinition",
      "id" : "ext-Context-EpisodeOfCare",
      "url" : "http://nictiz.nl/fhir/StructureDefinition/ext-Context-EpisodeOfCare",
      "kind" : "complex-type",
      "type" : "Extension",
      "derivation" : "constraint"
    },
    {
      "filename" : "ext-CopyIndicator.json",
      "resourceType" : "StructureDefinition",
      "id" : "ext-CopyIndicator",
      "url" : "http://nictiz.nl/fhir/StructureDefinition/ext-CopyIndicator",
      "kind" : "complex-type",
      "type" : "Extension",
      "derivation" : "constraint"
    },
    {
      "filename" : "ext-EdifactReferenceNumber.json",
      "resourceType" : "StructureDefinition",
      "id" : "ext-EdifactReferenceNumber",
      "url" : "http://nictiz.nl/fhir/StructureDefinition/ext-EdifactReferenceNumber",
      "kind" : "complex-type",
      "type" : "Extension",
      "derivation" : "constraint"
    },
    {
      "filename" : "ext-Vaccination.PharmaceuticalProduct.json",
      "resourceType" : "StructureDefinition",
      "id" : "ext-Vaccination.PharmaceuticalProduct",
      "url" : "http://nictiz.nl/fhir/StructureDefinition/ext-Vaccination.PharmaceuticalProduct",
      "version" : "0.0.1",
      "kind" : "complex-type",
      "type" : "Extension",
      "derivation" : "constraint"
    },
    {
      "filename" : "nl-core-AbilityToDressOneself.json",
      "resourceType" : "StructureDefinition",
      "id" : "nl-core-AbilityToDressOneself",
      "url" : "http://nictiz.nl/fhir/StructureDefinition/nl-core-AbilityToDressOneself",
      "kind" : "resource",
      "type" : "Observation",
      "derivation" : "constraint"
    },
    {
      "filename" : "nl-core-AbilityToDrink.DrinkingLimitations.json",
      "resourceType" : "StructureDefinition",
      "id" : "nl-core-AbilityToDrink.DrinkingLimitations",
      "url" : "http://nictiz.nl/fhir/StructureDefinition/nl-core-AbilityToDrink.DrinkingLimitations",
      "kind" : "resource",
      "type" : "Observation",
      "derivation" : "constraint"
    },
    {
      "filename" : "nl-core-AbilityToDrink.json",
      "resourceType" : "StructureDefinition",
      "id" : "nl-core-AbilityToDrink",
      "url" : "http://nictiz.nl/fhir/StructureDefinition/nl-core-AbilityToDrink",
      "kind" : "resource",
      "type" : "Observation",
      "derivation" : "constraint"
    },
    {
      "filename" : "nl-core-AbilityToEat.EatingLimitations.json",
      "resourceType" : "StructureDefinition",
      "id" : "nl-core-AbilityToEat.EatingLimitations",
      "url" : "http://nictiz.nl/fhir/StructureDefinition/nl-core-AbilityToEat.EatingLimitations",
      "kind" : "resource",
      "type" : "Observation",
      "derivation" : "constraint"
    },
    {
      "filename" : "nl-core-AbilityToEat.json",
      "resourceType" : "StructureDefinition",
      "id" : "nl-core-AbilityToEat",
      "url" : "http://nictiz.nl/fhir/StructureDefinition/nl-core-AbilityToEat",
      "kind" : "resource",
      "type" : "Observation",
      "derivation" : "constraint"
    },
    {
      "filename" : "nl-core-AbilityToGroom.json",
      "resourceType" : "StructureDefinition",
      "id" : "nl-core-AbilityToGroom",
      "url" : "http://nictiz.nl/fhir/StructureDefinition/nl-core-AbilityToGroom",
      "kind" : "resource",
      "type" : "Observation",
      "derivation" : "constraint"
    },
    {
      "filename" : "nl-core-AbilityToUseToilet.MenstrualCare.json",
      "resourceType" : "StructureDefinition",
      "id" : "nl-core-AbilityToUseToilet.MenstrualCare",
      "url" : "http://nictiz.nl/fhir/StructureDefinition/nl-core-AbilityToUseToilet.MenstrualCare",
      "kind" : "resource",
      "type" : "Observation",
      "derivation" : "constraint"
    },
    {
      "filename" : "nl-core-AbilityToUseToilet.ToiletUse.json",
      "resourceType" : "StructureDefinition",
      "id" : "nl-core-AbilityToUseToilet.ToiletUse",
      "url" : "http://nictiz.nl/fhir/StructureDefinition/nl-core-AbilityToUseToilet.ToiletUse",
      "kind" : "resource",
      "type" : "Observation",
      "derivation" : "constraint"
    },
    {
      "filename" : "nl-core-AbilityToUseToilet.json",
      "resourceType" : "StructureDefinition",
      "id" : "nl-core-AbilityToUseToilet",
      "url" : "http://nictiz.nl/fhir/StructureDefinition/nl-core-AbilityToUseToilet",
      "kind" : "resource",
      "type" : "Observation",
      "derivation" : "constraint"
    },
    {
      "filename" : "nl-core-AbilityToWashOneself.json",
      "resourceType" : "StructureDefinition",
      "id" : "nl-core-AbilityToWashOneself",
      "url" : "http://nictiz.nl/fhir/StructureDefinition/nl-core-AbilityToWashOneself",
      "kind" : "resource",
      "type" : "Observation",
      "derivation" : "constraint"
    },
    {
      "filename" : "nl-core-AddressInformation.json",
      "resourceType" : "StructureDefinition",
      "id" : "nl-core-AddressInformation",
      "url" : "http://nictiz.nl/fhir/StructureDefinition/nl-core-AddressInformation",
      "kind" : "complex-type",
      "type" : "Address",
      "derivation" : "constraint"
    },
    {
      "filename" : "nl-core-AdvanceDirective.json",
      "resourceType" : "StructureDefinition",
      "id" : "nl-core-AdvanceDirective",
      "url" : "http://nictiz.nl/fhir/StructureDefinition/nl-core-AdvanceDirective",
      "kind" : "resource",
      "type" : "Consent",
      "derivation" : "constraint"
    },
    {
      "filename" : "nl-core-AlcoholUse.json",
      "resourceType" : "StructureDefinition",
      "id" : "nl-core-AlcoholUse",
      "url" : "http://nictiz.nl/fhir/StructureDefinition/nl-core-AlcoholUse",
      "kind" : "resource",
      "type" : "Observation",
      "derivation" : "constraint"
    },
    {
      "filename" : "nl-core-Alert.json",
      "resourceType" : "StructureDefinition",
      "id" : "nl-core-Alert",
      "url" : "http://nictiz.nl/fhir/StructureDefinition/nl-core-Alert",
      "kind" : "resource",
      "type" : "Flag",
      "derivation" : "constraint"
    },
    {
      "filename" : "nl-core-AllergyIntolerance.json",
      "resourceType" : "StructureDefinition",
      "id" : "nl-core-AllergyIntolerance",
      "url" : "http://nictiz.nl/fhir/StructureDefinition/nl-core-AllergyIntolerance",
      "kind" : "resource",
      "type" : "AllergyIntolerance",
      "derivation" : "constraint"
    },
    {
      "filename" : "nl-core-AnatomicalLocation.json",
      "resourceType" : "StructureDefinition",
      "id" : "nl-core-AnatomicalLocation",
      "url" : "http://nictiz.nl/fhir/StructureDefinition/nl-core-AnatomicalLocation",
      "kind" : "complex-type",
      "type" : "CodeableConcept",
      "derivation" : "constraint"
    },
    {
      "filename" : "nl-core-ApgarScore-10Minute.json",
      "resourceType" : "StructureDefinition",
      "id" : "nl-core-ApgarScore-10Minute",
      "url" : "http://nictiz.nl/fhir/StructureDefinition/nl-core-ApgarScore-10Minute",
      "kind" : "resource",
      "type" : "Observation",
      "derivation" : "constraint"
    },
    {
      "filename" : "nl-core-ApgarScore-1Minute.json",
      "resourceType" : "StructureDefinition",
      "id" : "nl-core-ApgarScore-1Minute",
      "url" : "http://nictiz.nl/fhir/StructureDefinition/nl-core-ApgarScore-1Minute",
      "kind" : "resource",
      "type" : "Observation",
      "derivation" : "constraint"
    },
    {
      "filename" : "nl-core-ApgarScore-5Minute.json",
      "resourceType" : "StructureDefinition",
      "id" : "nl-core-ApgarScore-5Minute",
      "url" : "http://nictiz.nl/fhir/StructureDefinition/nl-core-ApgarScore-5Minute",
      "kind" : "resource",
      "type" : "Observation",
      "derivation" : "constraint"
    },
    {
      "filename" : "nl-core-BarthelADLIndex.json",
      "resourceType" : "StructureDefinition",
      "id" : "nl-core-BarthelADLIndex",
      "url" : "http://nictiz.nl/fhir/StructureDefinition/nl-core-BarthelADLIndex",
      "kind" : "resource",
      "type" : "Observation",
      "derivation" : "constraint"
    },
    {
      "filename" : "nl-core-BloodPressure.json",
      "resourceType" : "StructureDefinition",
      "id" : "nl-core-BloodPressure",
      "url" : "http://nictiz.nl/fhir/StructureDefinition/nl-core-BloodPressure",
      "kind" : "resource",
      "type" : "Observation",
      "derivation" : "constraint"
    },
    {
      "filename" : "nl-core-BodyHeight.json",
      "resourceType" : "StructureDefinition",
      "id" : "nl-core-BodyHeight",
      "url" : "http://nictiz.nl/fhir/StructureDefinition/nl-core-BodyHeight",
      "kind" : "resource",
      "type" : "Observation",
      "derivation" : "constraint"
    },
    {
      "filename" : "nl-core-BodyTemperature.json",
      "resourceType" : "StructureDefinition",
      "id" : "nl-core-BodyTemperature",
      "url" : "http://nictiz.nl/fhir/StructureDefinition/nl-core-BodyTemperature",
      "kind" : "resource",
      "type" : "Observation",
      "derivation" : "constraint"
    },
    {
      "filename" : "nl-core-BodyWeight.json",
      "resourceType" : "StructureDefinition",
      "id" : "nl-core-BodyWeight",
      "url" : "http://nictiz.nl/fhir/StructureDefinition/nl-core-BodyWeight",
      "kind" : "resource",
      "type" : "Observation",
      "derivation" : "constraint"
    },
    {
      "filename" : "nl-core-BowelFunction.DefecationColor.json",
      "resourceType" : "StructureDefinition",
      "id" : "nl-core-BowelFunction.DefecationColor",
      "url" : "http://nictiz.nl/fhir/StructureDefinition/nl-core-BowelFunction.DefecationColor",
      "kind" : "resource",
      "type" : "Observation",
      "derivation" : "constraint"
    },
    {
      "filename" : "nl-core-BowelFunction.DefecationConsistency.json",
      "resourceType" : "StructureDefinition",
      "id" : "nl-core-BowelFunction.DefecationConsistency",
      "url" : "http://nictiz.nl/fhir/StructureDefinition/nl-core-BowelFunction.DefecationConsistency",
      "kind" : "resource",
      "type" : "Observation",
      "derivation" : "constraint"
    },
    {
      "filename" : "nl-core-BowelFunction.FecalContinence.json",
      "resourceType" : "StructureDefinition",
      "id" : "nl-core-BowelFunction.FecalContinence",
      "url" : "http://nictiz.nl/fhir/StructureDefinition/nl-core-BowelFunction.FecalContinence",
      "kind" : "resource",
      "type" : "Observation",
      "derivation" : "constraint"
    },
    {
      "filename" : "nl-core-BowelFunction.Frequency.json",
      "resourceType" : "StructureDefinition",
      "id" : "nl-core-BowelFunction.Frequency",
      "url" : "http://nictiz.nl/fhir/StructureDefinition/nl-core-BowelFunction.Frequency",
      "kind" : "resource",
      "type" : "Observation",
      "derivation" : "constraint"
    },
    {
      "filename" : "nl-core-BowelFunction.json",
      "resourceType" : "StructureDefinition",
      "id" : "nl-core-BowelFunction",
      "url" : "http://nictiz.nl/fhir/StructureDefinition/nl-core-BowelFunction",
      "kind" : "resource",
      "type" : "Observation",
      "derivation" : "constraint"
    },
    {
      "filename" : "nl-core-Burnwound.Extent.json",
      "resourceType" : "StructureDefinition",
      "id" : "nl-core-Burnwound.Extent",
      "url" : "http://nictiz.nl/fhir/StructureDefinition/nl-core-Burnwound.Extent",
      "kind" : "resource",
      "type" : "Observation",
      "derivation" : "constraint"
    },
    {
      "filename" : "nl-core-Burnwound.json",
      "resourceType" : "StructureDefinition",
      "id" : "nl-core-Burnwound",
      "url" : "http://nictiz.nl/fhir/StructureDefinition/nl-core-Burnwound",
      "kind" : "resource",
      "type" : "Condition",
      "derivation" : "constraint"
    },
    {
      "filename" : "nl-core-CareTeam.json",
      "resourceType" : "StructureDefinition",
      "id" : "nl-core-CareTeam",
      "url" : "http://nictiz.nl/fhir/StructureDefinition/nl-core-CareTeam",
      "kind" : "resource",
      "type" : "CareTeam",
      "derivation" : "constraint"
    },
    {
      "filename" : "nl-core-ChecklistPainBehavior.json",
      "resourceType" : "StructureDefinition",
      "id" : "nl-core-ChecklistPainBehavior",
      "url" : "http://nictiz.nl/fhir/StructureDefinition/nl-core-ChecklistPainBehavior",
      "kind" : "resource",
      "type" : "Observation",
      "derivation" : "constraint"
    },
    {
      "filename" : "nl-core-ComfortScale.json",
      "resourceType" : "StructureDefinition",
      "id" : "nl-core-ComfortScale",
      "url" : "http://nictiz.nl/fhir/StructureDefinition/nl-core-ComfortScale",
      "kind" : "resource",
      "type" : "Observation",
      "derivation" : "constraint"
    },
    {
      "filename" : "nl-core-ContactInformation-EmailAddresses.json",
      "resourceType" : "StructureDefinition",
      "id" : "nl-core-ContactInformation-EmailAddresses",
      "url" : "http://nictiz.nl/fhir/StructureDefinition/nl-core-ContactInformation-EmailAddresses",
      "kind" : "complex-type",
      "type" : "ContactPoint",
      "derivation" : "constraint"
    },
    {
      "filename" : "nl-core-ContactInformation-TelephoneNumbers.json",
      "resourceType" : "StructureDefinition",
      "id" : "nl-core-ContactInformation-TelephoneNumbers",
      "url" : "http://nictiz.nl/fhir/StructureDefinition/nl-core-ContactInformation-TelephoneNumbers",
      "kind" : "complex-type",
      "type" : "ContactPoint",
      "derivation" : "constraint"
    },
    {
      "filename" : "nl-core-ContactPerson.json",
      "resourceType" : "StructureDefinition",
      "id" : "nl-core-ContactPerson",
      "url" : "http://nictiz.nl/fhir/StructureDefinition/nl-core-ContactPerson",
      "kind" : "resource",
      "type" : "RelatedPerson",
      "derivation" : "constraint"
    },
    {
      "filename" : "nl-core-DOSScore.json",
      "resourceType" : "StructureDefinition",
      "id" : "nl-core-DOSScore",
      "url" : "http://nictiz.nl/fhir/StructureDefinition/nl-core-DOSScore",
      "kind" : "resource",
      "type" : "Observation",
      "derivation" : "constraint"
    },
    {
      "filename" : "nl-core-DevelopmentChild.AgeFirstMenstruation.json",
      "resourceType" : "StructureDefinition",
      "id" : "nl-core-DevelopmentChild.AgeFirstMenstruation",
      "url" : "http://nictiz.nl/fhir/StructureDefinition/nl-core-DevelopmentChild.AgeFirstMenstruation",
      "kind" : "resource",
      "type" : "Observation",
      "derivation" : "constraint"
    },
    {
      "filename" : "nl-core-DevelopmentChild.DevelopmentCognition.json",
      "resourceType" : "StructureDefinition",
      "id" : "nl-core-DevelopmentChild.DevelopmentCognition",
      "url" : "http://nictiz.nl/fhir/StructureDefinition/nl-core-DevelopmentChild.DevelopmentCognition",
      "kind" : "resource",
      "type" : "Observation",
      "derivation" : "constraint"
    },
    {
      "filename" : "nl-core-DevelopmentChild.DevelopmentLinguistics.json",
      "resourceType" : "StructureDefinition",
      "id" : "nl-core-DevelopmentChild.DevelopmentLinguistics",
      "url" : "http://nictiz.nl/fhir/StructureDefinition/nl-core-DevelopmentChild.DevelopmentLinguistics",
      "kind" : "resource",
      "type" : "Observation",
      "derivation" : "constraint"
    },
    {
      "filename" : "nl-core-DevelopmentChild.DevelopmentLocomotion.json",
      "resourceType" : "StructureDefinition",
      "id" : "nl-core-DevelopmentChild.DevelopmentLocomotion",
      "url" : "http://nictiz.nl/fhir/StructureDefinition/nl-core-DevelopmentChild.DevelopmentLocomotion",
      "kind" : "resource",
      "type" : "Observation",
      "derivation" : "constraint"
    },
    {
      "filename" : "nl-core-DevelopmentChild.DevelopmentSocial.json",
      "resourceType" : "StructureDefinition",
      "id" : "nl-core-DevelopmentChild.DevelopmentSocial",
      "url" : "http://nictiz.nl/fhir/StructureDefinition/nl-core-DevelopmentChild.DevelopmentSocial",
      "kind" : "resource",
      "type" : "Observation",
      "derivation" : "constraint"
    },
    {
      "filename" : "nl-core-DevelopmentChild.ToiletTrainednessFeces.json",
      "resourceType" : "StructureDefinition",
      "id" : "nl-core-DevelopmentChild.ToiletTrainednessFeces",
      "url" : "http://nictiz.nl/fhir/StructureDefinition/nl-core-DevelopmentChild.ToiletTrainednessFeces",
      "kind" : "resource",
      "type" : "Observation",
      "derivation" : "constraint"
    },
    {
      "filename" : "nl-core-DevelopmentChild.ToiletTrainednessUrine.json",
      "resourceType" : "StructureDefinition",
      "id" : "nl-core-DevelopmentChild.ToiletTrainednessUrine",
      "url" : "http://nictiz.nl/fhir/StructureDefinition/nl-core-DevelopmentChild.ToiletTrainednessUrine",
      "kind" : "resource",
      "type" : "Observation",
      "derivation" : "constraint"
    },
    {
      "filename" : "nl-core-DevelopmentChild.json",
      "resourceType" : "StructureDefinition",
      "id" : "nl-core-DevelopmentChild",
      "url" : "http://nictiz.nl/fhir/StructureDefinition/nl-core-DevelopmentChild",
      "kind" : "resource",
      "type" : "Observation",
      "derivation" : "constraint"
    },
    {
      "filename" : "nl-core-DrugUse.json",
      "resourceType" : "StructureDefinition",
      "id" : "nl-core-DrugUse",
      "url" : "http://nictiz.nl/fhir/StructureDefinition/nl-core-DrugUse",
      "kind" : "resource",
      "type" : "Observation",
      "derivation" : "constraint"
    },
    {
      "filename" : "nl-core-Education.json",
      "resourceType" : "StructureDefinition",
      "id" : "nl-core-Education",
      "url" : "http://nictiz.nl/fhir/StructureDefinition/nl-core-Education",
      "kind" : "resource",
      "type" : "Observation",
      "derivation" : "constraint"
    },
    {
      "filename" : "nl-core-Encounter.json",
      "resourceType" : "StructureDefinition",
      "id" : "nl-core-Encounter",
      "url" : "http://nictiz.nl/fhir/StructureDefinition/nl-core-Encounter",
      "kind" : "resource",
      "type" : "Encounter",
      "derivation" : "constraint"
    },
    {
      "filename" : "nl-core-EpisodeOfCare.json",
      "resourceType" : "StructureDefinition",
      "id" : "nl-core-EpisodeOfCare",
      "url" : "http://nictiz.nl/fhir/StructureDefinition/nl-core-EpisodeOfCare",
      "kind" : "resource",
      "type" : "EpisodeOfCare",
      "derivation" : "constraint"
    },
    {
      "filename" : "nl-core-FLACCpainScale.json",
      "resourceType" : "StructureDefinition",
      "id" : "nl-core-FLACCpainScale",
      "url" : "http://nictiz.nl/fhir/StructureDefinition/nl-core-FLACCpainScale",
      "kind" : "resource",
      "type" : "Observation",
      "derivation" : "constraint"
    },
    {
      "filename" : "nl-core-FeedingPatternInfant.json",
      "resourceType" : "StructureDefinition",
      "id" : "nl-core-FeedingPatternInfant",
      "url" : "http://nictiz.nl/fhir/StructureDefinition/nl-core-FeedingPatternInfant",
      "kind" : "resource",
      "type" : "Observation",
      "derivation" : "constraint"
    },
    {
      "filename" : "nl-core-FluidBalance.FluidTotalIn.json",
      "resourceType" : "StructureDefinition",
      "id" : "nl-core-FluidBalance.FluidTotalIn",
      "url" : "http://nictiz.nl/fhir/StructureDefinition/nl-core-FluidBalance.FluidTotalIn",
      "kind" : "resource",
      "type" : "Observation",
      "derivation" : "constraint"
    },
    {
      "filename" : "nl-core-FluidBalance.FluidTotalOut.json",
      "resourceType" : "StructureDefinition",
      "id" : "nl-core-FluidBalance.FluidTotalOut",
      "url" : "http://nictiz.nl/fhir/StructureDefinition/nl-core-FluidBalance.FluidTotalOut",
      "kind" : "resource",
      "type" : "Observation",
      "derivation" : "constraint"
    },
    {
      "filename" : "nl-core-FluidBalance.json",
      "resourceType" : "StructureDefinition",
      "id" : "nl-core-FluidBalance",
      "url" : "http://nictiz.nl/fhir/StructureDefinition/nl-core-FluidBalance",
      "kind" : "resource",
      "type" : "Observation",
      "derivation" : "constraint"
    },
    {
      "filename" : "nl-core-FreedomRestrictingIntervention.json",
      "resourceType" : "StructureDefinition",
      "id" : "nl-core-FreedomRestrictingIntervention",
      "url" : "http://nictiz.nl/fhir/StructureDefinition/nl-core-FreedomRestrictingIntervention",
      "kind" : "resource",
      "type" : "Procedure",
      "derivation" : "constraint"
    },
    {
      "filename" : "nl-core-FunctionalOrMentalStatus.json",
      "resourceType" : "StructureDefinition",
      "id" : "nl-core-FunctionalOrMentalStatus",
      "url" : "http://nictiz.nl/fhir/StructureDefinition/nl-core-FunctionalOrMentalStatus",
      "kind" : "resource",
      "type" : "Observation",
      "derivation" : "constraint"
    },
    {
      "filename" : "nl-core-GlasgowComaScale.json",
      "resourceType" : "StructureDefinition",
      "id" : "nl-core-GlasgowComaScale",
      "url" : "http://nictiz.nl/fhir/StructureDefinition/nl-core-GlasgowComaScale",
      "kind" : "resource",
      "type" : "Observation",
      "derivation" : "constraint"
    },
    {
      "filename" : "nl-core-HeadCircumference.json",
      "resourceType" : "StructureDefinition",
      "id" : "nl-core-HeadCircumference",
      "url" : "http://nictiz.nl/fhir/StructureDefinition/nl-core-HeadCircumference",
      "kind" : "resource",
      "type" : "Observation",
      "derivation" : "constraint"
    },
    {
      "filename" : "nl-core-HealthProfessional-Practitioner.json",
      "resourceType" : "StructureDefinition",
      "id" : "nl-core-HealthProfessional-Practitioner",
      "url" : "http://nictiz.nl/fhir/StructureDefinition/nl-core-HealthProfessional-Practitioner",
      "kind" : "resource",
      "type" : "Practitioner",
      "derivation" : "constraint"
    },
    {
      "filename" : "nl-core-HealthProfessional-PractitionerRole.json",
      "resourceType" : "StructureDefinition",
      "id" : "nl-core-HealthProfessional-PractitionerRole",
      "url" : "http://nictiz.nl/fhir/StructureDefinition/nl-core-HealthProfessional-PractitionerRole",
      "kind" : "resource",
      "type" : "PractitionerRole",
      "derivation" : "constraint"
    },
    {
      "filename" : "nl-core-HealthcareProvider-Organization.json",
      "resourceType" : "StructureDefinition",
      "id" : "nl-core-HealthcareProvider-Organization",
      "url" : "http://nictiz.nl/fhir/StructureDefinition/nl-core-HealthcareProvider-Organization",
      "kind" : "resource",
      "type" : "Organization",
      "derivation" : "constraint"
    },
    {
      "filename" : "nl-core-HealthcareProvider.json",
      "resourceType" : "StructureDefinition",
      "id" : "nl-core-HealthcareProvider",
      "url" : "http://nictiz.nl/fhir/StructureDefinition/nl-core-HealthcareProvider",
      "kind" : "resource",
      "type" : "Location",
      "derivation" : "constraint"
    },
    {
      "filename" : "nl-core-HearingFunction.HearingAid.Product.json",
      "resourceType" : "StructureDefinition",
      "id" : "nl-core-HearingFunction.HearingAid.Product",
      "url" : "http://nictiz.nl/fhir/StructureDefinition/nl-core-HearingFunction.HearingAid.Product",
      "kind" : "resource",
      "type" : "Device",
      "derivation" : "constraint"
    },
    {
      "filename" : "nl-core-HearingFunction.HearingAid.json",
      "resourceType" : "StructureDefinition",
      "id" : "nl-core-HearingFunction.HearingAid",
      "url" : "http://nictiz.nl/fhir/StructureDefinition/nl-core-HearingFunction.HearingAid",
      "kind" : "resource",
      "type" : "DeviceUseStatement",
      "derivation" : "constraint"
    },
    {
      "filename" : "nl-core-HearingFunction.json",
      "resourceType" : "StructureDefinition",
      "id" : "nl-core-HearingFunction",
      "url" : "http://nictiz.nl/fhir/StructureDefinition/nl-core-HearingFunction",
      "kind" : "resource",
      "type" : "Observation",
      "derivation" : "constraint"
    },
    {
      "filename" : "nl-core-HeartRate.HeartbeatRegularity.json",
      "resourceType" : "StructureDefinition",
      "id" : "nl-core-HeartRate.HeartbeatRegularity",
      "url" : "http://nictiz.nl/fhir/StructureDefinition/nl-core-HeartRate.HeartbeatRegularity",
      "kind" : "resource",
      "type" : "Observation",
      "derivation" : "constraint"
    },
    {
      "filename" : "nl-core-HeartRate.InterpretationHeartRate.json",
      "resourceType" : "StructureDefinition",
      "id" : "nl-core-HeartRate.InterpretationHeartRate",
      "url" : "http://nictiz.nl/fhir/StructureDefinition/nl-core-HeartRate.InterpretationHeartRate",
      "kind" : "resource",
      "type" : "Observation",
      "derivation" : "constraint"
    },
    {
      "filename" : "nl-core-HeartRate.json",
      "resourceType" : "StructureDefinition",
      "id" : "nl-core-HeartRate",
      "url" : "http://nictiz.nl/fhir/StructureDefinition/nl-core-HeartRate",
      "kind" : "resource",
      "type" : "Observation",
      "derivation" : "constraint"
    },
    {
      "filename" : "nl-core-HelpFromOthers.json",
      "resourceType" : "StructureDefinition",
      "id" : "nl-core-HelpFromOthers",
      "url" : "http://nictiz.nl/fhir/StructureDefinition/nl-core-HelpFromOthers",
      "kind" : "resource",
      "type" : "CarePlan",
      "derivation" : "constraint"
    },
    {
      "filename" : "nl-core-IllnessPerception.CopingWithIllnessByFamily.json",
      "resourceType" : "StructureDefinition",
      "id" : "nl-core-IllnessPerception.CopingWithIllnessByFamily",
      "url" : "http://nictiz.nl/fhir/StructureDefinition/nl-core-IllnessPerception.CopingWithIllnessByFamily",
      "kind" : "resource",
      "type" : "Observation",
      "derivation" : "constraint"
    },
    {
      "filename" : "nl-core-IllnessPerception.CopingWithIllnessByPatient.json",
      "resourceType" : "StructureDefinition",
      "id" : "nl-core-IllnessPerception.CopingWithIllnessByPatient",
      "url" : "http://nictiz.nl/fhir/StructureDefinition/nl-core-IllnessPerception.CopingWithIllnessByPatient",
      "kind" : "resource",
      "type" : "Observation",
      "derivation" : "constraint"
    },
    {
      "filename" : "nl-core-IllnessPerception.PatientIllnessInsight.json",
      "resourceType" : "StructureDefinition",
      "id" : "nl-core-IllnessPerception.PatientIllnessInsight",
      "url" : "http://nictiz.nl/fhir/StructureDefinition/nl-core-IllnessPerception.PatientIllnessInsight",
      "kind" : "resource",
      "type" : "Observation",
      "derivation" : "constraint"
    },
    {
      "filename" : "nl-core-IllnessPerception.json",
      "resourceType" : "StructureDefinition",
      "id" : "nl-core-IllnessPerception",
      "url" : "http://nictiz.nl/fhir/StructureDefinition/nl-core-IllnessPerception",
      "kind" : "resource",
      "type" : "Observation",
      "derivation" : "constraint"
    },
    {
      "filename" : "nl-core-LaboratoryTestResult.Specimen.json",
      "resourceType" : "StructureDefinition",
      "id" : "nl-core-LaboratoryTestResult.Specimen",
      "url" : "http://nictiz.nl/fhir/StructureDefinition/nl-core-LaboratoryTestResult.Specimen",
      "kind" : "resource",
      "type" : "Specimen",
      "derivation" : "constraint"
    },
    {
      "filename" : "nl-core-LaboratoryTestResult.SpecimenSource.json",
      "resourceType" : "StructureDefinition",
      "id" : "nl-core-LaboratoryTestResult.SpecimenSource",
      "url" : "http://nictiz.nl/fhir/StructureDefinition/nl-core-LaboratoryTestResult.SpecimenSource",
      "kind" : "resource",
      "type" : "Device",
      "derivation" : "constraint"
    },
    {
      "filename" : "nl-core-LaboratoryTestResult.json",
      "resourceType" : "StructureDefinition",
      "id" : "nl-core-LaboratoryTestResult",
      "url" : "http://nictiz.nl/fhir/StructureDefinition/nl-core-LaboratoryTestResult",
      "kind" : "resource",
      "type" : "Observation",
      "derivation" : "constraint"
    },
    {
      "filename" : "nl-core-LegalSituation-LegalStatus.json",
      "resourceType" : "StructureDefinition",
      "id" : "nl-core-LegalSituation-LegalStatus",
      "url" : "http://nictiz.nl/fhir/StructureDefinition/nl-core-LegalSituation-LegalStatus",
      "kind" : "resource",
      "type" : "Condition",
      "derivation" : "constraint"
    },
    {
      "filename" : "nl-core-LegalSituation-Representation.json",
      "resourceType" : "StructureDefinition",
      "id" : "nl-core-LegalSituation-Representation",
      "url" : "http://nictiz.nl/fhir/StructureDefinition/nl-core-LegalSituation-Representation",
      "kind" : "resource",
      "type" : "Condition",
      "derivation" : "constraint"
    },
    {
      "filename" : "nl-core-LifeStance.json",
      "resourceType" : "StructureDefinition",
      "id" : "nl-core-LifeStance",
      "url" : "http://nictiz.nl/fhir/StructureDefinition/nl-core-LifeStance",
      "kind" : "resource",
      "type" : "Observation",
      "derivation" : "constraint"
    },
    {
      "filename" : "nl-core-LivingSituation.json",
      "resourceType" : "StructureDefinition",
      "id" : "nl-core-LivingSituation",
      "url" : "http://nictiz.nl/fhir/StructureDefinition/nl-core-LivingSituation",
      "kind" : "resource",
      "type" : "Observation",
      "derivation" : "constraint"
    },
    {
      "filename" : "nl-core-MUSTScore.json",
      "resourceType" : "StructureDefinition",
      "id" : "nl-core-MUSTScore",
      "url" : "http://nictiz.nl/fhir/StructureDefinition/nl-core-MUSTScore",
      "kind" : "resource",
      "type" : "Observation",
      "derivation" : "constraint"
    },
    {
      "filename" : "nl-core-MedicalDevice.Product.json",
      "resourceType" : "StructureDefinition",
      "id" : "nl-core-MedicalDevice.Product",
      "url" : "http://nictiz.nl/fhir/StructureDefinition/nl-core-MedicalDevice.Product",
      "kind" : "resource",
      "type" : "Device",
      "derivation" : "constraint"
    },
    {
      "filename" : "nl-core-MedicalDevice.json",
      "resourceType" : "StructureDefinition",
      "id" : "nl-core-MedicalDevice",
      "url" : "http://nictiz.nl/fhir/StructureDefinition/nl-core-MedicalDevice",
      "kind" : "resource",
      "type" : "DeviceUseStatement",
      "derivation" : "constraint"
    },
    {
      "filename" : "nl-core-MedicationContraIndication.json",
      "resourceType" : "StructureDefinition",
      "id" : "nl-core-MedicationContraIndication",
      "url" : "http://nictiz.nl/fhir/StructureDefinition/nl-core-MedicationContraIndication",
      "kind" : "resource",
      "type" : "Flag",
      "derivation" : "constraint"
    },
    {
      "filename" : "nl-core-Mobility.ChangingPosition.json",
      "resourceType" : "StructureDefinition",
      "id" : "nl-core-Mobility.ChangingPosition",
      "url" : "http://nictiz.nl/fhir/StructureDefinition/nl-core-Mobility.ChangingPosition",
      "kind" : "resource",
      "type" : "Observation",
      "derivation" : "constraint"
    },
    {
      "filename" : "nl-core-Mobility.ClimbingStairs.json",
      "resourceType" : "StructureDefinition",
      "id" : "nl-core-Mobility.ClimbingStairs",
      "url" : "http://nictiz.nl/fhir/StructureDefinition/nl-core-Mobility.ClimbingStairs",
      "kind" : "resource",
      "type" : "Observation",
      "derivation" : "constraint"
    },
    {
      "filename" : "nl-core-Mobility.MaintainingPosition.json",
      "resourceType" : "StructureDefinition",
      "id" : "nl-core-Mobility.MaintainingPosition",
      "url" : "http://nictiz.nl/fhir/StructureDefinition/nl-core-Mobility.MaintainingPosition",
      "kind" : "resource",
      "type" : "Observation",
      "derivation" : "constraint"
    },
    {
      "filename" : "nl-core-Mobility.Transfer.json",
      "resourceType" : "StructureDefinition",
      "id" : "nl-core-Mobility.Transfer",
      "url" : "http://nictiz.nl/fhir/StructureDefinition/nl-core-Mobility.Transfer",
      "kind" : "resource",
      "type" : "Observation",
      "derivation" : "constraint"
    },
    {
      "filename" : "nl-core-Mobility.Walking.json",
      "resourceType" : "StructureDefinition",
      "id" : "nl-core-Mobility.Walking",
      "url" : "http://nictiz.nl/fhir/StructureDefinition/nl-core-Mobility.Walking",
      "kind" : "resource",
      "type" : "Observation",
      "derivation" : "constraint"
    },
    {
      "filename" : "nl-core-Mobility.json",
      "resourceType" : "StructureDefinition",
      "id" : "nl-core-Mobility",
      "url" : "http://nictiz.nl/fhir/StructureDefinition/nl-core-Mobility",
      "kind" : "resource",
      "type" : "Observation",
      "derivation" : "constraint"
    },
    {
      "filename" : "nl-core-NameInformation.GivenName.json",
      "resourceType" : "StructureDefinition",
      "id" : "nl-core-NameInformation.GivenName",
      "url" : "http://nictiz.nl/fhir/StructureDefinition/nl-core-NameInformation.GivenName",
      "kind" : "complex-type",
      "type" : "HumanName",
      "derivation" : "constraint"
    },
    {
      "filename" : "nl-core-NameInformation.json",
      "resourceType" : "StructureDefinition",
      "id" : "nl-core-NameInformation",
      "url" : "http://nictiz.nl/fhir/StructureDefinition/nl-core-NameInformation",
      "kind" : "complex-type",
      "type" : "HumanName",
      "derivation" : "constraint"
    },
    {
      "filename" : "nl-core-NursingIntervention.json",
      "resourceType" : "StructureDefinition",
      "id" : "nl-core-NursingIntervention",
      "url" : "http://nictiz.nl/fhir/StructureDefinition/nl-core-NursingIntervention",
      "kind" : "resource",
      "type" : "CarePlan",
      "derivation" : "constraint"
    },
    {
      "filename" : "nl-core-NutritionAdvice.json",
      "resourceType" : "StructureDefinition",
      "id" : "nl-core-NutritionAdvice",
      "url" : "http://nictiz.nl/fhir/StructureDefinition/nl-core-NutritionAdvice",
      "kind" : "resource",
      "type" : "NutritionOrder",
      "derivation" : "constraint"
    },
    {
      "filename" : "nl-core-O2Saturation.json",
      "resourceType" : "StructureDefinition",
      "id" : "nl-core-O2Saturation",
      "url" : "http://nictiz.nl/fhir/StructureDefinition/nl-core-O2Saturation",
      "kind" : "resource",
      "type" : "Observation",
      "derivation" : "constraint"
    },
    {
      "filename" : "nl-core-PainScore.json",
      "resourceType" : "StructureDefinition",
      "id" : "nl-core-PainScore",
      "url" : "http://nictiz.nl/fhir/StructureDefinition/nl-core-PainScore",
      "kind" : "resource",
      "type" : "Observation",
      "derivation" : "constraint"
    },
    {
      "filename" : "nl-core-ParticipationInSociety.Hobby.json",
      "resourceType" : "StructureDefinition",
      "id" : "nl-core-ParticipationInSociety.Hobby",
      "url" : "http://nictiz.nl/fhir/StructureDefinition/nl-core-ParticipationInSociety.Hobby",
      "kind" : "resource",
      "type" : "Observation",
      "derivation" : "constraint"
    },
    {
      "filename" : "nl-core-ParticipationInSociety.SocialNetwork.json",
      "resourceType" : "StructureDefinition",
      "id" : "nl-core-ParticipationInSociety.SocialNetwork",
      "url" : "http://nictiz.nl/fhir/StructureDefinition/nl-core-ParticipationInSociety.SocialNetwork",
      "kind" : "resource",
      "type" : "Observation",
      "derivation" : "constraint"
    },
    {
      "filename" : "nl-core-ParticipationInSociety.WorkSituation.json",
      "resourceType" : "StructureDefinition",
      "id" : "nl-core-ParticipationInSociety.WorkSituation",
      "url" : "http://nictiz.nl/fhir/StructureDefinition/nl-core-ParticipationInSociety.WorkSituation",
      "kind" : "resource",
      "type" : "Observation",
      "derivation" : "constraint"
    },
    {
      "filename" : "nl-core-ParticipationInSociety.json",
      "resourceType" : "StructureDefinition",
      "id" : "nl-core-ParticipationInSociety",
      "url" : "http://nictiz.nl/fhir/StructureDefinition/nl-core-ParticipationInSociety",
      "kind" : "resource",
      "type" : "Observation",
      "derivation" : "constraint"
    },
    {
      "filename" : "nl-core-Patient.json",
      "resourceType" : "StructureDefinition",
      "id" : "nl-core-Patient",
      "url" : "http://nictiz.nl/fhir/StructureDefinition/nl-core-Patient",
      "kind" : "resource",
      "type" : "Patient",
      "derivation" : "constraint"
    },
    {
      "filename" : "nl-core-Payer-Organization.json",
      "resourceType" : "StructureDefinition",
      "id" : "nl-core-Payer-Organization",
      "url" : "http://nictiz.nl/fhir/StructureDefinition/nl-core-Payer-Organization",
      "kind" : "resource",
      "type" : "Organization",
      "derivation" : "constraint"
    },
    {
      "filename" : "nl-core-Payer.InsuranceCompany.json",
      "resourceType" : "StructureDefinition",
      "id" : "nl-core-Payer.InsuranceCompany",
      "url" : "http://nictiz.nl/fhir/StructureDefinition/nl-core-Payer.InsuranceCompany",
      "kind" : "resource",
      "type" : "Coverage",
      "derivation" : "constraint"
    },
    {
      "filename" : "nl-core-Payer.PayerPerson.json",
      "resourceType" : "StructureDefinition",
      "id" : "nl-core-Payer.PayerPerson",
      "url" : "http://nictiz.nl/fhir/StructureDefinition/nl-core-Payer.PayerPerson",
      "kind" : "resource",
      "type" : "Coverage",
      "derivation" : "constraint"
    },
    {
      "filename" : "nl-core-PharmaceuticalProduct.json",
      "resourceType" : "StructureDefinition",
      "id" : "nl-core-PharmaceuticalProduct",
      "url" : "http://nictiz.nl/fhir/StructureDefinition/nl-core-PharmaceuticalProduct",
      "kind" : "resource",
      "type" : "Medication",
      "derivation" : "constraint"
    },
    {
      "filename" : "nl-core-Pregnancy.DateLastMenstruation.json",
      "resourceType" : "StructureDefinition",
      "id" : "nl-core-Pregnancy.DateLastMenstruation",
      "url" : "http://nictiz.nl/fhir/StructureDefinition/nl-core-Pregnancy.DateLastMenstruation",
      "kind" : "resource",
      "type" : "Observation",
      "derivation" : "constraint"
    },
    {
      "filename" : "nl-core-Pregnancy.EstimatedDateOfDelivery.json",
      "resourceType" : "StructureDefinition",
      "id" : "nl-core-Pregnancy.EstimatedDateOfDelivery",
      "url" : "http://nictiz.nl/fhir/StructureDefinition/nl-core-Pregnancy.EstimatedDateOfDelivery",
      "kind" : "resource",
      "type" : "Observation",
      "derivation" : "constraint"
    },
    {
      "filename" : "nl-core-Pregnancy.Gravidity.json",
      "resourceType" : "StructureDefinition",
      "id" : "nl-core-Pregnancy.Gravidity",
      "url" : "http://nictiz.nl/fhir/StructureDefinition/nl-core-Pregnancy.Gravidity",
      "kind" : "resource",
      "type" : "Observation",
      "derivation" : "constraint"
    },
    {
      "filename" : "nl-core-Pregnancy.Parity.json",
      "resourceType" : "StructureDefinition",
      "id" : "nl-core-Pregnancy.Parity",
      "url" : "http://nictiz.nl/fhir/StructureDefinition/nl-core-Pregnancy.Parity",
      "kind" : "resource",
      "type" : "Observation",
      "derivation" : "constraint"
    },
    {
      "filename" : "nl-core-Pregnancy.PregnancyDuration.json",
      "resourceType" : "StructureDefinition",
      "id" : "nl-core-Pregnancy.PregnancyDuration",
      "url" : "http://nictiz.nl/fhir/StructureDefinition/nl-core-Pregnancy.PregnancyDuration",
      "kind" : "resource",
      "type" : "Observation",
      "derivation" : "constraint"
    },
    {
      "filename" : "nl-core-Pregnancy.json",
      "resourceType" : "StructureDefinition",
      "id" : "nl-core-Pregnancy",
      "url" : "http://nictiz.nl/fhir/StructureDefinition/nl-core-Pregnancy",
      "kind" : "resource",
      "type" : "Condition",
      "derivation" : "constraint"
    },
    {
      "filename" : "nl-core-PressureUlcer.json",
      "resourceType" : "StructureDefinition",
      "id" : "nl-core-PressureUlcer",
      "url" : "http://nictiz.nl/fhir/StructureDefinition/nl-core-PressureUlcer",
      "kind" : "resource",
      "type" : "Condition",
      "derivation" : "constraint"
    },
    {
      "filename" : "nl-core-Problem.json",
      "resourceType" : "StructureDefinition",
      "id" : "nl-core-Problem",
      "url" : "http://nictiz.nl/fhir/StructureDefinition/nl-core-Problem",
      "kind" : "resource",
      "type" : "Condition",
      "derivation" : "constraint"
    },
    {
      "filename" : "nl-core-Procedure-event.json",
      "resourceType" : "StructureDefinition",
      "id" : "nl-core-Procedure-event",
      "url" : "http://nictiz.nl/fhir/StructureDefinition/nl-core-Procedure-event",
      "kind" : "resource",
      "type" : "Procedure",
      "derivation" : "constraint"
    },
    {
      "filename" : "nl-core-Procedure-request.json",
      "resourceType" : "StructureDefinition",
      "id" : "nl-core-Procedure-request",
      "url" : "http://nictiz.nl/fhir/StructureDefinition/nl-core-Procedure-request",
      "kind" : "resource",
      "type" : "ServiceRequest",
      "derivation" : "constraint"
    },
    {
      "filename" : "nl-core-PulseRate.PulseRegularity.json",
      "resourceType" : "StructureDefinition",
      "id" : "nl-core-PulseRate.PulseRegularity",
      "url" : "http://nictiz.nl/fhir/StructureDefinition/nl-core-PulseRate.PulseRegularity",
      "kind" : "resource",
      "type" : "Observation",
      "derivation" : "constraint"
    },
    {
      "filename" : "nl-core-PulseRate.json",
      "resourceType" : "StructureDefinition",
      "id" : "nl-core-PulseRate",
      "url" : "http://nictiz.nl/fhir/StructureDefinition/nl-core-PulseRate",
      "kind" : "resource",
      "type" : "Observation",
      "derivation" : "constraint"
    },
    {
      "filename" : "nl-core-Refraction.json",
      "resourceType" : "StructureDefinition",
      "id" : "nl-core-Refraction",
      "url" : "http://nictiz.nl/fhir/StructureDefinition/nl-core-Refraction",
      "kind" : "resource",
      "type" : "Observation",
      "derivation" : "constraint"
    },
    {
      "filename" : "nl-core-SNAQ65plusScore.json",
      "resourceType" : "StructureDefinition",
      "id" : "nl-core-SNAQ65plusScore",
      "url" : "http://nictiz.nl/fhir/StructureDefinition/nl-core-SNAQ65plusScore",
      "kind" : "resource",
      "type" : "Observation",
      "derivation" : "constraint"
    },
    {
      "filename" : "nl-core-SNAQScore.json",
      "resourceType" : "StructureDefinition",
      "id" : "nl-core-SNAQScore",
      "url" : "http://nictiz.nl/fhir/StructureDefinition/nl-core-SNAQScore",
      "kind" : "resource",
      "type" : "Observation",
      "derivation" : "constraint"
    },
    {
      "filename" : "nl-core-SNAQrcScore.json",
      "resourceType" : "StructureDefinition",
      "id" : "nl-core-SNAQrcScore",
      "url" : "http://nictiz.nl/fhir/StructureDefinition/nl-core-SNAQrcScore",
      "kind" : "resource",
      "type" : "Observation",
      "derivation" : "constraint"
    },
    {
      "filename" : "nl-core-SOAPReport.SOAPLine.json",
      "resourceType" : "StructureDefinition",
      "id" : "nl-core-SOAPReport.SOAPLine",
      "url" : "http://nictiz.nl/fhir/StructureDefinition/nl-core-SOAPReport.SOAPLine",
      "kind" : "resource",
      "type" : "Observation",
      "derivation" : "constraint"
    },
    {
      "filename" : "nl-core-SOAPReport.json",
      "resourceType" : "StructureDefinition",
      "id" : "nl-core-SOAPReport",
      "url" : "http://nictiz.nl/fhir/StructureDefinition/nl-core-SOAPReport",
      "kind" : "resource",
      "type" : "Composition",
      "derivation" : "constraint"
    },
    {
      "filename" : "nl-core-SkinDisorder.json",
      "resourceType" : "StructureDefinition",
      "id" : "nl-core-SkinDisorder",
      "url" : "http://nictiz.nl/fhir/StructureDefinition/nl-core-SkinDisorder",
      "kind" : "resource",
      "type" : "Condition",
      "derivation" : "constraint"
    },
    {
      "filename" : "nl-core-Stoma.json",
      "resourceType" : "StructureDefinition",
      "id" : "nl-core-Stoma",
      "url" : "http://nictiz.nl/fhir/StructureDefinition/nl-core-Stoma",
      "kind" : "resource",
      "type" : "Condition",
      "derivation" : "constraint"
    },
    {
      "filename" : "nl-core-StrongKidsScore.json",
      "resourceType" : "StructureDefinition",
      "id" : "nl-core-StrongKidsScore",
      "url" : "http://nictiz.nl/fhir/StructureDefinition/nl-core-StrongKidsScore",
      "kind" : "resource",
      "type" : "Observation",
      "derivation" : "constraint"
    },
    {
      "filename" : "nl-core-TextResult.VisualResult.json",
      "resourceType" : "StructureDefinition",
      "id" : "nl-core-TextResult.VisualResult",
      "url" : "http://nictiz.nl/fhir/StructureDefinition/nl-core-TextResult.VisualResult",
      "kind" : "resource",
      "type" : "Media",
      "derivation" : "constraint"
    },
    {
      "filename" : "nl-core-TextResult.json",
      "resourceType" : "StructureDefinition",
      "id" : "nl-core-TextResult",
      "url" : "http://nictiz.nl/fhir/StructureDefinition/nl-core-TextResult",
      "kind" : "resource",
      "type" : "DiagnosticReport",
      "derivation" : "constraint"
    },
    {
      "filename" : "nl-core-TimeInterval.json",
      "resourceType" : "StructureDefinition",
      "id" : "nl-core-TimeInterval",
      "url" : "http://nictiz.nl/fhir/StructureDefinition/nl-core-TimeInterval",
      "kind" : "complex-type",
      "type" : "Period",
      "derivation" : "constraint"
    },
    {
      "filename" : "nl-core-TobaccoUse.json",
      "resourceType" : "StructureDefinition",
      "id" : "nl-core-TobaccoUse",
      "url" : "http://nictiz.nl/fhir/StructureDefinition/nl-core-TobaccoUse",
      "kind" : "resource",
      "type" : "Observation",
      "derivation" : "constraint"
    },
    {
      "filename" : "nl-core-TreatmentDirective2.json",
      "resourceType" : "StructureDefinition",
      "id" : "nl-core-TreatmentDirective2",
      "url" : "http://nictiz.nl/fhir/StructureDefinition/nl-core-TreatmentDirective2",
      "kind" : "resource",
      "type" : "Consent",
      "derivation" : "constraint"
    },
    {
      "filename" : "nl-core-Vaccination-event.json",
      "resourceType" : "StructureDefinition",
      "id" : "nl-core-Vaccination-event",
      "url" : "http://nictiz.nl/fhir/StructureDefinition/nl-core-Vaccination-event",
      "kind" : "resource",
      "type" : "Immunization",
      "derivation" : "constraint"
    },
    {
      "filename" : "nl-core-Vaccination-request.json",
      "resourceType" : "StructureDefinition",
      "id" : "nl-core-Vaccination-request",
      "url" : "http://nictiz.nl/fhir/StructureDefinition/nl-core-Vaccination-request",
      "kind" : "resource",
      "type" : "ImmunizationRecommendation",
      "derivation" : "constraint"
    },
    {
      "filename" : "nl-core-VisualFunction.VisualAid.Product.json",
      "resourceType" : "StructureDefinition",
      "id" : "nl-core-VisualFunction.VisualAid.Product",
      "url" : "http://nictiz.nl/fhir/StructureDefinition/nl-core-VisualFunction.VisualAid.Product",
      "kind" : "resource",
      "type" : "Device",
      "derivation" : "constraint"
    },
    {
      "filename" : "nl-core-VisualFunction.VisualAid.json",
      "resourceType" : "StructureDefinition",
      "id" : "nl-core-VisualFunction.VisualAid",
      "url" : "http://nictiz.nl/fhir/StructureDefinition/nl-core-VisualFunction.VisualAid",
      "kind" : "resource",
      "type" : "DeviceUseStatement",
      "derivation" : "constraint"
    },
    {
      "filename" : "nl-core-VisualFunction.json",
      "resourceType" : "StructureDefinition",
      "id" : "nl-core-VisualFunction",
      "url" : "http://nictiz.nl/fhir/StructureDefinition/nl-core-VisualFunction",
      "kind" : "resource",
      "type" : "Observation",
      "derivation" : "constraint"
    },
    {
      "filename" : "nl-core-Wound.Drain.Product.json",
      "resourceType" : "StructureDefinition",
      "id" : "nl-core-Wound.Drain.Product",
      "url" : "http://nictiz.nl/fhir/StructureDefinition/nl-core-Wound.Drain.Product",
      "kind" : "resource",
      "type" : "Device",
      "derivation" : "constraint"
    },
    {
      "filename" : "nl-core-Wound.Drain.json",
      "resourceType" : "StructureDefinition",
      "id" : "nl-core-Wound.Drain",
      "url" : "http://nictiz.nl/fhir/StructureDefinition/nl-core-Wound.Drain",
      "kind" : "resource",
      "type" : "DeviceUseStatement",
      "derivation" : "constraint"
    },
    {
      "filename" : "nl-core-Wound.WoundEdge.json",
      "resourceType" : "StructureDefinition",
      "id" : "nl-core-Wound.WoundEdge",
      "url" : "http://nictiz.nl/fhir/StructureDefinition/nl-core-Wound.WoundEdge",
      "kind" : "resource",
      "type" : "Observation",
      "derivation" : "constraint"
    },
    {
      "filename" : "nl-core-Wound.WoundInfection.json",
      "resourceType" : "StructureDefinition",
      "id" : "nl-core-Wound.WoundInfection",
      "url" : "http://nictiz.nl/fhir/StructureDefinition/nl-core-Wound.WoundInfection",
      "kind" : "resource",
      "type" : "Observation",
      "derivation" : "constraint"
    },
    {
      "filename" : "nl-core-Wound.WoundMoisture.json",
      "resourceType" : "StructureDefinition",
      "id" : "nl-core-Wound.WoundMoisture",
      "url" : "http://nictiz.nl/fhir/StructureDefinition/nl-core-Wound.WoundMoisture",
      "kind" : "resource",
      "type" : "Observation",
      "derivation" : "constraint"
    },
    {
      "filename" : "nl-core-Wound.WoundTissue.json",
      "resourceType" : "StructureDefinition",
      "id" : "nl-core-Wound.WoundTissue",
      "url" : "http://nictiz.nl/fhir/StructureDefinition/nl-core-Wound.WoundTissue",
      "kind" : "resource",
      "type" : "Observation",
      "derivation" : "constraint"
    },
    {
      "filename" : "nl-core-Wound.json",
      "resourceType" : "StructureDefinition",
      "id" : "nl-core-Wound",
      "url" : "http://nictiz.nl/fhir/StructureDefinition/nl-core-Wound",
      "kind" : "resource",
      "type" : "Condition",
      "derivation" : "constraint"
    },
    {
      "filename" : "nl-core-wounds.DateOfLastDressingChange.json",
      "resourceType" : "StructureDefinition",
      "id" : "nl-core-wounds.DateOfLastDressingChange",
      "url" : "http://nictiz.nl/fhir/StructureDefinition/nl-core-wounds.DateOfLastDressingChange",
      "kind" : "resource",
      "type" : "Observation",
      "derivation" : "constraint"
    },
    {
      "filename" : "nl-core-wounds.WoundCharacteristics.json",
      "resourceType" : "StructureDefinition",
      "id" : "nl-core-wounds.WoundCharacteristics",
      "url" : "http://nictiz.nl/fhir/StructureDefinition/nl-core-wounds.WoundCharacteristics",
      "kind" : "resource",
      "type" : "Observation",
      "derivation" : "constraint"
    },
    {
      "filename" : "nl-core-wounds.WoundDepth.json",
      "resourceType" : "StructureDefinition",
      "id" : "nl-core-wounds.WoundDepth",
      "url" : "http://nictiz.nl/fhir/StructureDefinition/nl-core-wounds.WoundDepth",
      "kind" : "resource",
      "type" : "Observation",
      "derivation" : "constraint"
    },
    {
      "filename" : "nl-core-wounds.WoundImage.json",
      "resourceType" : "StructureDefinition",
      "id" : "nl-core-wounds.WoundImage",
      "url" : "http://nictiz.nl/fhir/StructureDefinition/nl-core-wounds.WoundImage",
      "kind" : "resource",
      "type" : "DocumentReference",
      "derivation" : "constraint"
    },
    {
      "filename" : "nl-core-wounds.WoundLength.json",
      "resourceType" : "StructureDefinition",
      "id" : "nl-core-wounds.WoundLength",
      "url" : "http://nictiz.nl/fhir/StructureDefinition/nl-core-wounds.WoundLength",
      "kind" : "resource",
      "type" : "Observation",
      "derivation" : "constraint"
    },
    {
      "filename" : "nl-core-wounds.WoundWidth.json",
      "resourceType" : "StructureDefinition",
      "id" : "nl-core-wounds.WoundWidth",
      "url" : "http://nictiz.nl/fhir/StructureDefinition/nl-core-wounds.WoundWidth",
      "kind" : "resource",
      "type" : "Observation",
      "derivation" : "constraint"
    },
    {
      "filename" : "pattern-NlCoreHealthProfessionalReference.json",
      "resourceType" : "StructureDefinition",
      "id" : "pattern-NlCoreHealthProfessionalReference",
      "url" : "http://nictiz.nl/fhir/StructureDefinition/pattern-NlCoreHealthProfessionalReference",
      "kind" : "complex-type",
      "type" : "Reference",
      "derivation" : "constraint"
    }
  ]
}
