{"resourceType":"StructureDefinition","id":"nl-core-NameInformation.GivenName","text":{"status":"empty","div":"<div xmlns=\"http://www.w3.org/1999/xhtml\">No narrative is provided for definitional resources. A human-readable rendering can be found in the implementation guide(s) where this resource is used.</div>"},"url":"http://nictiz.nl/fhir/StructureDefinition/nl-core-NameInformation.GivenName","name":"NlcoreNameInformationGivenName","title":"nl core NameInformation.GivenName","status":"draft","publisher":"Nictiz","contact":[{"name":"Nictiz","telecom":[{"system":"url","value":"https://www.nictiz.nl","use":"work"}]}],"description":"The name normally used to address the person.","purpose":"A derived profile from [zib-NameInformation.GivenName](http://nictiz.nl/fhir/StructureDefinition/zib-NameInformation.GivenName) to provide a version better suited for implementation purposes. This profile augments the base profile with elements found in the various use cases that have adopted the zib.\r\n\r\nFor the entire zib, the complementary profile [nl-core-NameInformation.GivenName](http://nictiz.nl/fhir/StructureDefinition/nl-core-NameInformation.GivenName) should be used. Both profiles can be added in a slice with the discriminator set to `value`/`use`.","copyright":"Copyright and related rights waived via CC0, https://creativecommons.org/publicdomain/zero/1.0/. This does not apply to information from third parties, for example a medical terminology system. The implementer alone is responsible for identifying and obtaining any necessary licenses or authorizations to utilize third party IP in connection with the specification or otherwise.","fhirVersion":"4.0.1","mapping":[{"identity":"zib-nameinformation-v1.1-2020EN","uri":"https://zibs.nl/wiki/NameInformation-v1.1(2020EN)","name":"zib NameInformation-v1.1(2020EN)"}],"kind":"complex-type","abstract":false,"type":"HumanName","baseDefinition":"http://nictiz.nl/fhir/StructureDefinition/zib-NameInformation.GivenName","derivation":"constraint","snapshot":{"element":[{"id":"HumanName","extension":[{"url":"http://hl7.org/fhir/StructureDefinition/structuredefinition-standards-status","valueCode":"normative"},{"url":"http://hl7.org/fhir/StructureDefinition/structuredefinition-normative-version","valueCode":"4.0.0"}],"path":"HumanName","short":"Name of a human - parts and usage","definition":"This slice represents the name information normally used to address the person.","comment":"This `.name` element represents the Dutch given name (\"roepnaam\") according to the [zib NameInformation v1.1 (2020)](https://zibs.nl/wiki/NameInformation-v1.1(2020EN)).\r\n\r\n**Note 1**: This element should only contain a person's _unofficial_ name. The official names are represented in one or more other `.name` elements with `.name.use` = _official_.\r\n\r\n**Note 2**: The examples illustrate how the zib is mapped to FHIR.","alias":["nl-core-NameInformation.GivenName"],"min":0,"max":"*","base":{"path":"HumanName","min":0,"max":"*"},"condition":["ele-1"],"constraint":[{"key":"ele-1","severity":"error","human":"All FHIR elements must have a @value or children","expression":"hasValue() or (children().count() > id.count())","xpath":"@value|f:*|h:div","source":"http://hl7.org/fhir/StructureDefinition/Element"}],"isModifier":false,"mapping":[{"identity":"rim","map":"n/a"},{"identity":"v2","map":"XPN"},{"identity":"rim","map":"EN (actually, PN)"},{"identity":"servd","map":"ProviderName"}]},{"id":"HumanName.id","path":"HumanName.id","representation":["xmlAttr"],"short":"Unique id for inter-element referencing","definition":"Unique id for the element within a resource (for internal references). This may be any string value that does not contain spaces.","min":0,"max":"1","base":{"path":"Element.id","min":0,"max":"1"},"type":[{"extension":[{"url":"http://hl7.org/fhir/StructureDefinition/structuredefinition-fhir-type","valueUrl":"string"}],"code":"http://hl7.org/fhirpath/System.String"}],"isModifier":false,"isSummary":false,"mapping":[{"identity":"rim","map":"n/a"}]},{"id":"HumanName.extension","path":"HumanName.extension","slicing":{"discriminator":[{"type":"value","path":"url"}],"description":"Extensions are always sliced by (at least) url","rules":"open"},"short":"Additional content defined by implementations","definition":"May be used to represent additional information that is not part of the basic definition of the element. To make the use of extensions safe and manageable, there is a strict set of governance  applied to the definition and use of extensions. Though any implementer can define an extension, there is a set of requirements that SHALL be met as part of the definition of the extension.","comment":"There can be no stigma associated with the use of extensions by any application, project, or standard - regardless of the institution or jurisdiction that uses or defines the extensions.  The use of extensions is what allows the FHIR specification to retain a core level of simplicity for everyone.","alias":["extensions","user content"],"min":0,"max":"*","base":{"path":"Element.extension","min":0,"max":"*"},"type":[{"code":"Extension"}],"constraint":[{"key":"ele-1","severity":"error","human":"All FHIR elements must have a @value or children","expression":"hasValue() or (children().count() > id.count())","xpath":"@value|f:*|h:div","source":"http://hl7.org/fhir/StructureDefinition/Element"},{"key":"ext-1","severity":"error","human":"Must have either extensions or value[x], not both","expression":"extension.exists() != value.exists()","xpath":"exists(f:extension)!=exists(f:*[starts-with(local-name(.), \"value\")])","source":"http://hl7.org/fhir/StructureDefinition/Extension"}],"isModifier":false,"isSummary":false,"mapping":[{"identity":"rim","map":"n/a"}]},{"id":"HumanName.use","path":"HumanName.use","short":"usual | official | temp | nickname | anonymous | old | maiden","definition":"Identifies the purpose for this name.","comment":"Applications can assume that a name is current unless it explicitly says that it is temporary or old.","requirements":"Allows the appropriate name for a particular context of use to be selected from among a set of names.","min":1,"max":"1","base":{"path":"HumanName.use","min":0,"max":"1"},"type":[{"code":"code"}],"patternCode":"usual","constraint":[{"key":"ele-1","severity":"error","human":"All FHIR elements must have a @value or children","expression":"hasValue() or (children().count() > id.count())","xpath":"@value|f:*|h:div","source":"http://hl7.org/fhir/StructureDefinition/Element"}],"isModifier":true,"isModifierReason":"This is labeled as \"Is Modifier\" because applications should not mistake a temporary or old name etc.for a current/permanent one","isSummary":true,"binding":{"extension":[{"url":"http://hl7.org/fhir/StructureDefinition/elementdefinition-bindingName","valueString":"NameUse"}],"strength":"required","description":"The use of a human name.","valueSet":"http://hl7.org/fhir/ValueSet/name-use|4.0.1"},"mapping":[{"identity":"v2","map":"XPN.7, but often indicated by which field contains the name"},{"identity":"rim","map":"unique(./use)"},{"identity":"servd","map":"./NamePurpose"}]},{"id":"HumanName.text","path":"HumanName.text","short":"Text representation of the full name","definition":"Specifies the entire name as it should be displayed e.g. on an application UI. This may be provided instead of or as well as the specific parts.","comment":"Can provide both a text representation and parts. Applications updating a name SHALL ensure that when both text and parts are present,  no content is included in the text that isn't found in a part.","requirements":"A renderable, unencoded form.","min":0,"max":"1","base":{"path":"HumanName.text","min":0,"max":"1"},"type":[{"code":"string"}],"constraint":[{"key":"ele-1","severity":"error","human":"All FHIR elements must have a @value or children","expression":"hasValue() or (children().count() > id.count())","xpath":"@value|f:*|h:div","source":"http://hl7.org/fhir/StructureDefinition/Element"}],"isModifier":false,"isSummary":true,"mapping":[{"identity":"v2","map":"implied by XPN.11"},{"identity":"rim","map":"./formatted"}]},{"id":"HumanName.family","path":"HumanName.family","short":"Family name (often called 'Surname')","definition":"The part of a name that links to the genealogy. In some cultures (e.g. Eritrea) the family name of a son is the first name of his father.","comment":"Family Name may be decomposed into specific parts using extensions (de, nl, es related cultures).","alias":["surname"],"min":0,"max":"0","base":{"path":"HumanName.family","min":0,"max":"1"},"type":[{"code":"string"}],"constraint":[{"key":"ele-1","severity":"error","human":"All FHIR elements must have a @value or children","expression":"hasValue() or (children().count() > id.count())","xpath":"@value|f:*|h:div","source":"http://hl7.org/fhir/StructureDefinition/Element"}],"isModifier":false,"isSummary":true,"mapping":[{"identity":"v2","map":"XPN.1/FN.1"},{"identity":"rim","map":"./part[partType = FAM]"},{"identity":"servd","map":"./FamilyName"}]},{"id":"HumanName.given","path":"HumanName.given","short":"GivenName","definition":"The name normally used to address the person.","comment":"If only initials are recorded, they may be used in place of the full name parts. Initials may be separated into multiple given names but often aren't due to paractical limitations.  This element is not called \"first name\" since given names do not always come first.","alias":["first name","middle name","Roepnaam"],"min":1,"max":"*","base":{"path":"HumanName.given","min":0,"max":"*"},"type":[{"code":"string"}],"orderMeaning":"Given Names appear in the correct order for presenting the name","constraint":[{"key":"ele-1","severity":"error","human":"All FHIR elements must have a @value or children","expression":"hasValue() or (children().count() > id.count())","xpath":"@value|f:*|h:div","source":"http://hl7.org/fhir/StructureDefinition/Element"}],"isModifier":false,"isSummary":true,"mapping":[{"identity":"v2","map":"XPN.2 + XPN.3"},{"identity":"rim","map":"./part[partType = GIV]"},{"identity":"servd","map":"./GivenNames"},{"identity":"zib-nameinformation-v1.1-2020EN","map":"NL-CM:20.4.6","comment":"GivenName"}]},{"id":"HumanName.prefix","path":"HumanName.prefix","short":"Parts that come before the name","definition":"Part of the name that is acquired as a title due to academic, legal, employment or nobility status, etc. and that appears at the start of the name.","comment":"Note that FHIR strings SHALL NOT exceed 1MB in size","min":0,"max":"0","base":{"path":"HumanName.prefix","min":0,"max":"*"},"type":[{"code":"string"}],"orderMeaning":"Prefixes appear in the correct order for presenting the name","constraint":[{"key":"ele-1","severity":"error","human":"All FHIR elements must have a @value or children","expression":"hasValue() or (children().count() > id.count())","xpath":"@value|f:*|h:div","source":"http://hl7.org/fhir/StructureDefinition/Element"}],"isModifier":false,"isSummary":true,"mapping":[{"identity":"v2","map":"XPN.5"},{"identity":"rim","map":"./part[partType = PFX]"},{"identity":"servd","map":"./TitleCode"}]},{"id":"HumanName.suffix","path":"HumanName.suffix","short":"Parts that come after the name","definition":"Part of the name that is acquired as a title due to academic, legal, employment or nobility status, etc. and that appears at the end of the name.","comment":"Note that FHIR strings SHALL NOT exceed 1MB in size","min":0,"max":"0","base":{"path":"HumanName.suffix","min":0,"max":"*"},"type":[{"code":"string"}],"orderMeaning":"Suffixes appear in the correct order for presenting the name","constraint":[{"key":"ele-1","severity":"error","human":"All FHIR elements must have a @value or children","expression":"hasValue() or (children().count() > id.count())","xpath":"@value|f:*|h:div","source":"http://hl7.org/fhir/StructureDefinition/Element"}],"isModifier":false,"isSummary":true,"mapping":[{"identity":"v2","map":"XPN/4"},{"identity":"rim","map":"./part[partType = SFX]"}]},{"id":"HumanName.period","extension":[{"url":"http://hl7.org/fhir/StructureDefinition/structuredefinition-standards-status","valueCode":"normative"},{"url":"http://hl7.org/fhir/StructureDefinition/structuredefinition-normative-version","valueCode":"4.0.0"}],"path":"HumanName.period","short":"Time period when name was/is in use","definition":"Indicates the period of time when this name was valid for the named person.","comment":"A Period specifies a range of time; the context of use will specify whether the entire range applies (e.g. \"the patient was an inpatient of the hospital for this time range\") or one value from the range applies (e.g. \"give to the patient between these two times\").\n\nPeriod is not used for a duration (a measure of elapsed time). See [Duration](datatypes.html#Duration).","requirements":"Allows names to be placed in historical context.","min":0,"max":"1","base":{"path":"HumanName.period","min":0,"max":"1"},"type":[{"code":"Period"}],"condition":["ele-1"],"constraint":[{"key":"ele-1","severity":"error","human":"All FHIR elements must have a @value or children","expression":"hasValue() or (children().count() > id.count())","xpath":"@value|f:*|h:div","source":"http://hl7.org/fhir/StructureDefinition/Element"},{"key":"per-1","severity":"error","human":"If present, start SHALL have a lower value than end","expression":"start.hasValue().not() or end.hasValue().not() or (start <= end)","xpath":"not(exists(f:start/@value)) or not(exists(f:end/@value)) or (xs:dateTime(f:start/@value) <= xs:dateTime(f:end/@value))","source":"http://hl7.org/fhir/StructureDefinition/Period"}],"isModifier":false,"isSummary":true,"mapping":[{"identity":"rim","map":"n/a"},{"identity":"v2","map":"DR"},{"identity":"rim","map":"IVL<TS>[lowClosed=\"true\" and highClosed=\"true\"] or URG<TS>[lowClosed=\"true\" and highClosed=\"true\"]"},{"identity":"v2","map":"XPN.13 + XPN.14"},{"identity":"rim","map":"./usablePeriod[type=\"IVL<TS>\"]"},{"identity":"servd","map":"./StartDate and ./EndDate"}]}]},"differential":{"element":[{"id":"HumanName","path":"HumanName","alias":["nl-core-NameInformation.GivenName"]}]}}