{"resourceType":"StructureDefinition","id":"nl-core-HealthProfessional-Practitioner","text":{"status":"empty","div":"<div xmlns=\"http://www.w3.org/1999/xhtml\">No narrative is provided for definitional resources. A human-readable rendering can be found in the implementation guide(s) where this resource is used.</div>"},"url":"http://nictiz.nl/fhir/StructureDefinition/nl-core-HealthProfessional-Practitioner","name":"NlcoreHealthProfessionalPractitioner","title":"nl core HealthProfessional Practitioner","status":"draft","publisher":"Nictiz","contact":[{"name":"Nictiz","telecom":[{"system":"url","value":"https://www.nictiz.nl","use":"work"}]}],"description":"A health professional is a person who is authorized to perform actions in the field of individual healthcare.","purpose":"A derived profile from [zib-HealthProfessional-Practitioner](http://nictiz.nl/fhir/StructureDefinition/zib-HealthProfessional-Practitioner) to provide a version better suited for implementation purposes. This profile augments the base profile with elements found in the various use cases that have adopted the zib.","copyright":"Copyright and related rights waived via CC0, https://creativecommons.org/publicdomain/zero/1.0/. This does not apply to information from third parties, for example a medical terminology system. The implementer alone is responsible for identifying and obtaining any necessary licenses or authorizations to utilize third party IP in connection with the specification or otherwise.","fhirVersion":"4.0.1","mapping":[{"identity":"zib-healthprofessional-v3.5-2020EN","uri":"https://zibs.nl/wiki/HealthProfessional-v3.5(2020EN)","name":"zib HealthProfessional-v3.5(2020EN)"},{"identity":"zib-contactinformation-v1.2-2020EN","uri":"https://zibs.nl/wiki/ContactInformation-v1.2(2020EN)","name":"zib ContactInformation-v1.2(2020EN)"}],"kind":"resource","abstract":false,"type":"Practitioner","baseDefinition":"http://nictiz.nl/fhir/StructureDefinition/zib-HealthProfessional-Practitioner","derivation":"constraint","snapshot":{"element":[{"id":"Practitioner","path":"Practitioner","short":"HealthProfessional","definition":"A health professional is a person who is authorized to perform actions in the field of individual healthcare.","comment":"The zib HealthProfessional is mapped for all but one concept (HealthProfessionalRole) to this Practitioner profile and a profile on PractitionerRole (<http://nictiz.nl/fhir/StructureDefinition/nl-core-HealthProfessional-PractitionerRole>). The PractitionerRole resource covers the recording of the location and types of services that HealthProfessionals are able to provide for a HealthcareProvider. The zib concepts Specialty and HealthcareProvider are therefore mapped onto PractitionerRole.\r\n\r\nAlthough the zib concept name HealthProfessionalRole superficially seems to match the PractitionerRole resource, this is not the case based on the definition and values of that concept. In FHIR, the role that a HealthProfessional fulfills is captured as part of the clinical resource for that specific case, for example in the `Procedure.performer.role` element. This prevents the creation of duplicate HealthProfessional instances for each clinical situation where the HealthProfessional performs a different role in the process.","alias":["Zorgverlener","nl-core-HealthProfessional-Practitioner"],"min":0,"max":"*","base":{"path":"Practitioner","min":0,"max":"*"},"constraint":[{"key":"dom-2","severity":"error","human":"If the resource is contained in another resource, it SHALL NOT contain nested Resources","expression":"contained.contained.empty()","xpath":"not(parent::f:contained and f:contained)"},{"key":"dom-3","severity":"error","human":"If the resource is contained in another resource, it SHALL be referred to from elsewhere in the resource or SHALL refer to the containing resource","expression":"contained.where((('#'+id in (%resource.descendants().reference | %resource.descendants().as(canonical) | %resource.descendants().as(uri) | %resource.descendants().as(url))) or descendants().where(reference = '#').exists() or descendants().where(as(canonical) = '#').exists() or descendants().where(as(canonical) = '#').exists()).not()).trace('unmatched', id).empty()","xpath":"not(exists(for $id in f:contained/*/f:id/@value return $contained[not(parent::*/descendant::f:reference/@value=concat('#', $contained/*/id/@value) or descendant::f:reference[@value='#'])]))"},{"key":"dom-4","severity":"error","human":"If a resource is contained in another resource, it SHALL NOT have a meta.versionId or a meta.lastUpdated","expression":"contained.meta.versionId.empty() and contained.meta.lastUpdated.empty()","xpath":"not(exists(f:contained/*/f:meta/f:versionId)) and not(exists(f:contained/*/f:meta/f:lastUpdated))"},{"key":"dom-5","severity":"error","human":"If a resource is contained in another resource, it SHALL NOT have a security label","expression":"contained.meta.security.empty()","xpath":"not(exists(f:contained/*/f:meta/f:security))"},{"extension":[{"url":"http://hl7.org/fhir/StructureDefinition/elementdefinition-bestpractice","valueBoolean":true},{"url":"http://hl7.org/fhir/StructureDefinition/elementdefinition-bestpractice-explanation","valueMarkdown":"When a resource has no narrative, only systems that fully understand the data can display the resource to a human safely. Including a human readable representation in the resource makes for a much more robust eco-system and cheaper handling of resources by intermediary systems. Some ecosystems restrict distribution of resources to only those systems that do fully understand the resources, and as a consequence implementers may believe that the narrative is superfluous. However experience shows that such eco-systems often open up to new participants over time."}],"key":"dom-6","severity":"warning","human":"A resource should have narrative for robust management","expression":"text.`div`.exists()","xpath":"exists(f:text/h:div)"}],"isModifier":false,"isSummary":false,"mapping":[{"identity":"rim","map":"Entity. Role, or Act"},{"identity":"v2","map":"PRD (as one example)"},{"identity":"rim","map":"Role"},{"identity":"servd","map":"Provider"},{"identity":"zib-healthprofessional-v3.5-2020EN","map":"NL-CM:17.1.1","comment":"HealthProfessional"}]},{"id":"Practitioner.id","path":"Practitioner.id","short":"Logical id of this artifact","definition":"The logical id of the resource, as used in the URL for the resource. Once assigned, this value never changes.","comment":"The only time that a resource does not have an id is when it is being submitted to the server using a create operation.","min":0,"max":"1","base":{"path":"Resource.id","min":0,"max":"1"},"type":[{"extension":[{"url":"http://hl7.org/fhir/StructureDefinition/structuredefinition-fhir-type","valueUrl":"string"}],"code":"http://hl7.org/fhirpath/System.String"}],"isModifier":false,"isSummary":true},{"id":"Practitioner.meta","path":"Practitioner.meta","short":"Metadata about the resource","definition":"The metadata about the resource. This is content that is maintained by the infrastructure. Changes to the content might not always be associated with version changes to the resource.","min":0,"max":"1","base":{"path":"Resource.meta","min":0,"max":"1"},"type":[{"code":"Meta"}],"constraint":[{"key":"ele-1","severity":"error","human":"All FHIR elements must have a @value or children","expression":"hasValue() or (children().count() > id.count())","xpath":"@value|f:*|h:div","source":"http://hl7.org/fhir/StructureDefinition/Element"}],"isModifier":false,"isSummary":true},{"id":"Practitioner.implicitRules","path":"Practitioner.implicitRules","short":"A set of rules under which this content was created","definition":"A reference to a set of rules that were followed when the resource was constructed, and which must be understood when processing the content. Often, this is a reference to an implementation guide that defines the special rules along with other profiles etc.","comment":"Asserting this rule set restricts the content to be only understood by a limited set of trading partners. This inherently limits the usefulness of the data in the long term. However, the existing health eco-system is highly fractured, and not yet ready to define, collect, and exchange data in a generally computable sense. Wherever possible, implementers and/or specification writers should avoid using this element. Often, when used, the URL is a reference to an implementation guide that defines these special rules as part of it's narrative along with other profiles, value sets, etc.","min":0,"max":"1","base":{"path":"Resource.implicitRules","min":0,"max":"1"},"type":[{"code":"uri"}],"constraint":[{"key":"ele-1","severity":"error","human":"All FHIR elements must have a @value or children","expression":"hasValue() or (children().count() > id.count())","xpath":"@value|f:*|h:div","source":"http://hl7.org/fhir/StructureDefinition/Element"}],"isModifier":true,"isModifierReason":"This element is labeled as a modifier because the implicit rules may provide additional knowledge about the resource that modifies it's meaning or interpretation","isSummary":true},{"id":"Practitioner.language","path":"Practitioner.language","short":"Language of the resource content","definition":"The base language in which the resource is written.","comment":"Language is provided to support indexing and accessibility (typically, services such as text to speech use the language tag). The html language tag in the narrative applies  to the narrative. The language tag on the resource may be used to specify the language of other presentations generated from the data in the resource. Not all the content has to be in the base language. The Resource.language should not be assumed to apply to the narrative automatically. If a language is specified, it should it also be specified on the div element in the html (see rules in HTML5 for information about the relationship between xml:lang and the html lang attribute).","min":0,"max":"1","base":{"path":"Resource.language","min":0,"max":"1"},"type":[{"code":"code"}],"constraint":[{"key":"ele-1","severity":"error","human":"All FHIR elements must have a @value or children","expression":"hasValue() or (children().count() > id.count())","xpath":"@value|f:*|h:div","source":"http://hl7.org/fhir/StructureDefinition/Element"}],"isModifier":false,"isSummary":false,"binding":{"extension":[{"url":"http://hl7.org/fhir/StructureDefinition/elementdefinition-maxValueSet","valueCanonical":"http://hl7.org/fhir/ValueSet/all-languages"},{"url":"http://hl7.org/fhir/StructureDefinition/elementdefinition-bindingName","valueString":"Language"},{"url":"http://hl7.org/fhir/StructureDefinition/elementdefinition-isCommonBinding","valueBoolean":true}],"strength":"preferred","description":"A human language.","valueSet":"http://hl7.org/fhir/ValueSet/languages"}},{"id":"Practitioner.text","path":"Practitioner.text","short":"Text summary of the resource, for human interpretation","definition":"A human-readable narrative that contains a summary of the resource and can be used to represent the content of the resource to a human. The narrative need not encode all the structured data, but is required to contain sufficient detail to make it \"clinically safe\" for a human to just read the narrative. Resource definitions may define what content should be represented in the narrative to ensure clinical safety.","comment":"Contained resources do not have narrative. Resources that are not contained SHOULD have a narrative. In some cases, a resource may only have text with little or no additional discrete data (as long as all minOccurs=1 elements are satisfied).  This may be necessary for data from legacy systems where information is captured as a \"text blob\" or where text is additionally entered raw or narrated and encoded information is added later.","alias":["narrative","html","xhtml","display"],"min":0,"max":"1","base":{"path":"DomainResource.text","min":0,"max":"1"},"type":[{"code":"Narrative"}],"constraint":[{"key":"ele-1","severity":"error","human":"All FHIR elements must have a @value or children","expression":"hasValue() or (children().count() > id.count())","xpath":"@value|f:*|h:div","source":"http://hl7.org/fhir/StructureDefinition/Element"}],"isModifier":false,"isSummary":false,"mapping":[{"identity":"rim","map":"Act.text?"}]},{"id":"Practitioner.contained","path":"Practitioner.contained","short":"Contained, inline Resources","definition":"These resources do not have an independent existence apart from the resource that contains them - they cannot be identified independently, and nor can they have their own independent transaction scope.","comment":"This should never be done when the content can be identified properly, as once identification is lost, it is extremely difficult (and context dependent) to restore it again. Contained resources may have profiles and tags In their meta elements, but SHALL NOT have security labels.","alias":["inline resources","anonymous resources","contained resources"],"min":0,"max":"*","base":{"path":"DomainResource.contained","min":0,"max":"*"},"type":[{"code":"Resource"}],"isModifier":false,"isSummary":false,"mapping":[{"identity":"rim","map":"N/A"}]},{"id":"Practitioner.extension","path":"Practitioner.extension","slicing":{"discriminator":[{"type":"value","path":"url"}],"description":"Extensions are always sliced by (at least) url","rules":"open"},"short":"Additional content defined by implementations","definition":"May be used to represent additional information that is not part of the basic definition of the resource. To make the use of extensions safe and manageable, there is a strict set of governance  applied to the definition and use of extensions. Though any implementer can define an extension, there is a set of requirements that SHALL be met as part of the definition of the extension.","comment":"There can be no stigma associated with the use of extensions by any application, project, or standard - regardless of the institution or jurisdiction that uses or defines the extensions.  The use of extensions is what allows the FHIR specification to retain a core level of simplicity for everyone.","alias":["extensions","user content"],"min":0,"max":"*","base":{"path":"DomainResource.extension","min":0,"max":"*"},"type":[{"code":"Extension"}],"constraint":[{"key":"ele-1","severity":"error","human":"All FHIR elements must have a @value or children","expression":"hasValue() or (children().count() > id.count())","xpath":"@value|f:*|h:div","source":"http://hl7.org/fhir/StructureDefinition/Element"},{"key":"ext-1","severity":"error","human":"Must have either extensions or value[x], not both","expression":"extension.exists() != value.exists()","xpath":"exists(f:extension)!=exists(f:*[starts-with(local-name(.), \"value\")])","source":"http://hl7.org/fhir/StructureDefinition/Extension"}],"isModifier":false,"isSummary":false,"mapping":[{"identity":"rim","map":"N/A"}]},{"id":"Practitioner.modifierExtension","path":"Practitioner.modifierExtension","slicing":{"discriminator":[{"type":"value","path":"url"}],"description":"Extensions are always sliced by (at least) url","rules":"open"},"short":"Extensions that cannot be ignored","definition":"May be used to represent additional information that is not part of the basic definition of the resource and that modifies the understanding of the element that contains it and/or the understanding of the containing element's descendants. Usually modifier elements provide negation or qualification. To make the use of extensions safe and manageable, there is a strict set of governance applied to the definition and use of extensions. Though any implementer is allowed to define an extension, there is a set of requirements that SHALL be met as part of the definition of the extension. Applications processing a resource are required to check for modifier extensions.\n\nModifier extensions SHALL NOT change the meaning of any elements on Resource or DomainResource (including cannot change the meaning of modifierExtension itself).","comment":"There can be no stigma associated with the use of extensions by any application, project, or standard - regardless of the institution or jurisdiction that uses or defines the extensions.  The use of extensions is what allows the FHIR specification to retain a core level of simplicity for everyone.","requirements":"Modifier extensions allow for extensions that *cannot* be safely ignored to be clearly distinguished from the vast majority of extensions which can be safely ignored.  This promotes interoperability by eliminating the need for implementers to prohibit the presence of extensions. For further information, see the [definition of modifier extensions](extensibility.html#modifierExtension).","alias":["extensions","user content"],"min":0,"max":"*","base":{"path":"DomainResource.modifierExtension","min":0,"max":"*"},"type":[{"code":"Extension"}],"constraint":[{"key":"ele-1","severity":"error","human":"All FHIR elements must have a @value or children","expression":"hasValue() or (children().count() > id.count())","xpath":"@value|f:*|h:div","source":"http://hl7.org/fhir/StructureDefinition/Element"},{"key":"ext-1","severity":"error","human":"Must have either extensions or value[x], not both","expression":"extension.exists() != value.exists()","xpath":"exists(f:extension)!=exists(f:*[starts-with(local-name(.), \"value\")])","source":"http://hl7.org/fhir/StructureDefinition/Extension"}],"isModifier":true,"isModifierReason":"Modifier extensions are expected to modify the meaning or interpretation of the resource that contains them","isSummary":false,"mapping":[{"identity":"rim","map":"N/A"}]},{"id":"Practitioner.identifier","extension":[{"url":"http://hl7.org/fhir/StructureDefinition/structuredefinition-standards-status","valueCode":"normative"},{"url":"http://hl7.org/fhir/StructureDefinition/structuredefinition-normative-version","valueCode":"4.0.0"}],"path":"Practitioner.identifier","slicing":{"discriminator":[{"type":"value","path":"$this"}],"rules":"open"},"short":"HealthProfessionalIdentificationNumber","definition":"The healthcare provider identification number is a number that uniquely identifies the healthcare provider. \r\n                        \rThe following numbers are used in the Netherlands: \r1. UZI Health Professionals. Identification of health professionals (people) in the Dutch healthcare industry. \r2. VEKTIS AGB-Z. Identifies health professionals and healthcare organizations \r3. BIG-ID. The ID of the health professional listed in the BIG Register. \r\n                        \rThis information is not readily available for foreign health professionals.","requirements":"Often, specific identities are assigned for the agent.","alias":["ZorgverlenerIdentificatienummer"],"min":0,"max":"*","base":{"path":"Practitioner.identifier","min":0,"max":"*"},"type":[{"code":"Identifier"}],"condition":["ele-1"],"constraint":[{"key":"ele-1","severity":"error","human":"All FHIR elements must have a @value or children","expression":"hasValue() or (children().count() > id.count())","xpath":"@value|f:*|h:div","source":"http://hl7.org/fhir/StructureDefinition/Element"}],"isModifier":false,"isSummary":true,"mapping":[{"identity":"rim","map":"n/a"},{"identity":"v2","map":"CX / EI (occasionally, more often EI maps to a resource id or a URL)"},{"identity":"rim","map":"II - The Identifier class is a little looser than the v3 type II because it allows URIs as well as registered OIDs or GUIDs.  Also maps to Role[classCode=IDENT]"},{"identity":"servd","map":"Identifier"},{"identity":"w5","map":"FiveWs.identifier"},{"identity":"v2","map":"PRD-7 (or XCN.1)"},{"identity":"rim","map":"./id"},{"identity":"servd","map":"./Identifiers"},{"identity":"zib-healthprofessional-v3.5-2020EN","map":"NL-CM:17.1.2","comment":"HealthProfessionalIdentificationNumber"}]},{"id":"Practitioner.identifier:big","extension":[{"url":"http://hl7.org/fhir/StructureDefinition/structuredefinition-standards-status","valueCode":"normative"},{"url":"http://hl7.org/fhir/StructureDefinition/structuredefinition-normative-version","valueCode":"4.0.0"}],"path":"Practitioner.identifier","sliceName":"big","short":"An identifier for the person as this agent","definition":"An identifier that applies to this person in this role.","requirements":"Often, specific identities are assigned for the agent.","min":0,"max":"*","base":{"path":"Practitioner.identifier","min":0,"max":"*"},"type":[{"code":"Identifier"}],"patternIdentifier":{"system":"http://fhir.nl/fhir/NamingSystem/big"},"condition":["ele-1"],"constraint":[{"key":"ele-1","severity":"error","human":"All FHIR elements must have a @value or children","expression":"hasValue() or (children().count() > id.count())","xpath":"@value|f:*|h:div","source":"http://hl7.org/fhir/StructureDefinition/Element"}],"isModifier":false,"isSummary":true,"mapping":[{"identity":"rim","map":"n/a"},{"identity":"v2","map":"CX / EI (occasionally, more often EI maps to a resource id or a URL)"},{"identity":"rim","map":"II - The Identifier class is a little looser than the v3 type II because it allows URIs as well as registered OIDs or GUIDs.  Also maps to Role[classCode=IDENT]"},{"identity":"servd","map":"Identifier"},{"identity":"w5","map":"FiveWs.identifier"},{"identity":"v2","map":"PRD-7 (or XCN.1)"},{"identity":"rim","map":"./id"},{"identity":"servd","map":"./Identifiers"}]},{"id":"Practitioner.identifier:uzi","extension":[{"url":"http://hl7.org/fhir/StructureDefinition/structuredefinition-standards-status","valueCode":"normative"},{"url":"http://hl7.org/fhir/StructureDefinition/structuredefinition-normative-version","valueCode":"4.0.0"}],"path":"Practitioner.identifier","sliceName":"uzi","short":"An identifier for the person as this agent","definition":"An identifier that applies to this person in this role.","requirements":"Often, specific identities are assigned for the agent.","min":0,"max":"*","base":{"path":"Practitioner.identifier","min":0,"max":"*"},"type":[{"code":"Identifier"}],"patternIdentifier":{"system":"http://fhir.nl/fhir/NamingSystem/uzi-nr-pers"},"condition":["ele-1"],"constraint":[{"key":"ele-1","severity":"error","human":"All FHIR elements must have a @value or children","expression":"hasValue() or (children().count() > id.count())","xpath":"@value|f:*|h:div","source":"http://hl7.org/fhir/StructureDefinition/Element"}],"isModifier":false,"isSummary":true,"mapping":[{"identity":"rim","map":"n/a"},{"identity":"v2","map":"CX / EI (occasionally, more often EI maps to a resource id or a URL)"},{"identity":"rim","map":"II - The Identifier class is a little looser than the v3 type II because it allows URIs as well as registered OIDs or GUIDs.  Also maps to Role[classCode=IDENT]"},{"identity":"servd","map":"Identifier"},{"identity":"w5","map":"FiveWs.identifier"},{"identity":"v2","map":"PRD-7 (or XCN.1)"},{"identity":"rim","map":"./id"},{"identity":"servd","map":"./Identifiers"}]},{"id":"Practitioner.identifier:agb","extension":[{"url":"http://hl7.org/fhir/StructureDefinition/structuredefinition-standards-status","valueCode":"normative"},{"url":"http://hl7.org/fhir/StructureDefinition/structuredefinition-normative-version","valueCode":"4.0.0"}],"path":"Practitioner.identifier","sliceName":"agb","short":"An identifier for the person as this agent","definition":"An identifier that applies to this person in this role.","requirements":"Often, specific identities are assigned for the agent.","min":0,"max":"*","base":{"path":"Practitioner.identifier","min":0,"max":"*"},"type":[{"code":"Identifier"}],"patternIdentifier":{"system":"http://fhir.nl/fhir/NamingSystem/agb-z"},"condition":["ele-1"],"constraint":[{"key":"ele-1","severity":"error","human":"All FHIR elements must have a @value or children","expression":"hasValue() or (children().count() > id.count())","xpath":"@value|f:*|h:div","source":"http://hl7.org/fhir/StructureDefinition/Element"}],"isModifier":false,"isSummary":true,"mapping":[{"identity":"rim","map":"n/a"},{"identity":"v2","map":"CX / EI (occasionally, more often EI maps to a resource id or a URL)"},{"identity":"rim","map":"II - The Identifier class is a little looser than the v3 type II because it allows URIs as well as registered OIDs or GUIDs.  Also maps to Role[classCode=IDENT]"},{"identity":"servd","map":"Identifier"},{"identity":"w5","map":"FiveWs.identifier"},{"identity":"v2","map":"PRD-7 (or XCN.1)"},{"identity":"rim","map":"./id"},{"identity":"servd","map":"./Identifiers"}]},{"id":"Practitioner.active","path":"Practitioner.active","short":"Whether this practitioner's record is in active use","definition":"Whether this practitioner's record is in active use.","comment":"If the practitioner is not in use by one organization, then it should mark the period on the PractitonerRole with an end date (even if they are active) as they may be active in another role.","requirements":"Need to be able to mark a practitioner record as not to be used because it was created in error.","min":0,"max":"1","base":{"path":"Practitioner.active","min":0,"max":"1"},"type":[{"code":"boolean"}],"meaningWhenMissing":"This resource is generally assumed to be active if no value is provided for the active element","constraint":[{"key":"ele-1","severity":"error","human":"All FHIR elements must have a @value or children","expression":"hasValue() or (children().count() > id.count())","xpath":"@value|f:*|h:div","source":"http://hl7.org/fhir/StructureDefinition/Element"}],"isModifier":false,"isSummary":true,"mapping":[{"identity":"w5","map":"FiveWs.status"},{"identity":"rim","map":"./statusCode"}]},{"id":"Practitioner.name","extension":[{"url":"http://hl7.org/fhir/StructureDefinition/structuredefinition-standards-status","valueCode":"normative"},{"url":"http://hl7.org/fhir/StructureDefinition/structuredefinition-normative-version","valueCode":"4.0.0"}],"path":"Practitioner.name","slicing":{"discriminator":[{"type":"value","path":"use"}],"rules":"open"},"short":"NameInformation","definition":"Health professional’s full name. If a health professional identification number is entered, it will be the name as listed in UZI, AGB or by the healthcare center.","comment":"The selection of the use property should ensure that there is a single usual name specified, and others use the nickname (alias), old, or other values as appropriate.  \r\rIn general, select the value to be used in the ResourceReference.display based on this:\r\r1. There is more than 1 name\r2. Use = usual\r3. Period is current to the date of the usage\r4. Use = official\r5. Other order as decided by internal business rules.","requirements":"The name(s) that a Practitioner is known by. Where there are multiple, the name that the practitioner is usually known as should be used in the display.","alias":["Naamgegevens"],"min":0,"max":"*","base":{"path":"Practitioner.name","min":0,"max":"*"},"type":[{"code":"HumanName"}],"condition":["ele-1"],"constraint":[{"key":"ele-1","severity":"error","human":"All FHIR elements must have a @value or children","expression":"hasValue() or (children().count() > id.count())","xpath":"@value|f:*|h:div","source":"http://hl7.org/fhir/StructureDefinition/Element"}],"isModifier":false,"isSummary":true,"mapping":[{"identity":"rim","map":"n/a"},{"identity":"v2","map":"XPN"},{"identity":"rim","map":"EN (actually, PN)"},{"identity":"servd","map":"ProviderName"},{"identity":"v2","map":"XCN Components"},{"identity":"rim","map":"./name"},{"identity":"servd","map":"./PreferredName (GivenNames, FamilyName, TitleCode)"},{"identity":"zib-healthprofessional-v3.5-2020EN","map":"NL-CM:17.1.3","comment":"NameInformation"}]},{"id":"Practitioner.name:nameInformation","extension":[{"url":"http://hl7.org/fhir/StructureDefinition/structuredefinition-standards-status","valueCode":"normative"},{"url":"http://hl7.org/fhir/StructureDefinition/structuredefinition-normative-version","valueCode":"4.0.0"}],"path":"Practitioner.name","sliceName":"nameInformation","short":"NameInformation","definition":"This slice represents the person's official name information, including given names, last name and possibly the partner's last name.","comment":"This `.name` element accomodates the official parts of a Dutch name according to common international usage and optionally to the [zib NameInformation v1.1 (2020)](https://zibs.nl/wiki/NameInformation-v1.1(2020EN)). An official Dutch name is represented in FHIR as an ordinary international name, optionally augmented using extensions to specify how the last name is built up according to the Dutch rules if conformance to the zib is required. See the guidance on `.family` and on `.extension:nameUsage` for more information.\r\n\r\nSystems that need to work in a Dutch context SHOULD support the extensions as specified in `.given`, `.family` and `.extension:nameUsage`. In addition, systems SHOULD use the core elements according to the FHIR specifications to provide compatibility outside Dutch contexts. This means that:\r\n* If parts of the name are specified using one or more of the structured elements, the `.text` element SHOULD be populated with a rendered version of the full name.\r\n* If parts of the family name are specified using the extensions in `.family`, the `.family` element SHOULD be populated with the full family name.\r\n\r\n**Note 1**: The zib cannot be represented straightforward in FHIR. Especially note the guidance on `.given` on how to map the FirstNames and Initials concepts, and on `.prefix`/`.suffix` on how to map the Titles concept.\r\n\r\n**Note 2**: This element should only contain a person's _official_ names. The GivenName concept is represented in another `.name` element with `.name.use` = _usual_.\r\n\r\n**Note 3**: The examples illustrate how the zib is mapped to FHIR.","requirements":"The name(s) that a Practitioner is known by. Where there are multiple, the name that the practitioner is usually known as should be used in the display.","alias":["Naamgegevens","nl-core-NameInformation"],"min":0,"max":"2","base":{"path":"Practitioner.name","min":0,"max":"*"},"type":[{"code":"HumanName","profile":["http://nictiz.nl/fhir/StructureDefinition/nl-core-NameInformation"]}],"condition":["ele-1"],"constraint":[{"key":"ele-1","severity":"error","human":"All FHIR elements must have a @value or children","expression":"hasValue() or (children().count() > id.count())","xpath":"@value|f:*|h:div","source":"http://hl7.org/fhir/StructureDefinition/Element"},{"key":"zib-NameInformation-1","severity":"error","human":"If a prefix for a family name is specified, the family name is expected as well","expression":"family.extension('http://hl7.org/fhir/StructureDefinition/humanname-own-prefix').empty().not() implies family.extension('http://hl7.org/fhir/StructureDefinition/humanname-own-name').empty().not()","source":"http://nictiz.nl/fhir/StructureDefinition/zib-NameInformation"},{"key":"zib-NameInformation-2","severity":"error","human":"If the prefix for a partner family name is specified, the partner family name is expected as well","expression":"family.extension('http://hl7.org/fhir/StructureDefinition/humanname-partner-prefix').empty().not() implies family.extension('http://hl7.org/fhir/StructureDefinition/humanname-partner-name').empty().not()","source":"http://nictiz.nl/fhir/StructureDefinition/zib-NameInformation"},{"key":"nl-core-NameInformation-01","severity":"warning","human":"If parts of the name are specified using one or more of the structured elements, the `.text` element SHOULD be populated with a rendered version of the full name. This ensures compatibility with common FHIR usage.","expression":"(family.exists() or given.extension.where(url = 'http://hl7.org/fhir/StructureDefinition/iso21090-EN-qualifier').where(value != 'IN').exists()) implies text.hasValue()","source":"http://nictiz.nl/fhir/StructureDefinition/nl-core-NameInformation"}],"isModifier":false,"isSummary":true,"mapping":[{"identity":"rim","map":"n/a"},{"identity":"v2","map":"XPN"},{"identity":"rim","map":"EN (actually, PN)"},{"identity":"servd","map":"ProviderName"},{"identity":"v2","map":"XCN Components"},{"identity":"rim","map":"./name"},{"identity":"servd","map":"./PreferredName (GivenNames, FamilyName, TitleCode)"},{"identity":"zib-nameinformation-v1.1-2020EN","map":"NL-CM:20.4.1","comment":"NameInformation"}]},{"id":"Practitioner.name:nameInformation-GivenName","extension":[{"url":"http://hl7.org/fhir/StructureDefinition/structuredefinition-standards-status","valueCode":"normative"},{"url":"http://hl7.org/fhir/StructureDefinition/structuredefinition-normative-version","valueCode":"4.0.0"}],"path":"Practitioner.name","sliceName":"nameInformation-GivenName","short":"Name of a human - parts and usage","definition":"This slice represents the name information normally used to address the person.","comment":"This `.name` element represents the Dutch given name (\"roepnaam\") according to the [zib NameInformation v1.1 (2020)](https://zibs.nl/wiki/NameInformation-v1.1(2020EN)).\r\n\r\n**Note 1**: This element should only contain a person's _unofficial_ name. The official names are represented in one or more other `.name` elements with `.name.use` = _official_.\r\n\r\n**Note 2**: The examples illustrate how the zib is mapped to FHIR.","requirements":"The name(s) that a Practitioner is known by. Where there are multiple, the name that the practitioner is usually known as should be used in the display.","alias":["nl-core-NameInformation.GivenName"],"min":0,"max":"*","base":{"path":"Practitioner.name","min":0,"max":"*"},"type":[{"code":"HumanName","profile":["http://nictiz.nl/fhir/StructureDefinition/nl-core-NameInformation.GivenName"]}],"condition":["ele-1"],"constraint":[{"key":"ele-1","severity":"error","human":"All FHIR elements must have a @value or children","expression":"hasValue() or (children().count() > id.count())","xpath":"@value|f:*|h:div","source":"http://hl7.org/fhir/StructureDefinition/Element"}],"isModifier":false,"isSummary":true,"mapping":[{"identity":"rim","map":"n/a"},{"identity":"v2","map":"XPN"},{"identity":"rim","map":"EN (actually, PN)"},{"identity":"servd","map":"ProviderName"},{"identity":"v2","map":"XCN Components"},{"identity":"rim","map":"./name"},{"identity":"servd","map":"./PreferredName (GivenNames, FamilyName, TitleCode)"}]},{"id":"Practitioner.telecom","extension":[{"url":"http://hl7.org/fhir/StructureDefinition/structuredefinition-standards-status","valueCode":"normative"},{"url":"http://hl7.org/fhir/StructureDefinition/structuredefinition-normative-version","valueCode":"4.0.0"}],"path":"Practitioner.telecom","slicing":{"discriminator":[{"type":"profile","path":"$this"}],"rules":"open"},"short":"ContactInformation","definition":"Health professional’s telephone number(s) or e-mail address(es).","comment":"The cardinality mismatch between the zib (`0..1`) and FHIR (`0..*`) is explained by the containers TelephoneNumbers (`0..*`) and EmailAddresses (`0..*`) inside the ContactInformation model. The FHIR datatype ContactPoint does not have these containers.","requirements":"Need to know how to reach a practitioner independent to any roles the practitioner may have.","alias":["Contactgegevens"],"min":0,"max":"*","base":{"path":"Practitioner.telecom","min":0,"max":"*"},"type":[{"code":"ContactPoint"}],"condition":["ele-1"],"constraint":[{"key":"cpt-2","severity":"error","human":"A system is required if a value is provided.","expression":"value.empty() or system.exists()","xpath":"not(exists(f:value)) or exists(f:system)","source":"http://hl7.org/fhir/StructureDefinition/ContactPoint"},{"key":"ele-1","severity":"error","human":"All FHIR elements must have a @value or children","expression":"hasValue() or (children().count() > id.count())","xpath":"@value|f:*|h:div","source":"http://hl7.org/fhir/StructureDefinition/Element"}],"isModifier":false,"isSummary":true,"mapping":[{"identity":"rim","map":"n/a"},{"identity":"v2","map":"XTN"},{"identity":"rim","map":"TEL"},{"identity":"servd","map":"ContactPoint"},{"identity":"v2","map":"PRT-15, STF-10, ROL-12"},{"identity":"rim","map":"./telecom"},{"identity":"servd","map":"./ContactPoints"},{"identity":"zib-healthprofessional-v3.5-2020EN","map":"NL-CM:17.1.8","comment":"ContactInformation"},{"identity":"zib-contactinformation-v1.2-2020EN","map":"NL-CM:20.6.1","comment":"ContactInformation"}]},{"id":"Practitioner.telecom:telephoneNumbers","extension":[{"url":"http://hl7.org/fhir/StructureDefinition/structuredefinition-standards-status","valueCode":"normative"},{"url":"http://hl7.org/fhir/StructureDefinition/structuredefinition-normative-version","valueCode":"4.0.0"}],"path":"Practitioner.telecom","sliceName":"telephoneNumbers","short":"TelephoneNumbers","definition":"Details for all kinds of technology mediated contact points for a person or organization, including telephone, email, etc.","comment":"Implementation of the \"TelephoneNumbers\" concept of zib ContactInformation.\r\n\r\nPlease note that, although the zib concepts TelecomType and NumberType are functionally equivalent to the FHIR concepts `ContactPoint.system` and `ContactPoint.use` respectively, a mismatch occurs on the concept of mobile phone numbers; the zib uses the first concept and FHIR the second. For this reason, the ValueSet on `ContactPoint.system` is too narrow and the zib code will need to be communicated using the ext-CodeSpecification extension.","requirements":"Need to know how to reach a practitioner independent to any roles the practitioner may have.","alias":["Telefoonnummers","nl-core-ContactInformation-TelephoneNumbers"],"min":0,"max":"*","base":{"path":"Practitioner.telecom","min":0,"max":"*"},"type":[{"code":"ContactPoint","profile":["http://nictiz.nl/fhir/StructureDefinition/nl-core-ContactInformation-TelephoneNumbers"]}],"condition":["ele-1"],"constraint":[{"key":"cpt-2","severity":"error","human":"A system is required if a value is provided.","expression":"value.empty() or system.exists()","xpath":"not(exists(f:value)) or exists(f:system)","source":"http://hl7.org/fhir/StructureDefinition/ContactPoint"},{"key":"ele-1","severity":"error","human":"All FHIR elements must have a @value or children","expression":"hasValue() or (children().count() > id.count())","xpath":"@value|f:*|h:div","source":"http://hl7.org/fhir/StructureDefinition/Element"}],"isModifier":false,"isSummary":true,"mapping":[{"identity":"rim","map":"n/a"},{"identity":"v2","map":"XTN"},{"identity":"rim","map":"TEL"},{"identity":"servd","map":"ContactPoint"},{"identity":"v2","map":"PRT-15, STF-10, ROL-12"},{"identity":"rim","map":"./telecom"},{"identity":"servd","map":"./ContactPoints"},{"identity":"zib-contactinformation-v1.2-2020EN","map":"NL-CM:20.6.2","comment":"TelephoneNumbers"}]},{"id":"Practitioner.telecom:emailAddresses","extension":[{"url":"http://hl7.org/fhir/StructureDefinition/structuredefinition-standards-status","valueCode":"normative"},{"url":"http://hl7.org/fhir/StructureDefinition/structuredefinition-normative-version","valueCode":"4.0.0"}],"path":"Practitioner.telecom","sliceName":"emailAddresses","short":"EmailAddresses","definition":"Details for all kinds of technology mediated contact points for a person or organization, including telephone, email, etc.","comment":"Implementation of the \"EmailAddresses\" concept of zib ContactInformation.","requirements":"Need to know how to reach a practitioner independent to any roles the practitioner may have.","alias":["EmailAdressen","nl-core-ContactInformation-EmailAddresses"],"min":0,"max":"*","base":{"path":"Practitioner.telecom","min":0,"max":"*"},"type":[{"code":"ContactPoint","profile":["http://nictiz.nl/fhir/StructureDefinition/nl-core-ContactInformation-EmailAddresses"]}],"condition":["ele-1"],"constraint":[{"key":"cpt-2","severity":"error","human":"A system is required if a value is provided.","expression":"value.empty() or system.exists()","xpath":"not(exists(f:value)) or exists(f:system)","source":"http://hl7.org/fhir/StructureDefinition/ContactPoint"},{"key":"ele-1","severity":"error","human":"All FHIR elements must have a @value or children","expression":"hasValue() or (children().count() > id.count())","xpath":"@value|f:*|h:div","source":"http://hl7.org/fhir/StructureDefinition/Element"}],"isModifier":false,"isSummary":true,"mapping":[{"identity":"rim","map":"n/a"},{"identity":"v2","map":"XTN"},{"identity":"rim","map":"TEL"},{"identity":"servd","map":"ContactPoint"},{"identity":"v2","map":"PRT-15, STF-10, ROL-12"},{"identity":"rim","map":"./telecom"},{"identity":"servd","map":"./ContactPoints"},{"identity":"zib-contactinformation-v1.2-2020EN","map":"NL-CM:20.6.3","comment":"EmailAddresses"}]},{"id":"Practitioner.address","extension":[{"url":"http://hl7.org/fhir/StructureDefinition/structuredefinition-standards-status","valueCode":"normative"},{"url":"http://hl7.org/fhir/StructureDefinition/structuredefinition-normative-version","valueCode":"4.0.0"}],"path":"Practitioner.address","short":"AddressInformation","definition":"An address expressed using postal conventions (as opposed to GPS or other location definition formats).  This data type may be used to convey addresses for use in delivering mail as well as for visiting locations which might not be valid for mail delivery.  There are a variety of postal address formats defined around the world.","comment":"This datatype defines a common basis for expressing all addresses around the world, but adds extensions to express Dutch addresses specifically, according to the [zib AddressInformation v1.1 (2020)](https://zibs.nl/wiki/AddressInformation-v1.1(2020EN)). A Dutch Address still is a proper FHIR Address, which means that systems that cannot interpret the extensions will still be able to render and work with this datatype.\r\n\r\nTo have true compatibility an implementer SHOULD use the core Address parts as intended. To have addresses work for Dutch context, the implementer SHOULD in addition use the extension elements.\r\n\r\n**Separate address parts**\r\n\r\nThe first addition is that Dutch addresses make certain address parts separately communicable. These parts are required for use in true Dutch systems when dealing with Dutch addresses, but may not have value for international systems when information gets sent abroad.\r\n\r\n**Custom address types**\r\n\r\nThe second addition is that the zib defines its own ValueSet for address types, which can only be partially expressed using the FHIR Address datatype and requires a mapping to multiple elements. The table below explains how the zib concepts are mapped to the various FHIR elements (see the ConceptMaps <http://nictiz.nl/fhir/ConceptMap/AdresSoortCodelijst-to-AddressUse> and <http://nictiz.nl/fhir/ConceptMap/AdresSoortCodelijst-to-AddressType> as well). The code from the zib should also be included using the extension on `Address.extension:addressType`.\r\n\r\n| zib                               | .ext:addressType | .use | .type    |\r\n|-----------------------------------|------------------|------|----------|\r\n| Postal Address/Postadres          | PST              |      | postal   |\r\n| Primary Home/Officieel adres      | HP               | home | both     |\r\n| Visit Address/Woon-/verblijfadres | PHYS             | home | physical |\r\n| Temporary Address/Tijdelijk adres | TMP              | temp |          |\r\n| Work Place/Werkadres              | WP               | work |          |\r\n| Vacation Home/Vakantie adres      | HV               | temp |          |\r\n\r\nIf `Address.type` is _both_ then this is to be understood as a dual purpose address (postal and physical), unless a specific _postal_ type address is added. Systems that support importing it like this are encouraged to do so, otherwise they may need to import this as two separate addresses.\r\n\r\nNote: FHIR core defines the AD-use extension to further specify the postal address type. However, the ValueSet used in that extension doesn't completely match the zib ValueSet. Therefore, a custom extension has been made. This doesn't preclude the use of the AD-use extension.","requirements":"The home/mailing address of the practitioner is often required for employee administration purposes, and also for some rostering services where the start point (practitioners home) can be used in calculations.","alias":["Adresgegevens","nl-core-AddressInformation"],"min":0,"max":"*","base":{"path":"Practitioner.address","min":0,"max":"*"},"type":[{"code":"Address","profile":["http://nictiz.nl/fhir/StructureDefinition/nl-core-AddressInformation"]}],"condition":["ele-1"],"constraint":[{"key":"ele-1","severity":"error","human":"All FHIR elements must have a @value or children","expression":"hasValue() or (children().count() > id.count())","xpath":"@value|f:*|h:div","source":"http://hl7.org/fhir/StructureDefinition/Element"}],"isModifier":false,"isSummary":true,"mapping":[{"identity":"rim","map":"n/a"},{"identity":"v2","map":"XAD"},{"identity":"rim","map":"AD"},{"identity":"servd","map":"Address"},{"identity":"v2","map":"ORC-24, STF-11, ROL-11, PRT-14"},{"identity":"rim","map":"./addr"},{"identity":"servd","map":"./Addresses"},{"identity":"zib-addressinformation-v1.1-2020EN","map":"NL-CM:20.5.1","comment":"AddressInformation"},{"identity":"zib-healthprofessional-v3.5-2020EN","map":"NL-CM:17.1.7","comment":"AddressInformation"}]},{"id":"Practitioner.gender","path":"Practitioner.gender","short":"Gender","definition":"Patient’s administrative gender.","requirements":"Needed to address the person correctly.","alias":["Geslacht"],"min":0,"max":"1","base":{"path":"Practitioner.gender","min":0,"max":"1"},"type":[{"code":"code"}],"constraint":[{"key":"ele-1","severity":"error","human":"All FHIR elements must have a @value or children","expression":"hasValue() or (children().count() > id.count())","xpath":"@value|f:*|h:div","source":"http://hl7.org/fhir/StructureDefinition/Element"}],"isModifier":false,"isSummary":true,"binding":{"extension":[{"url":"http://hl7.org/fhir/StructureDefinition/elementdefinition-bindingName","valueString":"AdministrativeGender"},{"url":"http://hl7.org/fhir/StructureDefinition/elementdefinition-isCommonBinding","valueBoolean":true}],"strength":"required","description":"Use ConceptMap GeslachtCodelijst-to-AdministrativeGender to translate terminology from the functional model to profile terminology in ValueSet AdministrativeGender. This ConceptMap is based on GeslachtCodelijst as defined in the zib Patient to avoid duplication of ConceptMaps. The GeslachtCodelijst of Patient and HealthProfessional are identical in terms of codes.","valueSet":"http://hl7.org/fhir/ValueSet/administrative-gender|4.0.1","_valueSet":{"extension":[{"url":"http://hl7.org/fhir/StructureDefinition/11179-permitted-value-conceptmap","valueCanonical":"http://nictiz.nl/fhir/ConceptMap/GeslachtCodelijst-to-AdministrativeGender"}]}},"mapping":[{"identity":"v2","map":"STF-5"},{"identity":"rim","map":"./administrativeGender"},{"identity":"servd","map":"./GenderCode"},{"identity":"zib-healthprofessional-v3.5-2020EN","map":"NL-CM:17.1.9","comment":"Gender"}]},{"id":"Practitioner.gender.id","path":"Practitioner.gender.id","representation":["xmlAttr"],"short":"xml:id (or equivalent in JSON)","definition":"unique id for the element within a resource (for internal references)","min":0,"max":"1","base":{"path":"Element.id","min":0,"max":"1"},"type":[{"extension":[{"url":"http://hl7.org/fhir/StructureDefinition/structuredefinition-fhir-type","valueUrl":"string"}],"code":"http://hl7.org/fhirpath/System.String"}],"isModifier":false,"isSummary":false},{"id":"Practitioner.gender.extension","path":"Practitioner.gender.extension","slicing":{"discriminator":[{"type":"value","path":"url"}],"ordered":false,"rules":"open"},"short":"Additional content defined by implementations","definition":"May be used to represent additional information that is not part of the basic definition of the resource. To make the use of extensions safe and manageable, there is a strict set of governance  applied to the definition and use of extensions. Though any implementer can define an extension, there is a set of requirements that SHALL be met as part of the definition of the extension.","comment":"There can be no stigma associated with the use of extensions by any application, project, or standard - regardless of the institution or jurisdiction that uses or defines the extensions.  The use of extensions is what allows the FHIR specification to retain a core level of simplicity for everyone.","alias":["extensions","user content"],"min":0,"max":"*","base":{"path":"Element.extension","min":0,"max":"*"},"type":[{"code":"Extension"}],"constraint":[{"key":"ele-1","severity":"error","human":"All FHIR elements must have a @value or children","expression":"hasValue() or (children().count() > id.count())","xpath":"@value|f:*|h:div","source":"http://hl7.org/fhir/StructureDefinition/Element"},{"key":"ext-1","severity":"error","human":"Must have either extensions or value[x], not both","expression":"extension.exists() != value.exists()","xpath":"exists(f:extension)!=exists(f:*[starts-with(local-name(.), 'value')])","source":"http://hl7.org/fhir/StructureDefinition/Extension"}],"isModifier":false,"isSummary":false},{"id":"Practitioner.gender.extension:genderCodelist","extension":[{"url":"http://hl7.org/fhir/StructureDefinition/structuredefinition-standards-status","valueCode":"normative"},{"url":"http://hl7.org/fhir/StructureDefinition/structuredefinition-normative-version","valueCode":"4.0.0"}],"path":"Practitioner.gender.extension","sliceName":"genderCodelist","short":"Optional Extensions Element","definition":"Optional Extension Element - found in all resources.","comment":"There can be no stigma associated with the use of extensions by any application, project, or standard - regardless of the institution or jurisdiction that uses or defines the extensions.  The use of extensions is what allows the FHIR specification to retain a core level of simplicity for everyone.","alias":["extensions","user content"],"min":0,"max":"*","base":{"path":"Element.extension","min":0,"max":"*"},"type":[{"code":"Extension","profile":["http://nictiz.nl/fhir/StructureDefinition/ext-CodeSpecification"]}],"condition":["ele-1"],"constraint":[{"key":"ele-1","severity":"error","human":"All FHIR elements must have a @value or children","expression":"hasValue() or (children().count() > id.count())","xpath":"@value|f:*|h:div","source":"http://hl7.org/fhir/StructureDefinition/Element"},{"key":"ext-1","severity":"error","human":"Must have either extensions or value[x], not both","expression":"extension.exists() != value.exists()","xpath":"exists(f:extension)!=exists(f:*[starts-with(local-name(.), 'value')])","source":"http://hl7.org/fhir/StructureDefinition/Extension"}],"isModifier":false,"isSummary":false,"mapping":[{"identity":"rim","map":"n/a"},{"identity":"rim","map":"N/A"}]},{"id":"Practitioner.gender.extension:genderCodelist.id","path":"Practitioner.gender.extension.id","representation":["xmlAttr"],"short":"Unique id for inter-element referencing","definition":"Unique id for the element within a resource (for internal references). This may be any string value that does not contain spaces.","min":0,"max":"1","base":{"path":"Element.id","min":0,"max":"1"},"type":[{"extension":[{"url":"http://hl7.org/fhir/StructureDefinition/structuredefinition-fhir-type","valueUrl":"string"}],"code":"http://hl7.org/fhirpath/System.String"}],"isModifier":false,"isSummary":false,"mapping":[{"identity":"rim","map":"n/a"}]},{"id":"Practitioner.gender.extension:genderCodelist.extension","path":"Practitioner.gender.extension.extension","slicing":{"discriminator":[{"type":"value","path":"url"}],"description":"Extensions are always sliced by (at least) url","rules":"open"},"short":"Additional content defined by implementations","definition":"May be used to represent additional information that is not part of the basic definition of the element. To make the use of extensions safe and manageable, there is a strict set of governance  applied to the definition and use of extensions. Though any implementer can define an extension, there is a set of requirements that SHALL be met as part of the definition of the extension.","comment":"There can be no stigma associated with the use of extensions by any application, project, or standard - regardless of the institution or jurisdiction that uses or defines the extensions.  The use of extensions is what allows the FHIR specification to retain a core level of simplicity for everyone.","alias":["extensions","user content"],"min":0,"max":"*","base":{"path":"Element.extension","min":0,"max":"*"},"type":[{"code":"Extension"}],"constraint":[{"key":"ele-1","severity":"error","human":"All FHIR elements must have a @value or children","expression":"hasValue() or (children().count() > id.count())","xpath":"@value|f:*|h:div","source":"http://hl7.org/fhir/StructureDefinition/Element"},{"key":"ext-1","severity":"error","human":"Must have either extensions or value[x], not both","expression":"extension.exists() != value.exists()","xpath":"exists(f:extension)!=exists(f:*[starts-with(local-name(.), \"value\")])","source":"http://hl7.org/fhir/StructureDefinition/Extension"}],"isModifier":false,"isSummary":false,"mapping":[{"identity":"rim","map":"n/a"}]},{"id":"Practitioner.gender.extension:genderCodelist.url","path":"Practitioner.gender.extension.url","representation":["xmlAttr"],"short":"identifies the meaning of the extension","definition":"Source of the definition for the extension code - a logical name or a URL.","comment":"The definition may point directly to a computable or human-readable definition of the extensibility codes, or it may be a logical URI as declared in some other specification. The definition SHALL be a URI for the Structure Definition defining the extension.","min":1,"max":"1","base":{"path":"Extension.url","min":1,"max":"1"},"type":[{"extension":[{"url":"http://hl7.org/fhir/StructureDefinition/structuredefinition-fhir-type","valueUrl":"uri"}],"code":"http://hl7.org/fhirpath/System.String"}],"fixedUri":"http://nictiz.nl/fhir/StructureDefinition/ext-CodeSpecification","mapping":[{"identity":"rim","map":"N/A"}]},{"id":"Practitioner.gender.extension:genderCodelist.value[x]","extension":[{"url":"http://hl7.org/fhir/StructureDefinition/structuredefinition-standards-status","valueCode":"normative"},{"url":"http://hl7.org/fhir/StructureDefinition/structuredefinition-normative-version","valueCode":"4.0.0"}],"path":"Practitioner.gender.extension.value[x]","short":"Value of extension","definition":"Value of extension - must be one of a constrained set of the data types (see [Extensibility](extensibility.html) for a list).","min":0,"max":"1","base":{"path":"Extension.value[x]","min":0,"max":"1"},"type":[{"code":"CodeableConcept"}],"condition":["ele-1"],"constraint":[{"key":"ele-1","severity":"error","human":"All FHIR elements must have a @value or children","expression":"hasValue() or (children().count() > id.count())","xpath":"@value|f:*|h:div","source":"http://hl7.org/fhir/StructureDefinition/Element"}],"isModifier":false,"binding":{"strength":"required","valueSet":"http://decor.nictiz.nl/fhir/ValueSet/2.16.840.1.113883.2.4.3.11.60.40.2.17.1.8--20200901000000"},"mapping":[{"identity":"rim","map":"n/a"},{"identity":"rim","map":"N/A"}]},{"id":"Practitioner.gender.value","path":"Practitioner.gender.value","representation":["xmlAttr"],"short":"Primitive value for code","definition":"Primitive value for code","min":0,"max":"1","base":{"path":"string.value","min":0,"max":"1"},"type":[{"extension":[{"url":"http://hl7.org/fhir/StructureDefinition/structuredefinition-fhir-type","valueUrl":"code"},{"url":"http://hl7.org/fhir/StructureDefinition/regex","valueString":"[^\\s]+(\\s[^\\s]+)*"}],"code":"http://hl7.org/fhirpath/System.String"}],"maxLength":1048576,"isModifier":false,"isSummary":false},{"id":"Practitioner.birthDate","path":"Practitioner.birthDate","short":"The date  on which the practitioner was born","definition":"The date of birth for the practitioner.","requirements":"Needed for identification.","min":0,"max":"1","base":{"path":"Practitioner.birthDate","min":0,"max":"1"},"type":[{"code":"date"}],"constraint":[{"key":"ele-1","severity":"error","human":"All FHIR elements must have a @value or children","expression":"hasValue() or (children().count() > id.count())","xpath":"@value|f:*|h:div","source":"http://hl7.org/fhir/StructureDefinition/Element"}],"isModifier":false,"isSummary":true,"mapping":[{"identity":"v2","map":"STF-6"},{"identity":"rim","map":"./birthTime"},{"identity":"servd","map":"(not represented in ServD)"}]},{"id":"Practitioner.photo","extension":[{"url":"http://hl7.org/fhir/StructureDefinition/structuredefinition-standards-status","valueCode":"normative"},{"url":"http://hl7.org/fhir/StructureDefinition/structuredefinition-normative-version","valueCode":"4.0.0"}],"path":"Practitioner.photo","short":"Image of the person","definition":"Image of the person.","comment":"When providing a summary view (for example with Observation.value[x]) Attachment should be represented with a brief display text such as \"Signed Procedure Consent\".","requirements":"Many EHR systems have the capability to capture an image of patients and personnel. Fits with newer social media usage too.","min":0,"max":"*","base":{"path":"Practitioner.photo","min":0,"max":"*"},"type":[{"code":"Attachment"}],"condition":["ele-1"],"constraint":[{"key":"att-1","severity":"error","human":"If the Attachment has data, it SHALL have a contentType","expression":"data.empty() or contentType.exists()","xpath":"not(exists(f:data)) or exists(f:contentType)","source":"http://hl7.org/fhir/StructureDefinition/Attachment"},{"key":"ele-1","severity":"error","human":"All FHIR elements must have a @value or children","expression":"hasValue() or (children().count() > id.count())","xpath":"@value|f:*|h:div","source":"http://hl7.org/fhir/StructureDefinition/Element"}],"isModifier":false,"mapping":[{"identity":"rim","map":"n/a"},{"identity":"v2","map":"ED/RP"},{"identity":"rim","map":"ED"},{"identity":"rim","map":"./subjectOf/ObservationEvent[code=\"photo\"]/value"},{"identity":"servd","map":"./ImageURI (only supports the URI reference)"}]},{"id":"Practitioner.qualification","extension":[{"url":"http://hl7.org/fhir/StructureDefinition/structuredefinition-standards-status","valueCode":"normative"},{"url":"http://hl7.org/fhir/StructureDefinition/structuredefinition-normative-version","valueCode":"4.0.0"}],"path":"Practitioner.qualification","short":"Certification, licenses, or training pertaining to the provision of care","definition":"The official certifications, training, and licenses that authorize or otherwise pertain to the provision of care by the practitioner.  For example, a medical license issued by a medical board authorizing the practitioner to practice medicine within a certian locality.","min":0,"max":"*","base":{"path":"Practitioner.qualification","min":0,"max":"*"},"type":[{"code":"BackboneElement"}],"condition":["ele-1"],"constraint":[{"key":"ele-1","severity":"error","human":"All FHIR elements must have a @value or children","expression":"hasValue() or (children().count() > id.count())","xpath":"@value|f:*|h:div","source":"http://hl7.org/fhir/StructureDefinition/Element"}],"isModifier":false,"mapping":[{"identity":"rim","map":"n/a"},{"identity":"v2","map":"CER?"},{"identity":"rim","map":".playingEntity.playingRole[classCode=QUAL].code"},{"identity":"servd","map":"./Qualifications"}]},{"id":"Practitioner.qualification.id","path":"Practitioner.qualification.id","representation":["xmlAttr"],"short":"Unique id for inter-element referencing","definition":"Unique id for the element within a resource (for internal references). This may be any string value that does not contain spaces.","min":0,"max":"1","base":{"path":"Element.id","min":0,"max":"1"},"type":[{"extension":[{"url":"http://hl7.org/fhir/StructureDefinition/structuredefinition-fhir-type","valueUrl":"string"}],"code":"http://hl7.org/fhirpath/System.String"}],"isModifier":false,"isSummary":false,"mapping":[{"identity":"rim","map":"n/a"}]},{"id":"Practitioner.qualification.extension","path":"Practitioner.qualification.extension","slicing":{"discriminator":[{"type":"value","path":"url"}],"description":"Extensions are always sliced by (at least) url","rules":"open"},"short":"Additional content defined by implementations","definition":"May be used to represent additional information that is not part of the basic definition of the element. To make the use of extensions safe and manageable, there is a strict set of governance  applied to the definition and use of extensions. Though any implementer can define an extension, there is a set of requirements that SHALL be met as part of the definition of the extension.","comment":"There can be no stigma associated with the use of extensions by any application, project, or standard - regardless of the institution or jurisdiction that uses or defines the extensions.  The use of extensions is what allows the FHIR specification to retain a core level of simplicity for everyone.","alias":["extensions","user content"],"min":0,"max":"*","base":{"path":"Element.extension","min":0,"max":"*"},"type":[{"code":"Extension"}],"constraint":[{"key":"ele-1","severity":"error","human":"All FHIR elements must have a @value or children","expression":"hasValue() or (children().count() > id.count())","xpath":"@value|f:*|h:div","source":"http://hl7.org/fhir/StructureDefinition/Element"},{"key":"ext-1","severity":"error","human":"Must have either extensions or value[x], not both","expression":"extension.exists() != value.exists()","xpath":"exists(f:extension)!=exists(f:*[starts-with(local-name(.), \"value\")])","source":"http://hl7.org/fhir/StructureDefinition/Extension"}],"isModifier":false,"isSummary":false,"mapping":[{"identity":"rim","map":"n/a"}]},{"id":"Practitioner.qualification.modifierExtension","path":"Practitioner.qualification.modifierExtension","short":"Extensions that cannot be ignored even if unrecognized","definition":"May be used to represent additional information that is not part of the basic definition of the element and that modifies the understanding of the element in which it is contained and/or the understanding of the containing element's descendants. Usually modifier elements provide negation or qualification. To make the use of extensions safe and manageable, there is a strict set of governance applied to the definition and use of extensions. Though any implementer can define an extension, there is a set of requirements that SHALL be met as part of the definition of the extension. Applications processing a resource are required to check for modifier extensions.\n\nModifier extensions SHALL NOT change the meaning of any elements on Resource or DomainResource (including cannot change the meaning of modifierExtension itself).","comment":"There can be no stigma associated with the use of extensions by any application, project, or standard - regardless of the institution or jurisdiction that uses or defines the extensions.  The use of extensions is what allows the FHIR specification to retain a core level of simplicity for everyone.","requirements":"Modifier extensions allow for extensions that *cannot* be safely ignored to be clearly distinguished from the vast majority of extensions which can be safely ignored.  This promotes interoperability by eliminating the need for implementers to prohibit the presence of extensions. For further information, see the [definition of modifier extensions](extensibility.html#modifierExtension).","alias":["extensions","user content","modifiers"],"min":0,"max":"*","base":{"path":"BackboneElement.modifierExtension","min":0,"max":"*"},"type":[{"code":"Extension"}],"constraint":[{"key":"ele-1","severity":"error","human":"All FHIR elements must have a @value or children","expression":"hasValue() or (children().count() > id.count())","xpath":"@value|f:*|h:div","source":"http://hl7.org/fhir/StructureDefinition/Element"},{"key":"ext-1","severity":"error","human":"Must have either extensions or value[x], not both","expression":"extension.exists() != value.exists()","xpath":"exists(f:extension)!=exists(f:*[starts-with(local-name(.), \"value\")])","source":"http://hl7.org/fhir/StructureDefinition/Extension"}],"isModifier":true,"isModifierReason":"Modifier extensions are expected to modify the meaning or interpretation of the element that contains them","isSummary":true,"mapping":[{"identity":"rim","map":"N/A"}]},{"id":"Practitioner.qualification.identifier","extension":[{"url":"http://hl7.org/fhir/StructureDefinition/structuredefinition-standards-status","valueCode":"normative"},{"url":"http://hl7.org/fhir/StructureDefinition/structuredefinition-normative-version","valueCode":"4.0.0"}],"path":"Practitioner.qualification.identifier","short":"An identifier for this qualification for the practitioner","definition":"An identifier that applies to this person's qualification in this role.","requirements":"Often, specific identities are assigned for the qualification.","min":0,"max":"*","base":{"path":"Practitioner.qualification.identifier","min":0,"max":"*"},"type":[{"code":"Identifier"}],"condition":["ele-1"],"constraint":[{"key":"ele-1","severity":"error","human":"All FHIR elements must have a @value or children","expression":"hasValue() or (children().count() > id.count())","xpath":"@value|f:*|h:div","source":"http://hl7.org/fhir/StructureDefinition/Element"}],"isModifier":false,"mapping":[{"identity":"rim","map":"n/a"},{"identity":"v2","map":"CX / EI (occasionally, more often EI maps to a resource id or a URL)"},{"identity":"rim","map":"II - The Identifier class is a little looser than the v3 type II because it allows URIs as well as registered OIDs or GUIDs.  Also maps to Role[classCode=IDENT]"},{"identity":"servd","map":"Identifier"},{"identity":"rim","map":".playingEntity.playingRole[classCode=QUAL].id"}]},{"id":"Practitioner.qualification.code","extension":[{"url":"http://hl7.org/fhir/StructureDefinition/structuredefinition-standards-status","valueCode":"normative"},{"url":"http://hl7.org/fhir/StructureDefinition/structuredefinition-normative-version","valueCode":"4.0.0"}],"path":"Practitioner.qualification.code","short":"Coded representation of the qualification","definition":"Coded representation of the qualification.","comment":"Not all terminology uses fit this general pattern. In some cases, models should not use CodeableConcept and use Coding directly and provide their own structure for managing text, codings, translations and the relationship between elements and pre- and post-coordination.","min":1,"max":"1","base":{"path":"Practitioner.qualification.code","min":1,"max":"1"},"type":[{"code":"CodeableConcept"}],"condition":["ele-1"],"constraint":[{"key":"ele-1","severity":"error","human":"All FHIR elements must have a @value or children","expression":"hasValue() or (children().count() > id.count())","xpath":"@value|f:*|h:div","source":"http://hl7.org/fhir/StructureDefinition/Element"}],"isModifier":false,"binding":{"extension":[{"url":"http://hl7.org/fhir/StructureDefinition/elementdefinition-bindingName","valueString":"Qualification"}],"strength":"example","description":"Specific qualification the practitioner has to provide a service.","valueSet":"http://terminology.hl7.org/ValueSet/v2-2.7-0360"},"mapping":[{"identity":"rim","map":"n/a"},{"identity":"v2","map":"CE/CNE/CWE"},{"identity":"rim","map":"CD"},{"identity":"orim","map":"fhir:CodeableConcept rdfs:subClassOf dt:CD"},{"identity":"rim","map":".playingEntity.playingRole[classCode=QUAL].code"},{"identity":"servd","map":"./Qualifications.Value"}]},{"id":"Practitioner.qualification.period","extension":[{"url":"http://hl7.org/fhir/StructureDefinition/structuredefinition-standards-status","valueCode":"normative"},{"url":"http://hl7.org/fhir/StructureDefinition/structuredefinition-normative-version","valueCode":"4.0.0"}],"path":"Practitioner.qualification.period","short":"Period during which the qualification is valid","definition":"Period during which the qualification is valid.","comment":"A Period specifies a range of time; the context of use will specify whether the entire range applies (e.g. \"the patient was an inpatient of the hospital for this time range\") or one value from the range applies (e.g. \"give to the patient between these two times\").\n\nPeriod is not used for a duration (a measure of elapsed time). See [Duration](datatypes.html#Duration).","requirements":"Qualifications are often for a limited period of time, and can be revoked.","min":0,"max":"1","base":{"path":"Practitioner.qualification.period","min":0,"max":"1"},"type":[{"code":"Period"}],"condition":["ele-1"],"constraint":[{"key":"ele-1","severity":"error","human":"All FHIR elements must have a @value or children","expression":"hasValue() or (children().count() > id.count())","xpath":"@value|f:*|h:div","source":"http://hl7.org/fhir/StructureDefinition/Element"},{"key":"per-1","severity":"error","human":"If present, start SHALL have a lower value than end","expression":"start.hasValue().not() or end.hasValue().not() or (start <= end)","xpath":"not(exists(f:start/@value)) or not(exists(f:end/@value)) or (xs:dateTime(f:start/@value) <= xs:dateTime(f:end/@value))","source":"http://hl7.org/fhir/StructureDefinition/Period"}],"isModifier":false,"mapping":[{"identity":"rim","map":"n/a"},{"identity":"v2","map":"DR"},{"identity":"rim","map":"IVL<TS>[lowClosed=\"true\" and highClosed=\"true\"] or URG<TS>[lowClosed=\"true\" and highClosed=\"true\"]"},{"identity":"rim","map":".playingEntity.playingRole[classCode=QUAL].effectiveTime"},{"identity":"servd","map":"./Qualifications.StartDate and ./Qualifications.EndDate"}]},{"id":"Practitioner.qualification.issuer","extension":[{"url":"http://hl7.org/fhir/StructureDefinition/structuredefinition-standards-status","valueCode":"normative"},{"url":"http://hl7.org/fhir/StructureDefinition/structuredefinition-normative-version","valueCode":"4.0.0"}],"path":"Practitioner.qualification.issuer","short":"Organization that regulates and issues the qualification","definition":"Organization that regulates and issues the qualification.","comment":"References SHALL be a reference to an actual FHIR resource, and SHALL be resolveable (allowing for access control, temporary unavailability, etc.). Resolution can be either by retrieval from the URL, or, where applicable by resource type, by treating an absolute reference as a canonical URL and looking it up in a local registry/repository.","min":0,"max":"1","base":{"path":"Practitioner.qualification.issuer","min":0,"max":"1"},"type":[{"code":"Reference","targetProfile":["http://hl7.org/fhir/StructureDefinition/Organization"]}],"condition":["ele-1"],"constraint":[{"key":"ele-1","severity":"error","human":"All FHIR elements must have a @value or children","expression":"hasValue() or (children().count() > id.count())","xpath":"@value|f:*|h:div","source":"http://hl7.org/fhir/StructureDefinition/Element"},{"key":"ref-1","severity":"error","human":"SHALL have a contained resource if a local reference is provided","expression":"reference.startsWith('#').not() or (reference.substring(1).trace('url') in %rootResource.contained.id.trace('ids'))","xpath":"not(starts-with(f:reference/@value, '#')) or exists(ancestor::*[self::f:entry or self::f:parameter]/f:resource/f:*/f:contained/f:*[f:id/@value=substring-after(current()/f:reference/@value, '#')]|/*/f:contained/f:*[f:id/@value=substring-after(current()/f:reference/@value, '#')])","source":"http://hl7.org/fhir/StructureDefinition/Reference"}],"isModifier":false,"mapping":[{"identity":"rim","map":"n/a"},{"identity":"rim","map":"The target of a resource reference is a RIM entry point (Act, Role, or Entity)"},{"identity":"rim","map":".playingEntity.playingRole[classCode=QUAL].scoper"}]},{"id":"Practitioner.communication","extension":[{"url":"http://hl7.org/fhir/StructureDefinition/structuredefinition-standards-status","valueCode":"normative"},{"url":"http://hl7.org/fhir/StructureDefinition/structuredefinition-normative-version","valueCode":"4.0.0"}],"path":"Practitioner.communication","short":"A language the practitioner can use in patient communication","definition":"A language the practitioner can use in patient communication.","comment":"The structure aa-BB with this exact casing is one the most widely used notations for locale. However not all systems code this but instead have it as free text. Hence CodeableConcept instead of code as the data type.","requirements":"Knowing which language a practitioner speaks can help in facilitating communication with patients.","min":0,"max":"*","base":{"path":"Practitioner.communication","min":0,"max":"*"},"type":[{"code":"CodeableConcept"}],"condition":["ele-1"],"constraint":[{"key":"ele-1","severity":"error","human":"All FHIR elements must have a @value or children","expression":"hasValue() or (children().count() > id.count())","xpath":"@value|f:*|h:div","source":"http://hl7.org/fhir/StructureDefinition/Element"}],"isModifier":false,"binding":{"extension":[{"url":"http://hl7.org/fhir/StructureDefinition/elementdefinition-maxValueSet","valueCanonical":"http://hl7.org/fhir/ValueSet/all-languages"},{"url":"http://hl7.org/fhir/StructureDefinition/elementdefinition-bindingName","valueString":"Language"},{"url":"http://hl7.org/fhir/StructureDefinition/elementdefinition-isCommonBinding","valueBoolean":true}],"strength":"preferred","description":"A human language.","valueSet":"http://hl7.org/fhir/ValueSet/languages"},"mapping":[{"identity":"rim","map":"n/a"},{"identity":"v2","map":"CE/CNE/CWE"},{"identity":"rim","map":"CD"},{"identity":"orim","map":"fhir:CodeableConcept rdfs:subClassOf dt:CD"},{"identity":"v2","map":"PID-15, NK1-20, LAN-2"},{"identity":"rim","map":"./languageCommunication"},{"identity":"servd","map":"./Languages.LanguageSpokenCode"}]}]},"differential":{"element":[{"id":"Practitioner","path":"Practitioner","comment":"The zib HealthProfessional is mapped for all but one concept (HealthProfessionalRole) to this Practitioner profile and a profile on PractitionerRole (<http://nictiz.nl/fhir/StructureDefinition/nl-core-HealthProfessional-PractitionerRole>). The PractitionerRole resource covers the recording of the location and types of services that HealthProfessionals are able to provide for a HealthcareProvider. The zib concepts Specialty and HealthcareProvider are therefore mapped onto PractitionerRole.\r\n\r\nAlthough the zib concept name HealthProfessionalRole superficially seems to match the PractitionerRole resource, this is not the case based on the definition and values of that concept. In FHIR, the role that a HealthProfessional fulfills is captured as part of the clinical resource for that specific case, for example in the `Procedure.performer.role` element. This prevents the creation of duplicate HealthProfessional instances for each clinical situation where the HealthProfessional performs a different role in the process.","alias":["nl-core-HealthProfessional-Practitioner"]},{"id":"Practitioner.name:nameInformation","path":"Practitioner.name","sliceName":"nameInformation","type":[{"code":"HumanName","profile":["http://nictiz.nl/fhir/StructureDefinition/nl-core-NameInformation"]}]},{"id":"Practitioner.name:nameInformation-GivenName","path":"Practitioner.name","sliceName":"nameInformation-GivenName","type":[{"code":"HumanName","profile":["http://nictiz.nl/fhir/StructureDefinition/nl-core-NameInformation.GivenName"]}]},{"id":"Practitioner.telecom:telephoneNumbers","path":"Practitioner.telecom","sliceName":"telephoneNumbers","type":[{"code":"ContactPoint","profile":["http://nictiz.nl/fhir/StructureDefinition/nl-core-ContactInformation-TelephoneNumbers"]}]},{"id":"Practitioner.telecom:emailAddresses","path":"Practitioner.telecom","sliceName":"emailAddresses","type":[{"code":"ContactPoint","profile":["http://nictiz.nl/fhir/StructureDefinition/nl-core-ContactInformation-EmailAddresses"]}]},{"id":"Practitioner.address","path":"Practitioner.address","type":[{"code":"Address","profile":["http://nictiz.nl/fhir/StructureDefinition/nl-core-AddressInformation"]}]}]}}