{"resourceType":"StructureDefinition","id":"nl-core-TextResult","text":{"status":"empty","div":"<div xmlns=\"http://www.w3.org/1999/xhtml\">No narrative is provided for definitional resources. A human-readable rendering can be found in the implementation guide(s) where this resource is used.</div>"},"url":"http://nictiz.nl/fhir/StructureDefinition/nl-core-TextResult","name":"NlcoreTextResult","title":"nl core TextResult","status":"draft","publisher":"Nictiz","contact":[{"name":"Nictiz","telecom":[{"system":"url","value":"https://www.nictiz.nl","use":"work"}]}],"description":"Textual results describe the findings and interpretation of diagnostic or therapeutic procedures carried out on patients or on specimens from the patient.","purpose":"A derived profile from [zib-TextResult](http://nictiz.nl/fhir/StructureDefinition/zib-TextResult) to provide a version better suited for implementation purposes. This profile augments the base profile with elements found in the various use cases that have adopted the zib.","copyright":"Copyright and related rights waived via CC0, https://creativecommons.org/publicdomain/zero/1.0/. This does not apply to information from third parties, for example a medical terminology system. The implementer alone is responsible for identifying and obtaining any necessary licenses or authorizations to utilize third party IP in connection with the specification or otherwise.","fhirVersion":"4.0.1","mapping":[{"identity":"zib-textresult-v4.4-2020EN","uri":"https://zibs.nl/wiki/TextResult-v4.4(2020EN)","name":"zib TextResult-v4.4(2020EN)"}],"kind":"resource","abstract":false,"type":"DiagnosticReport","baseDefinition":"http://nictiz.nl/fhir/StructureDefinition/zib-TextResult","derivation":"constraint","snapshot":{"element":[{"id":"DiagnosticReport","path":"DiagnosticReport","short":"TextResult","definition":"The findings and interpretation of diagnostic  tests performed on patients, groups of patients, devices, and locations, and/or specimens derived from these. The report includes clinical context such as requesting and provider information, and some mix of atomic results, images, textual and coded interpretations, and formatted representation of diagnostic reports.","comment":"Zib TextResult is mapped to this DiagnosticReport profile and a profile on Media (<http://nictiz.nl/fhir/StructureDefinition/nl-core-TextResult.VisualResult>). This DiagnosticReport profile acts as the focal resource of zib TextResult. This profile references the Media resouce through `.media.link` that holds the VisualResult information.\r\n\r\nPlease note that on a functional level, zib TextResult references zib Procedure, but in FHIR this direction is reversed. Therefore, the concept Procedure (NL-CM:13.2.5) is mapped on `Procedure.report` in profile [nl-core-Procedure-event](http://nictiz.nl/fhir/StructureDefinition/nl-core-Procedure-event) instead of in this profile.","alias":["Report","Test","Result","Results","Labs","Laboratory","TekstUitslag","nl-core-TextResult"],"min":0,"max":"*","base":{"path":"DiagnosticReport","min":0,"max":"*"},"constraint":[{"key":"dom-2","severity":"error","human":"If the resource is contained in another resource, it SHALL NOT contain nested Resources","expression":"contained.contained.empty()","xpath":"not(parent::f:contained and f:contained)"},{"key":"dom-3","severity":"error","human":"If the resource is contained in another resource, it SHALL be referred to from elsewhere in the resource or SHALL refer to the containing resource","expression":"contained.where((('#'+id in (%resource.descendants().reference | %resource.descendants().as(canonical) | %resource.descendants().as(uri) | %resource.descendants().as(url))) or descendants().where(reference = '#').exists() or descendants().where(as(canonical) = '#').exists() or descendants().where(as(canonical) = '#').exists()).not()).trace('unmatched', id).empty()","xpath":"not(exists(for $id in f:contained/*/f:id/@value return $contained[not(parent::*/descendant::f:reference/@value=concat('#', $contained/*/id/@value) or descendant::f:reference[@value='#'])]))"},{"key":"dom-4","severity":"error","human":"If a resource is contained in another resource, it SHALL NOT have a meta.versionId or a meta.lastUpdated","expression":"contained.meta.versionId.empty() and contained.meta.lastUpdated.empty()","xpath":"not(exists(f:contained/*/f:meta/f:versionId)) and not(exists(f:contained/*/f:meta/f:lastUpdated))"},{"key":"dom-5","severity":"error","human":"If a resource is contained in another resource, it SHALL NOT have a security label","expression":"contained.meta.security.empty()","xpath":"not(exists(f:contained/*/f:meta/f:security))"},{"extension":[{"url":"http://hl7.org/fhir/StructureDefinition/elementdefinition-bestpractice","valueBoolean":true},{"url":"http://hl7.org/fhir/StructureDefinition/elementdefinition-bestpractice-explanation","valueMarkdown":"When a resource has no narrative, only systems that fully understand the data can display the resource to a human safely. Including a human readable representation in the resource makes for a much more robust eco-system and cheaper handling of resources by intermediary systems. Some ecosystems restrict distribution of resources to only those systems that do fully understand the resources, and as a consequence implementers may believe that the narrative is superfluous. However experience shows that such eco-systems often open up to new participants over time."}],"key":"dom-6","severity":"warning","human":"A resource should have narrative for robust management","expression":"text.`div`.exists()","xpath":"exists(f:text/h:div)"}],"isModifier":false,"isSummary":false,"mapping":[{"identity":"rim","map":"Entity. Role, or Act"},{"identity":"workflow","map":"Event"},{"identity":"v2","map":"ORU -> OBR"},{"identity":"rim","map":"Observation[classCode=OBS, moodCode=EVN]"},{"identity":"zib-textresult-v4.4-2020EN","map":"NL-CM:13.2.1","comment":"TextResult"}]},{"id":"DiagnosticReport.id","path":"DiagnosticReport.id","short":"Logical id of this artifact","definition":"The logical id of the resource, as used in the URL for the resource. Once assigned, this value never changes.","comment":"The only time that a resource does not have an id is when it is being submitted to the server using a create operation.","min":0,"max":"1","base":{"path":"Resource.id","min":0,"max":"1"},"type":[{"extension":[{"url":"http://hl7.org/fhir/StructureDefinition/structuredefinition-fhir-type","valueUrl":"string"}],"code":"http://hl7.org/fhirpath/System.String"}],"isModifier":false,"isSummary":true},{"id":"DiagnosticReport.meta","path":"DiagnosticReport.meta","short":"Metadata about the resource","definition":"The metadata about the resource. This is content that is maintained by the infrastructure. Changes to the content might not always be associated with version changes to the resource.","min":0,"max":"1","base":{"path":"Resource.meta","min":0,"max":"1"},"type":[{"code":"Meta"}],"constraint":[{"key":"ele-1","severity":"error","human":"All FHIR elements must have a @value or children","expression":"hasValue() or (children().count() > id.count())","xpath":"@value|f:*|h:div","source":"http://hl7.org/fhir/StructureDefinition/Element"}],"isModifier":false,"isSummary":true},{"id":"DiagnosticReport.implicitRules","path":"DiagnosticReport.implicitRules","short":"A set of rules under which this content was created","definition":"A reference to a set of rules that were followed when the resource was constructed, and which must be understood when processing the content. Often, this is a reference to an implementation guide that defines the special rules along with other profiles etc.","comment":"Asserting this rule set restricts the content to be only understood by a limited set of trading partners. This inherently limits the usefulness of the data in the long term. However, the existing health eco-system is highly fractured, and not yet ready to define, collect, and exchange data in a generally computable sense. Wherever possible, implementers and/or specification writers should avoid using this element. Often, when used, the URL is a reference to an implementation guide that defines these special rules as part of it's narrative along with other profiles, value sets, etc.","min":0,"max":"1","base":{"path":"Resource.implicitRules","min":0,"max":"1"},"type":[{"code":"uri"}],"constraint":[{"key":"ele-1","severity":"error","human":"All FHIR elements must have a @value or children","expression":"hasValue() or (children().count() > id.count())","xpath":"@value|f:*|h:div","source":"http://hl7.org/fhir/StructureDefinition/Element"}],"isModifier":true,"isModifierReason":"This element is labeled as a modifier because the implicit rules may provide additional knowledge about the resource that modifies it's meaning or interpretation","isSummary":true},{"id":"DiagnosticReport.language","path":"DiagnosticReport.language","short":"Language of the resource content","definition":"The base language in which the resource is written.","comment":"Language is provided to support indexing and accessibility (typically, services such as text to speech use the language tag). The html language tag in the narrative applies  to the narrative. The language tag on the resource may be used to specify the language of other presentations generated from the data in the resource. Not all the content has to be in the base language. The Resource.language should not be assumed to apply to the narrative automatically. If a language is specified, it should it also be specified on the div element in the html (see rules in HTML5 for information about the relationship between xml:lang and the html lang attribute).","min":0,"max":"1","base":{"path":"Resource.language","min":0,"max":"1"},"type":[{"code":"code"}],"constraint":[{"key":"ele-1","severity":"error","human":"All FHIR elements must have a @value or children","expression":"hasValue() or (children().count() > id.count())","xpath":"@value|f:*|h:div","source":"http://hl7.org/fhir/StructureDefinition/Element"}],"isModifier":false,"isSummary":false,"binding":{"extension":[{"url":"http://hl7.org/fhir/StructureDefinition/elementdefinition-maxValueSet","valueCanonical":"http://hl7.org/fhir/ValueSet/all-languages"},{"url":"http://hl7.org/fhir/StructureDefinition/elementdefinition-bindingName","valueString":"Language"},{"url":"http://hl7.org/fhir/StructureDefinition/elementdefinition-isCommonBinding","valueBoolean":true}],"strength":"preferred","description":"A human language.","valueSet":"http://hl7.org/fhir/ValueSet/languages"}},{"id":"DiagnosticReport.text","path":"DiagnosticReport.text","short":"Text summary of the resource, for human interpretation","definition":"A human-readable narrative that contains a summary of the resource and can be used to represent the content of the resource to a human. The narrative need not encode all the structured data, but is required to contain sufficient detail to make it \"clinically safe\" for a human to just read the narrative. Resource definitions may define what content should be represented in the narrative to ensure clinical safety.","comment":"Contained resources do not have narrative. Resources that are not contained SHOULD have a narrative. In some cases, a resource may only have text with little or no additional discrete data (as long as all minOccurs=1 elements are satisfied).  This may be necessary for data from legacy systems where information is captured as a \"text blob\" or where text is additionally entered raw or narrated and encoded information is added later.","alias":["narrative","html","xhtml","display"],"min":0,"max":"1","base":{"path":"DomainResource.text","min":0,"max":"1"},"type":[{"code":"Narrative"}],"constraint":[{"key":"ele-1","severity":"error","human":"All FHIR elements must have a @value or children","expression":"hasValue() or (children().count() > id.count())","xpath":"@value|f:*|h:div","source":"http://hl7.org/fhir/StructureDefinition/Element"}],"isModifier":false,"isSummary":false,"mapping":[{"identity":"rim","map":"Act.text?"}]},{"id":"DiagnosticReport.contained","path":"DiagnosticReport.contained","short":"Contained, inline Resources","definition":"These resources do not have an independent existence apart from the resource that contains them - they cannot be identified independently, and nor can they have their own independent transaction scope.","comment":"This should never be done when the content can be identified properly, as once identification is lost, it is extremely difficult (and context dependent) to restore it again. Contained resources may have profiles and tags In their meta elements, but SHALL NOT have security labels.","alias":["inline resources","anonymous resources","contained resources"],"min":0,"max":"*","base":{"path":"DomainResource.contained","min":0,"max":"*"},"type":[{"code":"Resource"}],"isModifier":false,"isSummary":false,"mapping":[{"identity":"rim","map":"N/A"}]},{"id":"DiagnosticReport.extension","path":"DiagnosticReport.extension","slicing":{"discriminator":[{"type":"value","path":"url"}],"description":"Extensions are always sliced by (at least) url","rules":"open"},"short":"Additional content defined by implementations","definition":"May be used to represent additional information that is not part of the basic definition of the resource. To make the use of extensions safe and manageable, there is a strict set of governance  applied to the definition and use of extensions. Though any implementer can define an extension, there is a set of requirements that SHALL be met as part of the definition of the extension.","comment":"There can be no stigma associated with the use of extensions by any application, project, or standard - regardless of the institution or jurisdiction that uses or defines the extensions.  The use of extensions is what allows the FHIR specification to retain a core level of simplicity for everyone.","alias":["extensions","user content"],"min":0,"max":"*","base":{"path":"DomainResource.extension","min":0,"max":"*"},"type":[{"code":"Extension"}],"constraint":[{"key":"ele-1","severity":"error","human":"All FHIR elements must have a @value or children","expression":"hasValue() or (children().count() > id.count())","xpath":"@value|f:*|h:div","source":"http://hl7.org/fhir/StructureDefinition/Element"},{"key":"ext-1","severity":"error","human":"Must have either extensions or value[x], not both","expression":"extension.exists() != value.exists()","xpath":"exists(f:extension)!=exists(f:*[starts-with(local-name(.), \"value\")])","source":"http://hl7.org/fhir/StructureDefinition/Extension"}],"isModifier":false,"isSummary":false,"mapping":[{"identity":"rim","map":"N/A"}]},{"id":"DiagnosticReport.modifierExtension","path":"DiagnosticReport.modifierExtension","slicing":{"discriminator":[{"type":"value","path":"url"}],"description":"Extensions are always sliced by (at least) url","rules":"open"},"short":"Extensions that cannot be ignored","definition":"May be used to represent additional information that is not part of the basic definition of the resource and that modifies the understanding of the element that contains it and/or the understanding of the containing element's descendants. Usually modifier elements provide negation or qualification. To make the use of extensions safe and manageable, there is a strict set of governance applied to the definition and use of extensions. Though any implementer is allowed to define an extension, there is a set of requirements that SHALL be met as part of the definition of the extension. Applications processing a resource are required to check for modifier extensions.\n\nModifier extensions SHALL NOT change the meaning of any elements on Resource or DomainResource (including cannot change the meaning of modifierExtension itself).","comment":"There can be no stigma associated with the use of extensions by any application, project, or standard - regardless of the institution or jurisdiction that uses or defines the extensions.  The use of extensions is what allows the FHIR specification to retain a core level of simplicity for everyone.","requirements":"Modifier extensions allow for extensions that *cannot* be safely ignored to be clearly distinguished from the vast majority of extensions which can be safely ignored.  This promotes interoperability by eliminating the need for implementers to prohibit the presence of extensions. For further information, see the [definition of modifier extensions](extensibility.html#modifierExtension).","alias":["extensions","user content"],"min":0,"max":"*","base":{"path":"DomainResource.modifierExtension","min":0,"max":"*"},"type":[{"code":"Extension"}],"constraint":[{"key":"ele-1","severity":"error","human":"All FHIR elements must have a @value or children","expression":"hasValue() or (children().count() > id.count())","xpath":"@value|f:*|h:div","source":"http://hl7.org/fhir/StructureDefinition/Element"},{"key":"ext-1","severity":"error","human":"Must have either extensions or value[x], not both","expression":"extension.exists() != value.exists()","xpath":"exists(f:extension)!=exists(f:*[starts-with(local-name(.), \"value\")])","source":"http://hl7.org/fhir/StructureDefinition/Extension"}],"isModifier":true,"isModifierReason":"Modifier extensions are expected to modify the meaning or interpretation of the resource that contains them","isSummary":false,"mapping":[{"identity":"rim","map":"N/A"}]},{"id":"DiagnosticReport.identifier","extension":[{"url":"http://hl7.org/fhir/StructureDefinition/structuredefinition-standards-status","valueCode":"normative"},{"url":"http://hl7.org/fhir/StructureDefinition/structuredefinition-normative-version","valueCode":"4.0.0"}],"path":"DiagnosticReport.identifier","short":"Business identifier for report","definition":"Identifiers assigned to this report by the performer or other systems.","comment":"Usually assigned by the Information System of the diagnostic service provider (filler id).","requirements":"Need to know what identifier to use when making queries about this report from the source laboratory, and for linking to the report outside FHIR context.","alias":["ReportID","Filler ID","Placer ID"],"min":0,"max":"*","base":{"path":"DiagnosticReport.identifier","min":0,"max":"*"},"type":[{"code":"Identifier"}],"condition":["ele-1"],"constraint":[{"key":"ele-1","severity":"error","human":"All FHIR elements must have a @value or children","expression":"hasValue() or (children().count() > id.count())","xpath":"@value|f:*|h:div","source":"http://hl7.org/fhir/StructureDefinition/Element"}],"isModifier":false,"isSummary":true,"mapping":[{"identity":"rim","map":"n/a"},{"identity":"v2","map":"CX / EI (occasionally, more often EI maps to a resource id or a URL)"},{"identity":"rim","map":"II - The Identifier class is a little looser than the v3 type II because it allows URIs as well as registered OIDs or GUIDs.  Also maps to Role[classCode=IDENT]"},{"identity":"servd","map":"Identifier"},{"identity":"workflow","map":"Event.identifier"},{"identity":"w5","map":"FiveWs.identifier"},{"identity":"v2","map":"OBR-51/ for globally unique filler ID  - OBR-3 , For non-globally unique filler-id the flller/placer number must be combined with the universal service Id -  OBR-2(if present)+OBR-3+OBR-4"},{"identity":"rim","map":"id"}]},{"id":"DiagnosticReport.basedOn","extension":[{"url":"http://hl7.org/fhir/StructureDefinition/structuredefinition-standards-status","valueCode":"normative"},{"url":"http://hl7.org/fhir/StructureDefinition/structuredefinition-normative-version","valueCode":"4.0.0"}],"path":"DiagnosticReport.basedOn","short":"What was requested","definition":"Details concerning a service requested.","comment":"Note: Usually there is one test request for each result, however in some circumstances multiple test requests may be represented using a single test result resource. Note that there are also cases where one request leads to multiple reports.","requirements":"This allows tracing of authorization for the report and tracking whether proposals/recommendations were acted upon.","alias":["Request"],"min":0,"max":"*","base":{"path":"DiagnosticReport.basedOn","min":0,"max":"*"},"type":[{"code":"Reference","targetProfile":["http://hl7.org/fhir/StructureDefinition/CarePlan","http://hl7.org/fhir/StructureDefinition/ImmunizationRecommendation","http://hl7.org/fhir/StructureDefinition/MedicationRequest","http://hl7.org/fhir/StructureDefinition/NutritionOrder","http://hl7.org/fhir/StructureDefinition/ServiceRequest"]}],"condition":["ele-1"],"constraint":[{"key":"ele-1","severity":"error","human":"All FHIR elements must have a @value or children","expression":"hasValue() or (children().count() > id.count())","xpath":"@value|f:*|h:div","source":"http://hl7.org/fhir/StructureDefinition/Element"},{"key":"ref-1","severity":"error","human":"SHALL have a contained resource if a local reference is provided","expression":"reference.startsWith('#').not() or (reference.substring(1).trace('url') in %rootResource.contained.id.trace('ids'))","xpath":"not(starts-with(f:reference/@value, '#')) or exists(ancestor::*[self::f:entry or self::f:parameter]/f:resource/f:*/f:contained/f:*[f:id/@value=substring-after(current()/f:reference/@value, '#')]|/*/f:contained/f:*[f:id/@value=substring-after(current()/f:reference/@value, '#')])","source":"http://hl7.org/fhir/StructureDefinition/Reference"}],"isModifier":false,"mapping":[{"identity":"rim","map":"n/a"},{"identity":"rim","map":"The target of a resource reference is a RIM entry point (Act, Role, or Entity)"},{"identity":"workflow","map":"Event.basedOn"},{"identity":"v2","map":"ORC? OBR-2/3?"},{"identity":"rim","map":"outboundRelationship[typeCode=FLFS].target"}]},{"id":"DiagnosticReport.status","path":"DiagnosticReport.status","short":"TextResultStatus","definition":"The status of the result.","comment":"Additional information about the mapping of the optional (`0..1`) TextResultStatus to the mandatory (`1..1`) `.status`: because `.status` is `1..1` implementers shall have to support `.status` one way or another although the _unknown_ code can be used as a fallback. When TextResultStatus is absent, other codes may be used than from the zib. In that case, the ext-CodeSpecification extension should be omitted.","requirements":"Diagnostic services routinely issue provisional/incomplete reports, and sometimes withdraw previously released reports.","alias":["TekstUitslagStatus"],"min":1,"max":"1","base":{"path":"DiagnosticReport.status","min":1,"max":"1"},"type":[{"code":"code"}],"constraint":[{"key":"ele-1","severity":"error","human":"All FHIR elements must have a @value or children","expression":"hasValue() or (children().count() > id.count())","xpath":"@value|f:*|h:div","source":"http://hl7.org/fhir/StructureDefinition/Element"}],"isModifier":true,"isModifierReason":"This element is labeled as a modifier because it is a status element that contains status entered-in-error which means that the resource should not be treated as valid","isSummary":true,"binding":{"extension":[{"url":"http://hl7.org/fhir/StructureDefinition/elementdefinition-bindingName","valueString":"DiagnosticReportStatus"}],"strength":"required","description":"Use ConceptMap TekstStatusCodelijst_to_DiagnosticReportStatus to translate terminology from the functional model to profile terminology in ValueSet DiagnosticReportStatus.","valueSet":"http://hl7.org/fhir/ValueSet/diagnostic-report-status|4.0.1","_valueSet":{"extension":[{"url":"http://hl7.org/fhir/StructureDefinition/11179-permitted-value-conceptmap","valueCanonical":"http://nictiz.nl/fhir/ConceptMap/TekstStatusCodelijst-to-DiagnosticReportStatus"}]}},"mapping":[{"identity":"workflow","map":"Event.status"},{"identity":"w5","map":"FiveWs.status"},{"identity":"v2","map":"OBR-25 (not 1:1 mapping)"},{"identity":"rim","map":"statusCode  Note: final and amended are distinguished by whether observation is the subject of a ControlAct event of type \"revise\""},{"identity":"zib-textresult-v4.4-2020EN","map":"NL-CM:13.2.6","comment":"TextResultStatus"}]},{"id":"DiagnosticReport.status.id","path":"DiagnosticReport.status.id","representation":["xmlAttr"],"short":"xml:id (or equivalent in JSON)","definition":"unique id for the element within a resource (for internal references)","min":0,"max":"1","base":{"path":"Element.id","min":0,"max":"1"},"type":[{"extension":[{"url":"http://hl7.org/fhir/StructureDefinition/structuredefinition-fhir-type","valueUrl":"string"}],"code":"http://hl7.org/fhirpath/System.String"}],"isModifier":false,"isSummary":false},{"id":"DiagnosticReport.status.extension","path":"DiagnosticReport.status.extension","slicing":{"discriminator":[{"type":"value","path":"url"}],"ordered":false,"rules":"open"},"short":"Additional content defined by implementations","definition":"May be used to represent additional information that is not part of the basic definition of the resource. To make the use of extensions safe and manageable, there is a strict set of governance  applied to the definition and use of extensions. Though any implementer can define an extension, there is a set of requirements that SHALL be met as part of the definition of the extension.","comment":"There can be no stigma associated with the use of extensions by any application, project, or standard - regardless of the institution or jurisdiction that uses or defines the extensions.  The use of extensions is what allows the FHIR specification to retain a core level of simplicity for everyone.","alias":["extensions","user content"],"min":0,"max":"*","base":{"path":"Element.extension","min":0,"max":"*"},"type":[{"code":"Extension"}],"constraint":[{"key":"ele-1","severity":"error","human":"All FHIR elements must have a @value or children","expression":"hasValue() or (children().count() > id.count())","xpath":"@value|f:*|h:div","source":"http://hl7.org/fhir/StructureDefinition/Element"},{"key":"ext-1","severity":"error","human":"Must have either extensions or value[x], not both","expression":"extension.exists() != value.exists()","xpath":"exists(f:extension)!=exists(f:*[starts-with(local-name(.), 'value')])","source":"http://hl7.org/fhir/StructureDefinition/Extension"}],"isModifier":false,"isSummary":false},{"id":"DiagnosticReport.status.extension:textResultStatus","extension":[{"url":"http://hl7.org/fhir/StructureDefinition/structuredefinition-standards-status","valueCode":"normative"},{"url":"http://hl7.org/fhir/StructureDefinition/structuredefinition-normative-version","valueCode":"4.0.0"}],"path":"DiagnosticReport.status.extension","sliceName":"textResultStatus","short":"Optional Extensions Element","definition":"Optional Extension Element - found in all resources.","comment":"There can be no stigma associated with the use of extensions by any application, project, or standard - regardless of the institution or jurisdiction that uses or defines the extensions.  The use of extensions is what allows the FHIR specification to retain a core level of simplicity for everyone.","alias":["extensions","user content"],"min":0,"max":"1","base":{"path":"Element.extension","min":0,"max":"*"},"type":[{"code":"Extension","profile":["http://nictiz.nl/fhir/StructureDefinition/ext-CodeSpecification"]}],"condition":["ele-1"],"constraint":[{"key":"ele-1","severity":"error","human":"All FHIR elements must have a @value or children","expression":"hasValue() or (children().count() > id.count())","xpath":"@value|f:*|h:div","source":"http://hl7.org/fhir/StructureDefinition/Element"},{"key":"ext-1","severity":"error","human":"Must have either extensions or value[x], not both","expression":"extension.exists() != value.exists()","xpath":"exists(f:extension)!=exists(f:*[starts-with(local-name(.), 'value')])","source":"http://hl7.org/fhir/StructureDefinition/Extension"}],"isModifier":false,"isSummary":false,"mapping":[{"identity":"rim","map":"n/a"},{"identity":"rim","map":"N/A"}]},{"id":"DiagnosticReport.status.extension:textResultStatus.id","path":"DiagnosticReport.status.extension.id","representation":["xmlAttr"],"short":"Unique id for inter-element referencing","definition":"Unique id for the element within a resource (for internal references). This may be any string value that does not contain spaces.","min":0,"max":"1","base":{"path":"Element.id","min":0,"max":"1"},"type":[{"extension":[{"url":"http://hl7.org/fhir/StructureDefinition/structuredefinition-fhir-type","valueUrl":"string"}],"code":"http://hl7.org/fhirpath/System.String"}],"isModifier":false,"isSummary":false,"mapping":[{"identity":"rim","map":"n/a"}]},{"id":"DiagnosticReport.status.extension:textResultStatus.extension","path":"DiagnosticReport.status.extension.extension","slicing":{"discriminator":[{"type":"value","path":"url"}],"description":"Extensions are always sliced by (at least) url","rules":"open"},"short":"Additional content defined by implementations","definition":"May be used to represent additional information that is not part of the basic definition of the element. To make the use of extensions safe and manageable, there is a strict set of governance  applied to the definition and use of extensions. Though any implementer can define an extension, there is a set of requirements that SHALL be met as part of the definition of the extension.","comment":"There can be no stigma associated with the use of extensions by any application, project, or standard - regardless of the institution or jurisdiction that uses or defines the extensions.  The use of extensions is what allows the FHIR specification to retain a core level of simplicity for everyone.","alias":["extensions","user content"],"min":0,"max":"*","base":{"path":"Element.extension","min":0,"max":"*"},"type":[{"code":"Extension"}],"constraint":[{"key":"ele-1","severity":"error","human":"All FHIR elements must have a @value or children","expression":"hasValue() or (children().count() > id.count())","xpath":"@value|f:*|h:div","source":"http://hl7.org/fhir/StructureDefinition/Element"},{"key":"ext-1","severity":"error","human":"Must have either extensions or value[x], not both","expression":"extension.exists() != value.exists()","xpath":"exists(f:extension)!=exists(f:*[starts-with(local-name(.), \"value\")])","source":"http://hl7.org/fhir/StructureDefinition/Extension"}],"isModifier":false,"isSummary":false,"mapping":[{"identity":"rim","map":"n/a"}]},{"id":"DiagnosticReport.status.extension:textResultStatus.url","path":"DiagnosticReport.status.extension.url","representation":["xmlAttr"],"short":"identifies the meaning of the extension","definition":"Source of the definition for the extension code - a logical name or a URL.","comment":"The definition may point directly to a computable or human-readable definition of the extensibility codes, or it may be a logical URI as declared in some other specification. The definition SHALL be a URI for the Structure Definition defining the extension.","min":1,"max":"1","base":{"path":"Extension.url","min":1,"max":"1"},"type":[{"extension":[{"url":"http://hl7.org/fhir/StructureDefinition/structuredefinition-fhir-type","valueUrl":"uri"}],"code":"http://hl7.org/fhirpath/System.String"}],"fixedUri":"http://nictiz.nl/fhir/StructureDefinition/ext-CodeSpecification","mapping":[{"identity":"rim","map":"N/A"}]},{"id":"DiagnosticReport.status.extension:textResultStatus.value[x]","extension":[{"url":"http://hl7.org/fhir/StructureDefinition/structuredefinition-standards-status","valueCode":"normative"},{"url":"http://hl7.org/fhir/StructureDefinition/structuredefinition-normative-version","valueCode":"4.0.0"}],"path":"DiagnosticReport.status.extension.value[x]","short":"TextResultStatus","definition":"The status of the result.","alias":["TekstUitslagStatus"],"min":0,"max":"1","base":{"path":"Extension.value[x]","min":0,"max":"1"},"type":[{"code":"CodeableConcept"}],"condition":["ele-1"],"constraint":[{"key":"ele-1","severity":"error","human":"All FHIR elements must have a @value or children","expression":"hasValue() or (children().count() > id.count())","xpath":"@value|f:*|h:div","source":"http://hl7.org/fhir/StructureDefinition/Element"}],"isModifier":false,"binding":{"strength":"extensible","valueSet":"http://decor.nictiz.nl/fhir/ValueSet/2.16.840.1.113883.2.4.3.11.60.40.2.13.2.2--20200901000000"},"mapping":[{"identity":"rim","map":"n/a"},{"identity":"rim","map":"N/A"},{"identity":"zib-textresult-v4.4-2020EN","map":"NL-CM:13.2.6","comment":"TextResultStatus"}]},{"id":"DiagnosticReport.status.value","path":"DiagnosticReport.status.value","representation":["xmlAttr"],"short":"Primitive value for code","definition":"Primitive value for code","min":0,"max":"1","base":{"path":"string.value","min":0,"max":"1"},"type":[{"extension":[{"url":"http://hl7.org/fhir/StructureDefinition/structuredefinition-fhir-type","valueUrl":"code"},{"url":"http://hl7.org/fhir/StructureDefinition/regex","valueString":"[^\\s]+(\\s[^\\s]+)*"}],"code":"http://hl7.org/fhirpath/System.String"}],"maxLength":1048576,"isModifier":false,"isSummary":false},{"id":"DiagnosticReport.category","extension":[{"url":"http://hl7.org/fhir/StructureDefinition/structuredefinition-standards-status","valueCode":"normative"},{"url":"http://hl7.org/fhir/StructureDefinition/structuredefinition-normative-version","valueCode":"4.0.0"}],"path":"DiagnosticReport.category","short":"Service category","definition":"A code that classifies the clinical discipline, department or diagnostic service that created the report (e.g. cardiology, biochemistry, hematology, MRI). This is used for searching, sorting and display purposes.","comment":"Multiple categories are allowed using various categorization schemes.   The level of granularity is defined by the category concepts in the value set. More fine-grained filtering can be performed using the metadata and/or terminology hierarchy in DiagnosticReport.code.","alias":["Department","Sub-department","Service","Discipline"],"min":0,"max":"*","base":{"path":"DiagnosticReport.category","min":0,"max":"*"},"type":[{"code":"CodeableConcept"}],"condition":["ele-1"],"constraint":[{"key":"ele-1","severity":"error","human":"All FHIR elements must have a @value or children","expression":"hasValue() or (children().count() > id.count())","xpath":"@value|f:*|h:div","source":"http://hl7.org/fhir/StructureDefinition/Element"}],"isModifier":false,"isSummary":true,"binding":{"extension":[{"url":"http://hl7.org/fhir/StructureDefinition/elementdefinition-bindingName","valueString":"DiagnosticServiceSection"}],"strength":"example","description":"Codes for diagnostic service sections.","valueSet":"http://hl7.org/fhir/ValueSet/diagnostic-service-sections"},"mapping":[{"identity":"rim","map":"n/a"},{"identity":"v2","map":"CE/CNE/CWE"},{"identity":"rim","map":"CD"},{"identity":"orim","map":"fhir:CodeableConcept rdfs:subClassOf dt:CD"},{"identity":"w5","map":"FiveWs.class"},{"identity":"v2","map":"OBR-24"},{"identity":"rim","map":"inboundRelationship[typeCode=COMP].source[classCode=LIST, moodCode=EVN, code < LabService].code"}]},{"id":"DiagnosticReport.code","extension":[{"url":"http://hl7.org/fhir/StructureDefinition/structuredefinition-standards-status","valueCode":"normative"},{"url":"http://hl7.org/fhir/StructureDefinition/structuredefinition-normative-version","valueCode":"4.0.0"}],"path":"DiagnosticReport.code","short":"TextResultType","definition":"The type of result.","comment":"Not all terminology uses fit this general pattern. In some cases, models should not use CodeableConcept and use Coding directly and provide their own structure for managing text, codings, translations and the relationship between elements and pre- and post-coordination.","alias":["Type","TekstUitslagType"],"min":1,"max":"1","base":{"path":"DiagnosticReport.code","min":1,"max":"1"},"type":[{"code":"CodeableConcept"}],"condition":["ele-1"],"constraint":[{"key":"ele-1","severity":"error","human":"All FHIR elements must have a @value or children","expression":"hasValue() or (children().count() > id.count())","xpath":"@value|f:*|h:div","source":"http://hl7.org/fhir/StructureDefinition/Element"}],"isModifier":false,"isSummary":true,"binding":{"extension":[{"url":"http://hl7.org/fhir/StructureDefinition/elementdefinition-bindingName","valueString":"DiagnosticReportCodes"}],"strength":"extensible","description":"Codes that describe Diagnostic Reports.","valueSet":"http://decor.nictiz.nl/fhir/ValueSet/2.16.840.1.113883.2.4.3.11.60.40.2.13.2.1--20200901000000"},"mapping":[{"identity":"rim","map":"n/a"},{"identity":"v2","map":"CE/CNE/CWE"},{"identity":"rim","map":"CD"},{"identity":"orim","map":"fhir:CodeableConcept rdfs:subClassOf dt:CD"},{"identity":"workflow","map":"Event.code"},{"identity":"w5","map":"FiveWs.what[x]"},{"identity":"v2","map":"OBR-4 (HL7 v2 doesn't provide an easy way to indicate both the ordered test and the performed panel)"},{"identity":"rim","map":"code"},{"identity":"zib-textresult-v4.4-2020EN","map":"NL-CM:13.2.4","comment":"TextResultType"}]},{"id":"DiagnosticReport.subject","extension":[{"url":"http://hl7.org/fhir/StructureDefinition/structuredefinition-standards-status","valueCode":"normative"},{"url":"http://hl7.org/fhir/StructureDefinition/structuredefinition-normative-version","valueCode":"4.0.0"}],"path":"DiagnosticReport.subject","short":"The subject of the report - usually, but not always, the patient","definition":"The subject of the report. Usually, but not always, this is a patient. However, diagnostic services also perform analyses on specimens collected from a variety of other sources.","comment":"References SHALL be a reference to an actual FHIR resource, and SHALL be resolveable (allowing for access control, temporary unavailability, etc.). Resolution can be either by retrieval from the URL, or, where applicable by resource type, by treating an absolute reference as a canonical URL and looking it up in a local registry/repository.","requirements":"SHALL know the subject context.","alias":["Patient"],"min":0,"max":"1","base":{"path":"DiagnosticReport.subject","min":0,"max":"1"},"type":[{"code":"Reference","targetProfile":["http://hl7.org/fhir/StructureDefinition/Patient","http://hl7.org/fhir/StructureDefinition/Group","http://hl7.org/fhir/StructureDefinition/Device","http://hl7.org/fhir/StructureDefinition/Location","http://nictiz.nl/fhir/StructureDefinition/nl-core-Patient"]}],"condition":["ele-1"],"constraint":[{"key":"ele-1","severity":"error","human":"All FHIR elements must have a @value or children","expression":"hasValue() or (children().count() > id.count())","xpath":"@value|f:*|h:div","source":"http://hl7.org/fhir/StructureDefinition/Element"},{"key":"ref-1","severity":"error","human":"SHALL have a contained resource if a local reference is provided","expression":"reference.startsWith('#').not() or (reference.substring(1).trace('url') in %rootResource.contained.id.trace('ids'))","xpath":"not(starts-with(f:reference/@value, '#')) or exists(ancestor::*[self::f:entry or self::f:parameter]/f:resource/f:*/f:contained/f:*[f:id/@value=substring-after(current()/f:reference/@value, '#')]|/*/f:contained/f:*[f:id/@value=substring-after(current()/f:reference/@value, '#')])","source":"http://hl7.org/fhir/StructureDefinition/Reference"}],"isModifier":false,"isSummary":true,"mapping":[{"identity":"rim","map":"n/a"},{"identity":"rim","map":"The target of a resource reference is a RIM entry point (Act, Role, or Entity)"},{"identity":"workflow","map":"Event.subject"},{"identity":"w5","map":"FiveWs.subject[x]"},{"identity":"v2","map":"PID-3 (no HL7 v2 mapping for Group or Device)"},{"identity":"rim","map":"participation[typeCode=SBJ]"},{"identity":"w5","map":"FiveWs.subject"}]},{"id":"DiagnosticReport.encounter","extension":[{"url":"http://hl7.org/fhir/StructureDefinition/structuredefinition-standards-status","valueCode":"normative"},{"url":"http://hl7.org/fhir/StructureDefinition/structuredefinition-normative-version","valueCode":"4.0.0"}],"path":"DiagnosticReport.encounter","short":"Health care event when test ordered","definition":"The healthcare event  (e.g. a patient and healthcare provider interaction) which this DiagnosticReport is about.","comment":"This will typically be the encounter the event occurred within, but some events may be initiated prior to or after the official completion of an encounter  but still be tied to the context of the encounter  (e.g. pre-admission laboratory tests).","requirements":"Links the request to the Encounter context.","alias":["Context"],"min":0,"max":"1","base":{"path":"DiagnosticReport.encounter","min":0,"max":"1"},"type":[{"code":"Reference","targetProfile":["http://hl7.org/fhir/StructureDefinition/Encounter"]}],"condition":["ele-1"],"constraint":[{"key":"ele-1","severity":"error","human":"All FHIR elements must have a @value or children","expression":"hasValue() or (children().count() > id.count())","xpath":"@value|f:*|h:div","source":"http://hl7.org/fhir/StructureDefinition/Element"},{"key":"ref-1","severity":"error","human":"SHALL have a contained resource if a local reference is provided","expression":"reference.startsWith('#').not() or (reference.substring(1).trace('url') in %rootResource.contained.id.trace('ids'))","xpath":"not(starts-with(f:reference/@value, '#')) or exists(ancestor::*[self::f:entry or self::f:parameter]/f:resource/f:*/f:contained/f:*[f:id/@value=substring-after(current()/f:reference/@value, '#')]|/*/f:contained/f:*[f:id/@value=substring-after(current()/f:reference/@value, '#')])","source":"http://hl7.org/fhir/StructureDefinition/Reference"}],"isModifier":false,"isSummary":true,"mapping":[{"identity":"rim","map":"n/a"},{"identity":"rim","map":"The target of a resource reference is a RIM entry point (Act, Role, or Entity)"},{"identity":"workflow","map":"Event.encounter"},{"identity":"w5","map":"FiveWs.context"},{"identity":"v2","map":"PV1-19"},{"identity":"rim","map":"inboundRelationship[typeCode=COMP].source[classCode=ENC, moodCode=EVN]"}]},{"id":"DiagnosticReport.effective[x]","extension":[{"url":"http://hl7.org/fhir/StructureDefinition/structuredefinition-standards-status","valueCode":"normative"},{"url":"http://hl7.org/fhir/StructureDefinition/structuredefinition-normative-version","valueCode":"4.0.0"}],"path":"DiagnosticReport.effective[x]","slicing":{"discriminator":[{"type":"type","path":"$this"}],"rules":"open"},"short":"Clinically relevant time/time-period for report","definition":"The time or time-period the observed values are related to. When the subject of the report is a patient, this is usually either the time of the procedure or of specimen collection(s), but very often the source of the date/time is not known, only the date/time itself.","comment":"If the diagnostic procedure was performed on the patient, this is the time it was performed. If there are specimens, the diagnostically relevant time can be derived from the specimen collection times, but the specimen information is not always available, and the exact relationship between the specimens and the diagnostically relevant time is not always automatic.","requirements":"Need to know where in the patient history to file/present this report.","alias":["Observation time","Effective Time","Occurrence"],"min":0,"max":"1","base":{"path":"DiagnosticReport.effective[x]","min":0,"max":"1"},"type":[{"code":"dateTime"},{"code":"Period"}],"condition":["ele-1"],"constraint":[{"key":"ele-1","severity":"error","human":"All FHIR elements must have a @value or children","expression":"hasValue() or (children().count() > id.count())","xpath":"@value|f:*|h:div","source":"http://hl7.org/fhir/StructureDefinition/Element"}],"isModifier":false,"isSummary":true,"mapping":[{"identity":"rim","map":"n/a"},{"identity":"workflow","map":"Event.occurrence[x]"},{"identity":"w5","map":"FiveWs.done[x]"},{"identity":"v2","map":"OBR-7"},{"identity":"rim","map":"effectiveTime"}]},{"id":"DiagnosticReport.effective[x]:effectiveDateTime","extension":[{"url":"http://hl7.org/fhir/StructureDefinition/structuredefinition-standards-status","valueCode":"normative"},{"url":"http://hl7.org/fhir/StructureDefinition/structuredefinition-normative-version","valueCode":"4.0.0"}],"path":"DiagnosticReport.effective[x]","sliceName":"effectiveDateTime","short":"TextResultDateTime","definition":"Date and if possible time of the result report.","comment":"If the diagnostic procedure was performed on the patient, this is the time it was performed. If there are specimens, the diagnostically relevant time can be derived from the specimen collection times, but the specimen information is not always available, and the exact relationship between the specimens and the diagnostically relevant time is not always automatic.","requirements":"Need to know where in the patient history to file/present this report.","alias":["Observation time","Effective Time","Occurrence","TekstUitslagDatumTijd"],"min":0,"max":"1","base":{"path":"DiagnosticReport.effective[x]","min":0,"max":"1"},"type":[{"code":"dateTime"}],"condition":["ele-1"],"constraint":[{"key":"ele-1","severity":"error","human":"All FHIR elements must have a @value or children","expression":"hasValue() or (children().count() > id.count())","xpath":"@value|f:*|h:div","source":"http://hl7.org/fhir/StructureDefinition/Element"}],"isModifier":false,"isSummary":true,"mapping":[{"identity":"rim","map":"n/a"},{"identity":"workflow","map":"Event.occurrence[x]"},{"identity":"w5","map":"FiveWs.done[x]"},{"identity":"v2","map":"OBR-7"},{"identity":"rim","map":"effectiveTime"},{"identity":"zib-textresult-v4.4-2020EN","map":"NL-CM:13.2.3","comment":"TextResultDateTime"}]},{"id":"DiagnosticReport.issued","path":"DiagnosticReport.issued","short":"DateTime this version was made","definition":"The date and time that this version of the report was made available to providers, typically after the report was reviewed and verified.","comment":"May be different from the update time of the resource itself, because that is the status of the record (potentially a secondary copy), not the actual release time of the report.","requirements":"Clinicians need to be able to check the date that the report was released.","alias":["Date published","Date Issued","Date Verified"],"min":0,"max":"1","base":{"path":"DiagnosticReport.issued","min":0,"max":"1"},"type":[{"code":"instant"}],"constraint":[{"key":"ele-1","severity":"error","human":"All FHIR elements must have a @value or children","expression":"hasValue() or (children().count() > id.count())","xpath":"@value|f:*|h:div","source":"http://hl7.org/fhir/StructureDefinition/Element"}],"isModifier":false,"isSummary":true,"mapping":[{"identity":"w5","map":"FiveWs.recorded"},{"identity":"v2","map":"OBR-22"},{"identity":"rim","map":"participation[typeCode=VRF or AUT].time"}]},{"id":"DiagnosticReport.performer","extension":[{"url":"http://hl7.org/fhir/StructureDefinition/structuredefinition-standards-status","valueCode":"normative"},{"url":"http://hl7.org/fhir/StructureDefinition/structuredefinition-normative-version","valueCode":"4.0.0"}],"path":"DiagnosticReport.performer","short":"Responsible Diagnostic Service","definition":"The diagnostic service that is responsible for issuing the report.","comment":"This is not necessarily the source of the atomic data items or the entity that interpreted the results. It is the entity that takes responsibility for the clinical report.","requirements":"Need to know whom to contact if there are queries about the results. Also may need to track the source of reports for secondary data analysis.","alias":["Laboratory","Service","Practitioner","Department","Company","Authorized by","Director"],"min":0,"max":"*","base":{"path":"DiagnosticReport.performer","min":0,"max":"*"},"type":[{"code":"Reference","targetProfile":["http://hl7.org/fhir/StructureDefinition/Practitioner","http://hl7.org/fhir/StructureDefinition/PractitionerRole","http://hl7.org/fhir/StructureDefinition/Organization","http://hl7.org/fhir/StructureDefinition/CareTeam"]}],"condition":["ele-1"],"constraint":[{"key":"ele-1","severity":"error","human":"All FHIR elements must have a @value or children","expression":"hasValue() or (children().count() > id.count())","xpath":"@value|f:*|h:div","source":"http://hl7.org/fhir/StructureDefinition/Element"},{"key":"ref-1","severity":"error","human":"SHALL have a contained resource if a local reference is provided","expression":"reference.startsWith('#').not() or (reference.substring(1).trace('url') in %rootResource.contained.id.trace('ids'))","xpath":"not(starts-with(f:reference/@value, '#')) or exists(ancestor::*[self::f:entry or self::f:parameter]/f:resource/f:*/f:contained/f:*[f:id/@value=substring-after(current()/f:reference/@value, '#')]|/*/f:contained/f:*[f:id/@value=substring-after(current()/f:reference/@value, '#')])","source":"http://hl7.org/fhir/StructureDefinition/Reference"}],"isModifier":false,"isSummary":true,"mapping":[{"identity":"rim","map":"n/a"},{"identity":"rim","map":"The target of a resource reference is a RIM entry point (Act, Role, or Entity)"},{"identity":"workflow","map":"Event.performer.actor"},{"identity":"w5","map":"FiveWs.actor"},{"identity":"v2","map":"PRT-8 (where this PRT-4-Participation = \"PO\")"},{"identity":"rim","map":".participation[typeCode=PRF]"}]},{"id":"DiagnosticReport.resultsInterpreter","extension":[{"url":"http://hl7.org/fhir/StructureDefinition/structuredefinition-standards-status","valueCode":"normative"},{"url":"http://hl7.org/fhir/StructureDefinition/structuredefinition-normative-version","valueCode":"4.0.0"}],"path":"DiagnosticReport.resultsInterpreter","short":"Primary result interpreter","definition":"The practitioner or organization that is responsible for the report's conclusions and interpretations.","comment":"Might not be the same entity that takes responsibility for the clinical report.","requirements":"Need to know whom to contact if there are queries about the results. Also may need to track the source of reports for secondary data analysis.","alias":["Analyzed by","Reported by"],"min":0,"max":"*","base":{"path":"DiagnosticReport.resultsInterpreter","min":0,"max":"*"},"type":[{"code":"Reference","targetProfile":["http://hl7.org/fhir/StructureDefinition/Practitioner","http://hl7.org/fhir/StructureDefinition/PractitionerRole","http://hl7.org/fhir/StructureDefinition/Organization","http://hl7.org/fhir/StructureDefinition/CareTeam"]}],"condition":["ele-1"],"constraint":[{"key":"ele-1","severity":"error","human":"All FHIR elements must have a @value or children","expression":"hasValue() or (children().count() > id.count())","xpath":"@value|f:*|h:div","source":"http://hl7.org/fhir/StructureDefinition/Element"},{"key":"ref-1","severity":"error","human":"SHALL have a contained resource if a local reference is provided","expression":"reference.startsWith('#').not() or (reference.substring(1).trace('url') in %rootResource.contained.id.trace('ids'))","xpath":"not(starts-with(f:reference/@value, '#')) or exists(ancestor::*[self::f:entry or self::f:parameter]/f:resource/f:*/f:contained/f:*[f:id/@value=substring-after(current()/f:reference/@value, '#')]|/*/f:contained/f:*[f:id/@value=substring-after(current()/f:reference/@value, '#')])","source":"http://hl7.org/fhir/StructureDefinition/Reference"}],"isModifier":false,"isSummary":true,"mapping":[{"identity":"rim","map":"n/a"},{"identity":"rim","map":"The target of a resource reference is a RIM entry point (Act, Role, or Entity)"},{"identity":"workflow","map":"Event.performer.actor"},{"identity":"w5","map":"FiveWs.actor"},{"identity":"v2","map":"OBR-32, PRT-8 (where this PRT-4-Participation = \"PI\")"},{"identity":"rim","map":".participation[typeCode=PRF]"}]},{"id":"DiagnosticReport.specimen","extension":[{"url":"http://hl7.org/fhir/StructureDefinition/structuredefinition-standards-status","valueCode":"normative"},{"url":"http://hl7.org/fhir/StructureDefinition/structuredefinition-normative-version","valueCode":"4.0.0"}],"path":"DiagnosticReport.specimen","short":"Specimens this report is based on","definition":"Details about the specimens on which this diagnostic report is based.","comment":"If the specimen is sufficiently specified with a code in the test result name, then this additional data may be redundant. If there are multiple specimens, these may be represented per observation or group.","requirements":"Need to be able to report information about the collected specimens on which the report is based.","min":0,"max":"*","base":{"path":"DiagnosticReport.specimen","min":0,"max":"*"},"type":[{"code":"Reference","targetProfile":["http://hl7.org/fhir/StructureDefinition/Specimen"]}],"condition":["ele-1"],"constraint":[{"key":"ele-1","severity":"error","human":"All FHIR elements must have a @value or children","expression":"hasValue() or (children().count() > id.count())","xpath":"@value|f:*|h:div","source":"http://hl7.org/fhir/StructureDefinition/Element"},{"key":"ref-1","severity":"error","human":"SHALL have a contained resource if a local reference is provided","expression":"reference.startsWith('#').not() or (reference.substring(1).trace('url') in %rootResource.contained.id.trace('ids'))","xpath":"not(starts-with(f:reference/@value, '#')) or exists(ancestor::*[self::f:entry or self::f:parameter]/f:resource/f:*/f:contained/f:*[f:id/@value=substring-after(current()/f:reference/@value, '#')]|/*/f:contained/f:*[f:id/@value=substring-after(current()/f:reference/@value, '#')])","source":"http://hl7.org/fhir/StructureDefinition/Reference"}],"isModifier":false,"mapping":[{"identity":"rim","map":"n/a"},{"identity":"rim","map":"The target of a resource reference is a RIM entry point (Act, Role, or Entity)"},{"identity":"v2","map":"SPM"},{"identity":"rim","map":"participation[typeCode=SBJ]"}]},{"id":"DiagnosticReport.result","extension":[{"url":"http://hl7.org/fhir/StructureDefinition/structuredefinition-standards-status","valueCode":"normative"},{"url":"http://hl7.org/fhir/StructureDefinition/structuredefinition-normative-version","valueCode":"4.0.0"}],"path":"DiagnosticReport.result","short":"Observations","definition":"[Observations](observation.html)  that are part of this diagnostic report.","comment":"Observations can contain observations.","requirements":"Need to support individual results, or  groups of results, where the result grouping is arbitrary, but meaningful.","alias":["Data","Atomic Value","Result","Atomic result","Data","Test","Analyte","Battery","Organizer"],"min":0,"max":"*","base":{"path":"DiagnosticReport.result","min":0,"max":"*"},"type":[{"code":"Reference","targetProfile":["http://hl7.org/fhir/StructureDefinition/Observation"]}],"condition":["ele-1"],"constraint":[{"key":"ele-1","severity":"error","human":"All FHIR elements must have a @value or children","expression":"hasValue() or (children().count() > id.count())","xpath":"@value|f:*|h:div","source":"http://hl7.org/fhir/StructureDefinition/Element"},{"key":"ref-1","severity":"error","human":"SHALL have a contained resource if a local reference is provided","expression":"reference.startsWith('#').not() or (reference.substring(1).trace('url') in %rootResource.contained.id.trace('ids'))","xpath":"not(starts-with(f:reference/@value, '#')) or exists(ancestor::*[self::f:entry or self::f:parameter]/f:resource/f:*/f:contained/f:*[f:id/@value=substring-after(current()/f:reference/@value, '#')]|/*/f:contained/f:*[f:id/@value=substring-after(current()/f:reference/@value, '#')])","source":"http://hl7.org/fhir/StructureDefinition/Reference"}],"isModifier":false,"mapping":[{"identity":"rim","map":"n/a"},{"identity":"rim","map":"The target of a resource reference is a RIM entry point (Act, Role, or Entity)"},{"identity":"v2","map":"OBXs"},{"identity":"rim","map":"outboundRelationship[typeCode=COMP].target"}]},{"id":"DiagnosticReport.imagingStudy","extension":[{"url":"http://hl7.org/fhir/StructureDefinition/structuredefinition-standards-status","valueCode":"normative"},{"url":"http://hl7.org/fhir/StructureDefinition/structuredefinition-normative-version","valueCode":"4.0.0"}],"path":"DiagnosticReport.imagingStudy","short":"Reference to full details of imaging associated with the diagnostic report","definition":"One or more links to full details of any imaging performed during the diagnostic investigation. Typically, this is imaging performed by DICOM enabled modalities, but this is not required. A fully enabled PACS viewer can use this information to provide views of the source images.","comment":"ImagingStudy and the image element are somewhat overlapping - typically, the list of image references in the image element will also be found in one of the imaging study resources. However, each caters to different types of displays for different types of purposes. Neither, either, or both may be provided.","min":0,"max":"*","base":{"path":"DiagnosticReport.imagingStudy","min":0,"max":"*"},"type":[{"code":"Reference","targetProfile":["http://hl7.org/fhir/StructureDefinition/ImagingStudy"]}],"condition":["ele-1"],"constraint":[{"key":"ele-1","severity":"error","human":"All FHIR elements must have a @value or children","expression":"hasValue() or (children().count() > id.count())","xpath":"@value|f:*|h:div","source":"http://hl7.org/fhir/StructureDefinition/Element"},{"key":"ref-1","severity":"error","human":"SHALL have a contained resource if a local reference is provided","expression":"reference.startsWith('#').not() or (reference.substring(1).trace('url') in %rootResource.contained.id.trace('ids'))","xpath":"not(starts-with(f:reference/@value, '#')) or exists(ancestor::*[self::f:entry or self::f:parameter]/f:resource/f:*/f:contained/f:*[f:id/@value=substring-after(current()/f:reference/@value, '#')]|/*/f:contained/f:*[f:id/@value=substring-after(current()/f:reference/@value, '#')])","source":"http://hl7.org/fhir/StructureDefinition/Reference"}],"isModifier":false,"mapping":[{"identity":"rim","map":"n/a"},{"identity":"rim","map":"The target of a resource reference is a RIM entry point (Act, Role, or Entity)"},{"identity":"rim","map":"outboundRelationship[typeCode=COMP].target[classsCode=DGIMG, moodCode=EVN]"}]},{"id":"DiagnosticReport.media","extension":[{"url":"http://hl7.org/fhir/StructureDefinition/structuredefinition-standards-status","valueCode":"normative"},{"url":"http://hl7.org/fhir/StructureDefinition/structuredefinition-normative-version","valueCode":"4.0.0"}],"path":"DiagnosticReport.media","short":"Key images associated with this report","definition":"A list of key images associated with this report. The images are generally created during the diagnostic process, and may be directly of the patient, or of treated specimens (i.e. slides of interest).","requirements":"Many diagnostic services include images in the report as part of their service.","alias":["DICOM","Slides","Scans"],"min":0,"max":"*","base":{"path":"DiagnosticReport.media","min":0,"max":"*"},"type":[{"code":"BackboneElement"}],"condition":["ele-1"],"constraint":[{"key":"ele-1","severity":"error","human":"All FHIR elements must have a @value or children","expression":"hasValue() or (children().count() > id.count())","xpath":"@value|f:*|h:div","source":"http://hl7.org/fhir/StructureDefinition/Element"}],"isModifier":false,"isSummary":true,"mapping":[{"identity":"rim","map":"n/a"},{"identity":"v2","map":"OBX?"},{"identity":"rim","map":"outboundRelationship[typeCode=COMP].target"}]},{"id":"DiagnosticReport.media.id","path":"DiagnosticReport.media.id","representation":["xmlAttr"],"short":"Unique id for inter-element referencing","definition":"Unique id for the element within a resource (for internal references). This may be any string value that does not contain spaces.","min":0,"max":"1","base":{"path":"Element.id","min":0,"max":"1"},"type":[{"extension":[{"url":"http://hl7.org/fhir/StructureDefinition/structuredefinition-fhir-type","valueUrl":"string"}],"code":"http://hl7.org/fhirpath/System.String"}],"isModifier":false,"isSummary":false,"mapping":[{"identity":"rim","map":"n/a"}]},{"id":"DiagnosticReport.media.extension","path":"DiagnosticReport.media.extension","slicing":{"discriminator":[{"type":"value","path":"url"}],"description":"Extensions are always sliced by (at least) url","rules":"open"},"short":"Additional content defined by implementations","definition":"May be used to represent additional information that is not part of the basic definition of the element. To make the use of extensions safe and manageable, there is a strict set of governance  applied to the definition and use of extensions. Though any implementer can define an extension, there is a set of requirements that SHALL be met as part of the definition of the extension.","comment":"There can be no stigma associated with the use of extensions by any application, project, or standard - regardless of the institution or jurisdiction that uses or defines the extensions.  The use of extensions is what allows the FHIR specification to retain a core level of simplicity for everyone.","alias":["extensions","user content"],"min":0,"max":"*","base":{"path":"Element.extension","min":0,"max":"*"},"type":[{"code":"Extension"}],"constraint":[{"key":"ele-1","severity":"error","human":"All FHIR elements must have a @value or children","expression":"hasValue() or (children().count() > id.count())","xpath":"@value|f:*|h:div","source":"http://hl7.org/fhir/StructureDefinition/Element"},{"key":"ext-1","severity":"error","human":"Must have either extensions or value[x], not both","expression":"extension.exists() != value.exists()","xpath":"exists(f:extension)!=exists(f:*[starts-with(local-name(.), \"value\")])","source":"http://hl7.org/fhir/StructureDefinition/Extension"}],"isModifier":false,"isSummary":false,"mapping":[{"identity":"rim","map":"n/a"}]},{"id":"DiagnosticReport.media.modifierExtension","path":"DiagnosticReport.media.modifierExtension","short":"Extensions that cannot be ignored even if unrecognized","definition":"May be used to represent additional information that is not part of the basic definition of the element and that modifies the understanding of the element in which it is contained and/or the understanding of the containing element's descendants. Usually modifier elements provide negation or qualification. To make the use of extensions safe and manageable, there is a strict set of governance applied to the definition and use of extensions. Though any implementer can define an extension, there is a set of requirements that SHALL be met as part of the definition of the extension. Applications processing a resource are required to check for modifier extensions.\n\nModifier extensions SHALL NOT change the meaning of any elements on Resource or DomainResource (including cannot change the meaning of modifierExtension itself).","comment":"There can be no stigma associated with the use of extensions by any application, project, or standard - regardless of the institution or jurisdiction that uses or defines the extensions.  The use of extensions is what allows the FHIR specification to retain a core level of simplicity for everyone.","requirements":"Modifier extensions allow for extensions that *cannot* be safely ignored to be clearly distinguished from the vast majority of extensions which can be safely ignored.  This promotes interoperability by eliminating the need for implementers to prohibit the presence of extensions. For further information, see the [definition of modifier extensions](extensibility.html#modifierExtension).","alias":["extensions","user content","modifiers"],"min":0,"max":"*","base":{"path":"BackboneElement.modifierExtension","min":0,"max":"*"},"type":[{"code":"Extension"}],"constraint":[{"key":"ele-1","severity":"error","human":"All FHIR elements must have a @value or children","expression":"hasValue() or (children().count() > id.count())","xpath":"@value|f:*|h:div","source":"http://hl7.org/fhir/StructureDefinition/Element"},{"key":"ext-1","severity":"error","human":"Must have either extensions or value[x], not both","expression":"extension.exists() != value.exists()","xpath":"exists(f:extension)!=exists(f:*[starts-with(local-name(.), \"value\")])","source":"http://hl7.org/fhir/StructureDefinition/Extension"}],"isModifier":true,"isModifierReason":"Modifier extensions are expected to modify the meaning or interpretation of the element that contains them","isSummary":true,"mapping":[{"identity":"rim","map":"N/A"}]},{"id":"DiagnosticReport.media.comment","path":"DiagnosticReport.media.comment","short":"Comment about the image (e.g. explanation)","definition":"A comment about the image. Typically, this is used to provide an explanation for why the image is included, or to draw the viewer's attention to important features.","comment":"The comment should be displayed with the image. It would be common for the report to include additional discussion of the image contents in other sections such as the conclusion.","requirements":"The provider of the report should make a comment about each image included in the report.","min":0,"max":"1","base":{"path":"DiagnosticReport.media.comment","min":0,"max":"1"},"type":[{"code":"string"}],"constraint":[{"key":"ele-1","severity":"error","human":"All FHIR elements must have a @value or children","expression":"hasValue() or (children().count() > id.count())","xpath":"@value|f:*|h:div","source":"http://hl7.org/fhir/StructureDefinition/Element"}],"isModifier":false,"isSummary":false,"mapping":[{"identity":"rim","map":".inboundRelationship[typeCode=COMP].source[classCode=OBS, moodCode=EVN, code=\"annotation\"].value"}]},{"id":"DiagnosticReport.media.link","extension":[{"url":"http://hl7.org/fhir/StructureDefinition/structuredefinition-standards-status","valueCode":"normative"},{"url":"http://hl7.org/fhir/StructureDefinition/structuredefinition-normative-version","valueCode":"4.0.0"}],"path":"DiagnosticReport.media.link","short":"Reference to the image source","definition":"Reference to the image source.","comment":"References SHALL be a reference to an actual FHIR resource, and SHALL be resolveable (allowing for access control, temporary unavailability, etc.). Resolution can be either by retrieval from the URL, or, where applicable by resource type, by treating an absolute reference as a canonical URL and looking it up in a local registry/repository.","min":1,"max":"1","base":{"path":"DiagnosticReport.media.link","min":1,"max":"1"},"type":[{"code":"Reference","targetProfile":["http://hl7.org/fhir/StructureDefinition/Media","http://nictiz.nl/fhir/StructureDefinition/nl-core-TextResult.VisualResult"]}],"condition":["ele-1"],"constraint":[{"key":"ele-1","severity":"error","human":"All FHIR elements must have a @value or children","expression":"hasValue() or (children().count() > id.count())","xpath":"@value|f:*|h:div","source":"http://hl7.org/fhir/StructureDefinition/Element"},{"key":"ref-1","severity":"error","human":"SHALL have a contained resource if a local reference is provided","expression":"reference.startsWith('#').not() or (reference.substring(1).trace('url') in %rootResource.contained.id.trace('ids'))","xpath":"not(starts-with(f:reference/@value, '#')) or exists(ancestor::*[self::f:entry or self::f:parameter]/f:resource/f:*/f:contained/f:*[f:id/@value=substring-after(current()/f:reference/@value, '#')]|/*/f:contained/f:*[f:id/@value=substring-after(current()/f:reference/@value, '#')])","source":"http://hl7.org/fhir/StructureDefinition/Reference"}],"isModifier":false,"isSummary":true,"mapping":[{"identity":"rim","map":"n/a"},{"identity":"rim","map":"The target of a resource reference is a RIM entry point (Act, Role, or Entity)"},{"identity":"rim","map":".value.reference"}]},{"id":"DiagnosticReport.conclusion","path":"DiagnosticReport.conclusion","short":"TextResultReport","definition":"The text report detailing the actual results of the test or procedure.","comment":"Note that FHIR strings SHALL NOT exceed 1MB in size","requirements":"Need to be able to provide a conclusion that is not lost among the basic result data.","alias":["Report","TekstResultaat"],"min":0,"max":"1","base":{"path":"DiagnosticReport.conclusion","min":0,"max":"1"},"type":[{"code":"string"}],"constraint":[{"key":"ele-1","severity":"error","human":"All FHIR elements must have a @value or children","expression":"hasValue() or (children().count() > id.count())","xpath":"@value|f:*|h:div","source":"http://hl7.org/fhir/StructureDefinition/Element"}],"isModifier":false,"isSummary":false,"mapping":[{"identity":"v2","map":"OBX"},{"identity":"rim","map":"inboundRelationship[typeCode=\"SPRT\"].source[classCode=OBS, moodCode=EVN, code=LOINC:48767-8].value (type=ST)"},{"identity":"zib-textresult-v4.4-2020EN","map":"NL-CM:13.2.2","comment":"TextResultReport"}]},{"id":"DiagnosticReport.conclusionCode","extension":[{"url":"http://hl7.org/fhir/StructureDefinition/structuredefinition-standards-status","valueCode":"normative"},{"url":"http://hl7.org/fhir/StructureDefinition/structuredefinition-normative-version","valueCode":"4.0.0"}],"path":"DiagnosticReport.conclusionCode","short":"Codes for the clinical conclusion of test results","definition":"One or more codes that represent the summary conclusion (interpretation/impression) of the diagnostic report.","comment":"Not all terminology uses fit this general pattern. In some cases, models should not use CodeableConcept and use Coding directly and provide their own structure for managing text, codings, translations and the relationship between elements and pre- and post-coordination.","min":0,"max":"*","base":{"path":"DiagnosticReport.conclusionCode","min":0,"max":"*"},"type":[{"code":"CodeableConcept"}],"condition":["ele-1"],"constraint":[{"key":"ele-1","severity":"error","human":"All FHIR elements must have a @value or children","expression":"hasValue() or (children().count() > id.count())","xpath":"@value|f:*|h:div","source":"http://hl7.org/fhir/StructureDefinition/Element"}],"isModifier":false,"binding":{"extension":[{"url":"http://hl7.org/fhir/StructureDefinition/elementdefinition-bindingName","valueString":"AdjunctDiagnosis"}],"strength":"example","description":"Diagnosis codes provided as adjuncts to the report.","valueSet":"http://hl7.org/fhir/ValueSet/clinical-findings"},"mapping":[{"identity":"rim","map":"n/a"},{"identity":"v2","map":"CE/CNE/CWE"},{"identity":"rim","map":"CD"},{"identity":"orim","map":"fhir:CodeableConcept rdfs:subClassOf dt:CD"},{"identity":"v2","map":"OBX"},{"identity":"rim","map":"inboundRelationship[typeCode=SPRT].source[classCode=OBS, moodCode=EVN, code=LOINC:54531-9].value (type=CD)"}]},{"id":"DiagnosticReport.presentedForm","extension":[{"url":"http://hl7.org/fhir/StructureDefinition/structuredefinition-standards-status","valueCode":"normative"},{"url":"http://hl7.org/fhir/StructureDefinition/structuredefinition-normative-version","valueCode":"4.0.0"}],"path":"DiagnosticReport.presentedForm","short":"Entire report as issued","definition":"Rich text representation of the entire result as issued by the diagnostic service. Multiple formats are allowed but they SHALL be semantically equivalent.","comment":"\"application/pdf\" is recommended as the most reliable and interoperable in this context.","requirements":"Gives laboratory the ability to provide its own fully formatted report for clinical fidelity.","min":0,"max":"*","base":{"path":"DiagnosticReport.presentedForm","min":0,"max":"*"},"type":[{"code":"Attachment"}],"condition":["ele-1"],"constraint":[{"key":"att-1","severity":"error","human":"If the Attachment has data, it SHALL have a contentType","expression":"data.empty() or contentType.exists()","xpath":"not(exists(f:data)) or exists(f:contentType)","source":"http://hl7.org/fhir/StructureDefinition/Attachment"},{"key":"ele-1","severity":"error","human":"All FHIR elements must have a @value or children","expression":"hasValue() or (children().count() > id.count())","xpath":"@value|f:*|h:div","source":"http://hl7.org/fhir/StructureDefinition/Element"}],"isModifier":false,"mapping":[{"identity":"rim","map":"n/a"},{"identity":"v2","map":"ED/RP"},{"identity":"rim","map":"ED"},{"identity":"v2","map":"OBX"},{"identity":"rim","map":"text (type=ED)"}]}]},"differential":{"element":[{"id":"DiagnosticReport","path":"DiagnosticReport","comment":"Zib TextResult is mapped to this DiagnosticReport profile and a profile on Media (<http://nictiz.nl/fhir/StructureDefinition/nl-core-TextResult.VisualResult>). This DiagnosticReport profile acts as the focal resource of zib TextResult. This profile references the Media resouce through `.media.link` that holds the VisualResult information.\r\n\r\nPlease note that on a functional level, zib TextResult references zib Procedure, but in FHIR this direction is reversed. Therefore, the concept Procedure (NL-CM:13.2.5) is mapped on `Procedure.report` in profile [nl-core-Procedure-event](http://nictiz.nl/fhir/StructureDefinition/nl-core-Procedure-event) instead of in this profile.","alias":["nl-core-TextResult"]},{"id":"DiagnosticReport.subject","path":"DiagnosticReport.subject","type":[{"code":"Reference","targetProfile":["http://hl7.org/fhir/StructureDefinition/Patient","http://hl7.org/fhir/StructureDefinition/Group","http://hl7.org/fhir/StructureDefinition/Device","http://hl7.org/fhir/StructureDefinition/Location","http://nictiz.nl/fhir/StructureDefinition/nl-core-Patient"]}]},{"id":"DiagnosticReport.media.link","path":"DiagnosticReport.media.link","type":[{"code":"Reference","targetProfile":["http://hl7.org/fhir/StructureDefinition/Media","http://nictiz.nl/fhir/StructureDefinition/nl-core-TextResult.VisualResult"]}]}]}}