{"resourceType":"StructureDefinition","id":"nl-core-Wound.Drain","text":{"status":"empty","div":"<div xmlns=\"http://www.w3.org/1999/xhtml\">No narrative is provided for definitional resources. A human-readable rendering can be found in the implementation guide(s) where this resource is used.</div>"},"url":"http://nictiz.nl/fhir/StructureDefinition/nl-core-Wound.Drain","name":"NlcoreWoundDrain","title":"nl core Wound.Drain","status":"draft","publisher":"Nictiz","contact":[{"name":"Nictiz","telecom":[{"system":"url","value":"https://www.nictiz.nl","use":"work"}]}],"description":"A drain is a medical aid placed to drain blood and exudate from the wound area.","purpose":"A derived profile from [zib-Wound.Drain](http://nictiz.nl/fhir/StructureDefinition/zib-Wound.Drain) to provide a version better suited for implementation purposes. This profile augments the base profile with elements found in the various use cases that have adopted the zib.","copyright":"Copyright and related rights waived via CC0, https://creativecommons.org/publicdomain/zero/1.0/. This does not apply to information from third parties, for example a medical terminology system. The implementer alone is responsible for identifying and obtaining any necessary licenses or authorizations to utilize third party IP in connection with the specification or otherwise.","fhirVersion":"4.0.1","mapping":[{"identity":"zib-wound-v3.3-2020EN","uri":"https://zibs.nl/wiki/Wound-v3.3(2020EN)","name":"zib Wound-v3.3(2020EN)"}],"kind":"resource","abstract":false,"type":"DeviceUseStatement","baseDefinition":"http://nictiz.nl/fhir/StructureDefinition/zib-Wound.Drain","derivation":"constraint","snapshot":{"element":[{"id":"DeviceUseStatement","path":"DeviceUseStatement","short":"MedicalDevice","definition":"https://zibs.nl/wiki/Wound-v3.3(2020EN).","comment":"This is a specialization of the profile for zib MedicalDevice to represent Drain devices within the context of zib Wound.\r\n\r\nNote: because of the way derivation works in FHIR, this profile is not based on the [nl-core-MedicalDevice](http://nictiz.nl/fhir/StructureDefinition/nl-core-MedicalDevice) profile but derived from a specialization in the zib layer.","alias":["MedischHulpmiddel","nl-core-Wound.Drain"],"min":0,"max":"*","base":{"path":"DeviceUseStatement","min":0,"max":"*"},"constraint":[{"key":"dom-2","severity":"error","human":"If the resource is contained in another resource, it SHALL NOT contain nested Resources","expression":"contained.contained.empty()","xpath":"not(parent::f:contained and f:contained)"},{"key":"dom-3","severity":"error","human":"If the resource is contained in another resource, it SHALL be referred to from elsewhere in the resource or SHALL refer to the containing resource","expression":"contained.where((('#'+id in (%resource.descendants().reference | %resource.descendants().as(canonical) | %resource.descendants().as(uri) | %resource.descendants().as(url))) or descendants().where(reference = '#').exists() or descendants().where(as(canonical) = '#').exists() or descendants().where(as(canonical) = '#').exists()).not()).trace('unmatched', id).empty()","xpath":"not(exists(for $id in f:contained/*/f:id/@value return $contained[not(parent::*/descendant::f:reference/@value=concat('#', $contained/*/id/@value) or descendant::f:reference[@value='#'])]))"},{"key":"dom-4","severity":"error","human":"If a resource is contained in another resource, it SHALL NOT have a meta.versionId or a meta.lastUpdated","expression":"contained.meta.versionId.empty() and contained.meta.lastUpdated.empty()","xpath":"not(exists(f:contained/*/f:meta/f:versionId)) and not(exists(f:contained/*/f:meta/f:lastUpdated))"},{"key":"dom-5","severity":"error","human":"If a resource is contained in another resource, it SHALL NOT have a security label","expression":"contained.meta.security.empty()","xpath":"not(exists(f:contained/*/f:meta/f:security))"},{"extension":[{"url":"http://hl7.org/fhir/StructureDefinition/elementdefinition-bestpractice","valueBoolean":true},{"url":"http://hl7.org/fhir/StructureDefinition/elementdefinition-bestpractice-explanation","valueMarkdown":"When a resource has no narrative, only systems that fully understand the data can display the resource to a human safely. Including a human readable representation in the resource makes for a much more robust eco-system and cheaper handling of resources by intermediary systems. Some ecosystems restrict distribution of resources to only those systems that do fully understand the resources, and as a consequence implementers may believe that the narrative is superfluous. However experience shows that such eco-systems often open up to new participants over time."}],"key":"dom-6","severity":"warning","human":"A resource should have narrative for robust management","expression":"text.`div`.exists()","xpath":"exists(f:text/h:div)"}],"isModifier":false,"isSummary":false,"mapping":[{"identity":"rim","map":"Entity. Role, or Act"},{"identity":"workflow","map":"Event"},{"identity":"quick","map":"DeviceUsePerformanceOccurrence"},{"identity":"zib-medicaldevice-v3.3.1-2020EN","map":"NL-CM:10.1.1","comment":"MedicalDevice"}]},{"id":"DeviceUseStatement.id","path":"DeviceUseStatement.id","short":"Logical id of this artifact","definition":"The logical id of the resource, as used in the URL for the resource. Once assigned, this value never changes.","comment":"The only time that a resource does not have an id is when it is being submitted to the server using a create operation.","min":0,"max":"1","base":{"path":"Resource.id","min":0,"max":"1"},"type":[{"extension":[{"url":"http://hl7.org/fhir/StructureDefinition/structuredefinition-fhir-type","valueUrl":"string"}],"code":"http://hl7.org/fhirpath/System.String"}],"isModifier":false,"isSummary":true},{"id":"DeviceUseStatement.meta","path":"DeviceUseStatement.meta","short":"Metadata about the resource","definition":"The metadata about the resource. This is content that is maintained by the infrastructure. Changes to the content might not always be associated with version changes to the resource.","min":0,"max":"1","base":{"path":"Resource.meta","min":0,"max":"1"},"type":[{"code":"Meta"}],"constraint":[{"key":"ele-1","severity":"error","human":"All FHIR elements must have a @value or children","expression":"hasValue() or (children().count() > id.count())","xpath":"@value|f:*|h:div","source":"http://hl7.org/fhir/StructureDefinition/Element"}],"isModifier":false,"isSummary":true},{"id":"DeviceUseStatement.implicitRules","path":"DeviceUseStatement.implicitRules","short":"A set of rules under which this content was created","definition":"A reference to a set of rules that were followed when the resource was constructed, and which must be understood when processing the content. Often, this is a reference to an implementation guide that defines the special rules along with other profiles etc.","comment":"Asserting this rule set restricts the content to be only understood by a limited set of trading partners. This inherently limits the usefulness of the data in the long term. However, the existing health eco-system is highly fractured, and not yet ready to define, collect, and exchange data in a generally computable sense. Wherever possible, implementers and/or specification writers should avoid using this element. Often, when used, the URL is a reference to an implementation guide that defines these special rules as part of it's narrative along with other profiles, value sets, etc.","min":0,"max":"1","base":{"path":"Resource.implicitRules","min":0,"max":"1"},"type":[{"code":"uri"}],"constraint":[{"key":"ele-1","severity":"error","human":"All FHIR elements must have a @value or children","expression":"hasValue() or (children().count() > id.count())","xpath":"@value|f:*|h:div","source":"http://hl7.org/fhir/StructureDefinition/Element"}],"isModifier":true,"isModifierReason":"This element is labeled as a modifier because the implicit rules may provide additional knowledge about the resource that modifies it's meaning or interpretation","isSummary":true},{"id":"DeviceUseStatement.language","path":"DeviceUseStatement.language","short":"Language of the resource content","definition":"The base language in which the resource is written.","comment":"Language is provided to support indexing and accessibility (typically, services such as text to speech use the language tag). The html language tag in the narrative applies  to the narrative. The language tag on the resource may be used to specify the language of other presentations generated from the data in the resource. Not all the content has to be in the base language. The Resource.language should not be assumed to apply to the narrative automatically. If a language is specified, it should it also be specified on the div element in the html (see rules in HTML5 for information about the relationship between xml:lang and the html lang attribute).","min":0,"max":"1","base":{"path":"Resource.language","min":0,"max":"1"},"type":[{"code":"code"}],"constraint":[{"key":"ele-1","severity":"error","human":"All FHIR elements must have a @value or children","expression":"hasValue() or (children().count() > id.count())","xpath":"@value|f:*|h:div","source":"http://hl7.org/fhir/StructureDefinition/Element"}],"isModifier":false,"isSummary":false,"binding":{"extension":[{"url":"http://hl7.org/fhir/StructureDefinition/elementdefinition-maxValueSet","valueCanonical":"http://hl7.org/fhir/ValueSet/all-languages"},{"url":"http://hl7.org/fhir/StructureDefinition/elementdefinition-bindingName","valueString":"Language"},{"url":"http://hl7.org/fhir/StructureDefinition/elementdefinition-isCommonBinding","valueBoolean":true}],"strength":"preferred","description":"A human language.","valueSet":"http://hl7.org/fhir/ValueSet/languages"}},{"id":"DeviceUseStatement.text","path":"DeviceUseStatement.text","short":"Text summary of the resource, for human interpretation","definition":"A human-readable narrative that contains a summary of the resource and can be used to represent the content of the resource to a human. The narrative need not encode all the structured data, but is required to contain sufficient detail to make it \"clinically safe\" for a human to just read the narrative. Resource definitions may define what content should be represented in the narrative to ensure clinical safety.","comment":"Contained resources do not have narrative. Resources that are not contained SHOULD have a narrative. In some cases, a resource may only have text with little or no additional discrete data (as long as all minOccurs=1 elements are satisfied).  This may be necessary for data from legacy systems where information is captured as a \"text blob\" or where text is additionally entered raw or narrated and encoded information is added later.","alias":["narrative","html","xhtml","display"],"min":0,"max":"1","base":{"path":"DomainResource.text","min":0,"max":"1"},"type":[{"code":"Narrative"}],"constraint":[{"key":"ele-1","severity":"error","human":"All FHIR elements must have a @value or children","expression":"hasValue() or (children().count() > id.count())","xpath":"@value|f:*|h:div","source":"http://hl7.org/fhir/StructureDefinition/Element"}],"isModifier":false,"isSummary":false,"mapping":[{"identity":"rim","map":"Act.text?"}]},{"id":"DeviceUseStatement.contained","path":"DeviceUseStatement.contained","short":"Contained, inline Resources","definition":"These resources do not have an independent existence apart from the resource that contains them - they cannot be identified independently, and nor can they have their own independent transaction scope.","comment":"This should never be done when the content can be identified properly, as once identification is lost, it is extremely difficult (and context dependent) to restore it again. Contained resources may have profiles and tags In their meta elements, but SHALL NOT have security labels.","alias":["inline resources","anonymous resources","contained resources"],"min":0,"max":"*","base":{"path":"DomainResource.contained","min":0,"max":"*"},"type":[{"code":"Resource"}],"isModifier":false,"isSummary":false,"mapping":[{"identity":"rim","map":"N/A"}]},{"id":"DeviceUseStatement.extension","path":"DeviceUseStatement.extension","slicing":{"discriminator":[{"type":"value","path":"url"}],"description":"Extensions are always sliced by (at least) url","rules":"open"},"short":"Additional content defined by implementations","definition":"May be used to represent additional information that is not part of the basic definition of the resource. To make the use of extensions safe and manageable, there is a strict set of governance  applied to the definition and use of extensions. Though any implementer can define an extension, there is a set of requirements that SHALL be met as part of the definition of the extension.","comment":"There can be no stigma associated with the use of extensions by any application, project, or standard - regardless of the institution or jurisdiction that uses or defines the extensions.  The use of extensions is what allows the FHIR specification to retain a core level of simplicity for everyone.","alias":["extensions","user content"],"min":0,"max":"*","base":{"path":"DomainResource.extension","min":0,"max":"*"},"type":[{"code":"Extension"}],"constraint":[{"key":"ele-1","severity":"error","human":"All FHIR elements must have a @value or children","expression":"hasValue() or (children().count() > id.count())","xpath":"@value|f:*|h:div","source":"http://hl7.org/fhir/StructureDefinition/Element"},{"key":"ext-1","severity":"error","human":"Must have either extensions or value[x], not both","expression":"extension.exists() != value.exists()","xpath":"exists(f:extension)!=exists(f:*[starts-with(local-name(.), \"value\")])","source":"http://hl7.org/fhir/StructureDefinition/Extension"}],"isModifier":false,"isSummary":false,"mapping":[{"identity":"rim","map":"N/A"}]},{"id":"DeviceUseStatement.extension:healthProfessional","extension":[{"url":"http://hl7.org/fhir/StructureDefinition/structuredefinition-standards-status","valueCode":"normative"},{"url":"http://hl7.org/fhir/StructureDefinition/structuredefinition-normative-version","valueCode":"4.0.0"}],"path":"DeviceUseStatement.extension","sliceName":"healthProfessional","short":"Optional Extensions Element","definition":"Optional Extension Element - found in all resources.","comment":"There can be no stigma associated with the use of extensions by any application, project, or standard - regardless of the institution or jurisdiction that uses or defines the extensions.  The use of extensions is what allows the FHIR specification to retain a core level of simplicity for everyone.","alias":["extensions","user content"],"min":0,"max":"1","base":{"path":"DomainResource.extension","min":0,"max":"*"},"type":[{"code":"Extension","profile":["http://nictiz.nl/fhir/StructureDefinition/ext-MedicalDevice.HealthProfessional"]}],"condition":["ele-1"],"constraint":[{"key":"ele-1","severity":"error","human":"All FHIR elements must have a @value or children","expression":"hasValue() or (children().count() > id.count())","xpath":"@value|f:*|h:div","source":"http://hl7.org/fhir/StructureDefinition/Element"},{"key":"ext-1","severity":"error","human":"Must have either extensions or value[x], not both","expression":"extension.exists() != value.exists()","xpath":"exists(f:extension)!=exists(f:*[starts-with(local-name(.), 'value')])","source":"http://hl7.org/fhir/StructureDefinition/Extension"}],"isModifier":false,"isSummary":false,"mapping":[{"identity":"rim","map":"N/A"},{"identity":"rim","map":"n/a"}]},{"id":"DeviceUseStatement.extension:healthProfessional.id","path":"DeviceUseStatement.extension.id","representation":["xmlAttr"],"short":"Unique id for inter-element referencing","definition":"Unique id for the element within a resource (for internal references). This may be any string value that does not contain spaces.","min":0,"max":"1","base":{"path":"Element.id","min":0,"max":"1"},"type":[{"extension":[{"url":"http://hl7.org/fhir/StructureDefinition/structuredefinition-fhir-type","valueUrl":"string"}],"code":"http://hl7.org/fhirpath/System.String"}],"isModifier":false,"isSummary":false,"mapping":[{"identity":"rim","map":"n/a"}]},{"id":"DeviceUseStatement.extension:healthProfessional.extension","path":"DeviceUseStatement.extension.extension","slicing":{"discriminator":[{"type":"value","path":"url"}],"description":"Extensions are always sliced by (at least) url","rules":"open"},"short":"Additional content defined by implementations","definition":"May be used to represent additional information that is not part of the basic definition of the element. To make the use of extensions safe and manageable, there is a strict set of governance  applied to the definition and use of extensions. Though any implementer can define an extension, there is a set of requirements that SHALL be met as part of the definition of the extension.","comment":"There can be no stigma associated with the use of extensions by any application, project, or standard - regardless of the institution or jurisdiction that uses or defines the extensions.  The use of extensions is what allows the FHIR specification to retain a core level of simplicity for everyone.","alias":["extensions","user content"],"min":0,"max":"*","base":{"path":"Element.extension","min":0,"max":"*"},"type":[{"code":"Extension"}],"constraint":[{"key":"ele-1","severity":"error","human":"All FHIR elements must have a @value or children","expression":"hasValue() or (children().count() > id.count())","xpath":"@value|f:*|h:div","source":"http://hl7.org/fhir/StructureDefinition/Element"},{"key":"ext-1","severity":"error","human":"Must have either extensions or value[x], not both","expression":"extension.exists() != value.exists()","xpath":"exists(f:extension)!=exists(f:*[starts-with(local-name(.), \"value\")])","source":"http://hl7.org/fhir/StructureDefinition/Extension"}],"isModifier":false,"isSummary":false,"mapping":[{"identity":"rim","map":"n/a"}]},{"id":"DeviceUseStatement.extension:healthProfessional.url","path":"DeviceUseStatement.extension.url","representation":["xmlAttr"],"short":"identifies the meaning of the extension","definition":"Source of the definition for the extension code - a logical name or a URL.","comment":"The definition may point directly to a computable or human-readable definition of the extensibility codes, or it may be a logical URI as declared in some other specification. The definition SHALL be a URI for the Structure Definition defining the extension.","min":1,"max":"1","base":{"path":"Extension.url","min":1,"max":"1"},"type":[{"extension":[{"url":"http://hl7.org/fhir/StructureDefinition/structuredefinition-fhir-type","valueUrl":"uri"}],"code":"http://hl7.org/fhirpath/System.String"}],"fixedUri":"http://nictiz.nl/fhir/StructureDefinition/ext-MedicalDevice.HealthProfessional","mapping":[{"identity":"rim","map":"N/A"}]},{"id":"DeviceUseStatement.extension:healthProfessional.value[x]","extension":[{"url":"http://hl7.org/fhir/StructureDefinition/structuredefinition-standards-status","valueCode":"normative"},{"url":"http://hl7.org/fhir/StructureDefinition/structuredefinition-normative-version","valueCode":"4.0.0"}],"path":"DeviceUseStatement.extension.value[x]","short":"A reference from one resource to another","definition":"A reference from one resource to another.","comment":"Each occurrence of the zib HealthProfessional is normally represented by _two_ FHIR resources: a PractitionerRole resource (instance of [nl-core-HealthProfessional-PractitionerRole](http://nictiz.nl/fhir/StructureDefinition/nl-core-HealthProfessional-PractitionerRole)) and a Practitioner resource (instance of [nl-core-HealthProfessional-Practitioner](http://nictiz.nl/fhir/StructureDefinition/nl-core-HealthProfessional-Practitioner)). The Practitioner resource is referenced from the PractitionerRole instance. For this reason, sending systems should fill the reference to the PractitionerRole instance here, and not the Practitioner resource. Receiving systems can then retrieve the reference to the Practitioner resource from that PractitionerRole instance.\r\n\r\nIn rare circumstances, there is only a Practitioner instance, in which case it is that instance which will be referenced here. However, since this should be the exception, the nl-core-HealthProfessional-Practitioner profile is not explicitly mentioned as a target profile.","alias":["Zorgverlener"],"min":0,"max":"1","base":{"path":"Extension.value[x]","min":0,"max":"1"},"type":[{"code":"Reference","profile":["http://nictiz.nl/fhir/StructureDefinition/pattern-NlCoreHealthProfessionalReference"],"targetProfile":["http://nictiz.nl/fhir/StructureDefinition/nl-core-HealthProfessional-PractitionerRole"]}],"condition":["ele-1"],"constraint":[{"key":"ele-1","severity":"error","human":"All FHIR elements must have a @value or children","expression":"hasValue() or (children().count() > id.count())","xpath":"@value|f:*|h:div","source":"http://hl7.org/fhir/StructureDefinition/Element"},{"key":"ref-1","severity":"error","human":"SHALL have a contained resource if a local reference is provided","expression":"reference.startsWith('#').not() or (reference.substring(1).trace('url') in %rootResource.contained.id.trace('ids'))","xpath":"not(starts-with(f:reference/@value, '#')) or exists(ancestor::*[self::f:entry or self::f:parameter]/f:resource/f:*/f:contained/f:*[f:id/@value=substring-after(current()/f:reference/@value, '#')]|/*/f:contained/f:*[f:id/@value=substring-after(current()/f:reference/@value, '#')])","source":"http://hl7.org/fhir/StructureDefinition/Reference"}],"isModifier":false,"mapping":[{"identity":"rim","map":"n/a"},{"identity":"rim","map":"N/A"},{"identity":"rim","map":"The target of a resource reference is a RIM entry point (Act, Role, or Entity)"},{"identity":"zib-medicaldevice-v3.3.1-2020EN","map":"NL-CM:10.1.9","comment":"HealthProfessional"}]},{"id":"DeviceUseStatement.extension:location","extension":[{"url":"http://hl7.org/fhir/StructureDefinition/structuredefinition-standards-status","valueCode":"normative"},{"url":"http://hl7.org/fhir/StructureDefinition/structuredefinition-normative-version","valueCode":"4.0.0"}],"path":"DeviceUseStatement.extension","sliceName":"location","short":"Optional Extensions Element","definition":"Optional Extension Element - found in all resources.","comment":"There can be no stigma associated with the use of extensions by any application, project, or standard - regardless of the institution or jurisdiction that uses or defines the extensions.  The use of extensions is what allows the FHIR specification to retain a core level of simplicity for everyone.","alias":["extensions","user content"],"min":0,"max":"1","base":{"path":"DomainResource.extension","min":0,"max":"*"},"type":[{"code":"Extension","profile":["http://nictiz.nl/fhir/StructureDefinition/ext-MedicalDevice.Location"]}],"condition":["ele-1"],"constraint":[{"key":"ele-1","severity":"error","human":"All FHIR elements must have a @value or children","expression":"hasValue() or (children().count() > id.count())","xpath":"@value|f:*|h:div","source":"http://hl7.org/fhir/StructureDefinition/Element"},{"key":"ext-1","severity":"error","human":"Must have either extensions or value[x], not both","expression":"extension.exists() != value.exists()","xpath":"exists(f:extension)!=exists(f:*[starts-with(local-name(.), 'value')])","source":"http://hl7.org/fhir/StructureDefinition/Extension"}],"isModifier":false,"isSummary":false,"mapping":[{"identity":"rim","map":"N/A"},{"identity":"rim","map":"n/a"}]},{"id":"DeviceUseStatement.extension:location.id","path":"DeviceUseStatement.extension.id","representation":["xmlAttr"],"short":"Unique id for inter-element referencing","definition":"Unique id for the element within a resource (for internal references). This may be any string value that does not contain spaces.","min":0,"max":"1","base":{"path":"Element.id","min":0,"max":"1"},"type":[{"extension":[{"url":"http://hl7.org/fhir/StructureDefinition/structuredefinition-fhir-type","valueUrl":"string"}],"code":"http://hl7.org/fhirpath/System.String"}],"isModifier":false,"isSummary":false,"mapping":[{"identity":"rim","map":"n/a"}]},{"id":"DeviceUseStatement.extension:location.extension","path":"DeviceUseStatement.extension.extension","slicing":{"discriminator":[{"type":"value","path":"url"}],"description":"Extensions are always sliced by (at least) url","rules":"open"},"short":"Additional content defined by implementations","definition":"May be used to represent additional information that is not part of the basic definition of the element. To make the use of extensions safe and manageable, there is a strict set of governance  applied to the definition and use of extensions. Though any implementer can define an extension, there is a set of requirements that SHALL be met as part of the definition of the extension.","comment":"There can be no stigma associated with the use of extensions by any application, project, or standard - regardless of the institution or jurisdiction that uses or defines the extensions.  The use of extensions is what allows the FHIR specification to retain a core level of simplicity for everyone.","alias":["extensions","user content"],"min":0,"max":"*","base":{"path":"Element.extension","min":0,"max":"*"},"type":[{"code":"Extension"}],"constraint":[{"key":"ele-1","severity":"error","human":"All FHIR elements must have a @value or children","expression":"hasValue() or (children().count() > id.count())","xpath":"@value|f:*|h:div","source":"http://hl7.org/fhir/StructureDefinition/Element"},{"key":"ext-1","severity":"error","human":"Must have either extensions or value[x], not both","expression":"extension.exists() != value.exists()","xpath":"exists(f:extension)!=exists(f:*[starts-with(local-name(.), \"value\")])","source":"http://hl7.org/fhir/StructureDefinition/Extension"}],"isModifier":false,"isSummary":false,"mapping":[{"identity":"rim","map":"n/a"}]},{"id":"DeviceUseStatement.extension:location.url","path":"DeviceUseStatement.extension.url","representation":["xmlAttr"],"short":"identifies the meaning of the extension","definition":"Source of the definition for the extension code - a logical name or a URL.","comment":"The definition may point directly to a computable or human-readable definition of the extensibility codes, or it may be a logical URI as declared in some other specification. The definition SHALL be a URI for the Structure Definition defining the extension.","min":1,"max":"1","base":{"path":"Extension.url","min":1,"max":"1"},"type":[{"extension":[{"url":"http://hl7.org/fhir/StructureDefinition/structuredefinition-fhir-type","valueUrl":"uri"}],"code":"http://hl7.org/fhirpath/System.String"}],"fixedUri":"http://nictiz.nl/fhir/StructureDefinition/ext-MedicalDevice.Location","mapping":[{"identity":"rim","map":"N/A"}]},{"id":"DeviceUseStatement.extension:location.value[x]","extension":[{"url":"http://hl7.org/fhir/StructureDefinition/structuredefinition-standards-status","valueCode":"normative"},{"url":"http://hl7.org/fhir/StructureDefinition/structuredefinition-normative-version","valueCode":"4.0.0"}],"path":"DeviceUseStatement.extension.value[x]","short":"Location","definition":"The healthcare provider at which use of the medical device was initiated or where the aid was implanted.","comment":"Please note that this zib concept (Location::HealthcareProvider) is also mapped on the `Procedure.location` element in profile [nl-core-Procedure-event](http://nictiz.nl/fhir/StructureDefinition/nl-core-Procedure-event). The reason for this is that this zib concept aligns with the Location::HealthcareProvider concept in zib Procedure (NL-CM:14.1.5), but only for the situation that the Procedure is about placing the implant which is described using this instance of zib MedicalDevice. In this situation, the current extension is redundant and it is advised to only use `Procedure.location` in profile nl-core-Procedure-event to represent the Location concept.","alias":["Locatie"],"min":0,"max":"1","base":{"path":"Extension.value[x]","min":0,"max":"1"},"type":[{"code":"Reference","targetProfile":["http://nictiz.nl/fhir/StructureDefinition/nl-core-HealthcareProvider"]}],"condition":["ele-1"],"constraint":[{"key":"ele-1","severity":"error","human":"All FHIR elements must have a @value or children","expression":"hasValue() or (children().count() > id.count())","xpath":"@value|f:*|h:div","source":"http://hl7.org/fhir/StructureDefinition/Element"}],"isModifier":false,"mapping":[{"identity":"rim","map":"n/a"},{"identity":"rim","map":"N/A"},{"identity":"zib-medicaldevice-v3.3.1-2020EN","map":"NL-CM:10.1.8","comment":"Location"}]},{"id":"DeviceUseStatement.modifierExtension","path":"DeviceUseStatement.modifierExtension","slicing":{"discriminator":[{"type":"value","path":"url"}],"description":"Extensions are always sliced by (at least) url","rules":"open"},"short":"Extensions that cannot be ignored","definition":"May be used to represent additional information that is not part of the basic definition of the resource and that modifies the understanding of the element that contains it and/or the understanding of the containing element's descendants. Usually modifier elements provide negation or qualification. To make the use of extensions safe and manageable, there is a strict set of governance applied to the definition and use of extensions. Though any implementer is allowed to define an extension, there is a set of requirements that SHALL be met as part of the definition of the extension. Applications processing a resource are required to check for modifier extensions.\n\nModifier extensions SHALL NOT change the meaning of any elements on Resource or DomainResource (including cannot change the meaning of modifierExtension itself).","comment":"There can be no stigma associated with the use of extensions by any application, project, or standard - regardless of the institution or jurisdiction that uses or defines the extensions.  The use of extensions is what allows the FHIR specification to retain a core level of simplicity for everyone.","requirements":"Modifier extensions allow for extensions that *cannot* be safely ignored to be clearly distinguished from the vast majority of extensions which can be safely ignored.  This promotes interoperability by eliminating the need for implementers to prohibit the presence of extensions. For further information, see the [definition of modifier extensions](extensibility.html#modifierExtension).","alias":["extensions","user content"],"min":0,"max":"*","base":{"path":"DomainResource.modifierExtension","min":0,"max":"*"},"type":[{"code":"Extension"}],"constraint":[{"key":"ele-1","severity":"error","human":"All FHIR elements must have a @value or children","expression":"hasValue() or (children().count() > id.count())","xpath":"@value|f:*|h:div","source":"http://hl7.org/fhir/StructureDefinition/Element"},{"key":"ext-1","severity":"error","human":"Must have either extensions or value[x], not both","expression":"extension.exists() != value.exists()","xpath":"exists(f:extension)!=exists(f:*[starts-with(local-name(.), \"value\")])","source":"http://hl7.org/fhir/StructureDefinition/Extension"}],"isModifier":true,"isModifierReason":"Modifier extensions are expected to modify the meaning or interpretation of the resource that contains them","isSummary":false,"mapping":[{"identity":"rim","map":"N/A"}]},{"id":"DeviceUseStatement.identifier","extension":[{"url":"http://hl7.org/fhir/StructureDefinition/structuredefinition-standards-status","valueCode":"normative"},{"url":"http://hl7.org/fhir/StructureDefinition/structuredefinition-normative-version","valueCode":"4.0.0"}],"path":"DeviceUseStatement.identifier","short":"External identifier for this record","definition":"An external identifier for this statement such as an IRI.","min":0,"max":"*","base":{"path":"DeviceUseStatement.identifier","min":0,"max":"*"},"type":[{"code":"Identifier"}],"condition":["ele-1"],"constraint":[{"key":"ele-1","severity":"error","human":"All FHIR elements must have a @value or children","expression":"hasValue() or (children().count() > id.count())","xpath":"@value|f:*|h:div","source":"http://hl7.org/fhir/StructureDefinition/Element"}],"isModifier":false,"isSummary":true,"mapping":[{"identity":"rim","map":"n/a"},{"identity":"v2","map":"CX / EI (occasionally, more often EI maps to a resource id or a URL)"},{"identity":"rim","map":"II - The Identifier class is a little looser than the v3 type II because it allows URIs as well as registered OIDs or GUIDs.  Also maps to Role[classCode=IDENT]"},{"identity":"servd","map":"Identifier"},{"identity":"workflow","map":"Event.identifier"},{"identity":"w5","map":"FiveWs.identifier"},{"identity":"quick","map":"ClinicalStatement.identifier"}]},{"id":"DeviceUseStatement.basedOn","extension":[{"url":"http://hl7.org/fhir/StructureDefinition/structuredefinition-standards-status","valueCode":"normative"},{"url":"http://hl7.org/fhir/StructureDefinition/structuredefinition-normative-version","valueCode":"4.0.0"}],"path":"DeviceUseStatement.basedOn","short":"Fulfills plan, proposal or order","definition":"A plan, proposal or order that is fulfilled in whole or in part by this DeviceUseStatement.","comment":"References SHALL be a reference to an actual FHIR resource, and SHALL be resolveable (allowing for access control, temporary unavailability, etc.). Resolution can be either by retrieval from the URL, or, where applicable by resource type, by treating an absolute reference as a canonical URL and looking it up in a local registry/repository.","requirements":"Allows tracing of authorization for the DeviceUseStatement and tracking whether proposals/recommendations were acted upon.","alias":["fulfills"],"min":0,"max":"*","base":{"path":"DeviceUseStatement.basedOn","min":0,"max":"*"},"type":[{"code":"Reference","targetProfile":["http://hl7.org/fhir/StructureDefinition/ServiceRequest"]}],"condition":["ele-1"],"constraint":[{"key":"ele-1","severity":"error","human":"All FHIR elements must have a @value or children","expression":"hasValue() or (children().count() > id.count())","xpath":"@value|f:*|h:div","source":"http://hl7.org/fhir/StructureDefinition/Element"},{"key":"ref-1","severity":"error","human":"SHALL have a contained resource if a local reference is provided","expression":"reference.startsWith('#').not() or (reference.substring(1).trace('url') in %rootResource.contained.id.trace('ids'))","xpath":"not(starts-with(f:reference/@value, '#')) or exists(ancestor::*[self::f:entry or self::f:parameter]/f:resource/f:*/f:contained/f:*[f:id/@value=substring-after(current()/f:reference/@value, '#')]|/*/f:contained/f:*[f:id/@value=substring-after(current()/f:reference/@value, '#')])","source":"http://hl7.org/fhir/StructureDefinition/Reference"}],"isModifier":false,"isSummary":true,"mapping":[{"identity":"rim","map":"n/a"},{"identity":"rim","map":"The target of a resource reference is a RIM entry point (Act, Role, or Entity)"},{"identity":"workflow","map":"Event.basedOn"},{"identity":"v2","map":"ORC in proximity to EVN segment"},{"identity":"rim","map":".outboundRelationship[typeCode=FLFS].target"}]},{"id":"DeviceUseStatement.status","path":"DeviceUseStatement.status","short":"active | completed | entered-in-error +","definition":"A code representing the patient or other source's judgment about the state of the device used that this statement is about.  Generally this will be active or completed.","comment":"This element is implictly mapped to the zib concepts NL-CM:10.1.11 (StartDate) and NL-CM:10.1.14 (EndDate). Unless the status is explicitly recorded, the following guidance applies:\r\n\r\n* When StartDate is in the future, `.status` will usually be set to _intended_.\r\n* When StartDate is in the past and EndDate has a value and in the future or EndDate has no value, `.status` will usually be set to _active_.\r\n* When EndDate has a value and is in the past, `.status` will usually be set to _completed_.","min":1,"max":"1","base":{"path":"DeviceUseStatement.status","min":1,"max":"1"},"type":[{"code":"code"}],"constraint":[{"key":"ele-1","severity":"error","human":"All FHIR elements must have a @value or children","expression":"hasValue() or (children().count() > id.count())","xpath":"@value|f:*|h:div","source":"http://hl7.org/fhir/StructureDefinition/Element"}],"isModifier":true,"isModifierReason":"This element is labelled as a modifier because it is a status element that contains status entered-in-error which means that the resource should not be treated as valid","isSummary":true,"binding":{"extension":[{"url":"http://hl7.org/fhir/StructureDefinition/elementdefinition-bindingName","valueString":"DeviceUseStatementStatus"}],"strength":"required","description":"A coded concept indicating the current status of the Device Usage.","valueSet":"http://hl7.org/fhir/ValueSet/device-statement-status|4.0.1"},"mapping":[{"identity":"workflow","map":"Event.status"},{"identity":"w5","map":"FiveWs.status"},{"identity":"rim","map":".statusCode"},{"identity":"quick","map":"…status"},{"identity":"zib-medicaldevice-v3.3.1-2020EN","map":"NL-CM:10.1.11","comment":"StartDate (implicit, main mapping is on DeviceUseStatement.timingPeriod.start)"},{"identity":"zib-medicaldevice-v3.3.1-2020EN","map":"NL-CM:10.1.14","comment":"EndDate (implicit, main mapping is on DeviceUseStatement.timingPeriod.end)"}]},{"id":"DeviceUseStatement.subject","extension":[{"url":"http://hl7.org/fhir/StructureDefinition/structuredefinition-standards-status","valueCode":"normative"},{"url":"http://hl7.org/fhir/StructureDefinition/structuredefinition-normative-version","valueCode":"4.0.0"}],"path":"DeviceUseStatement.subject","short":"Patient using device","definition":"The patient who used the device.","comment":"References SHALL be a reference to an actual FHIR resource, and SHALL be resolveable (allowing for access control, temporary unavailability, etc.). Resolution can be either by retrieval from the URL, or, where applicable by resource type, by treating an absolute reference as a canonical URL and looking it up in a local registry/repository.","min":1,"max":"1","base":{"path":"DeviceUseStatement.subject","min":1,"max":"1"},"type":[{"code":"Reference","targetProfile":["http://hl7.org/fhir/StructureDefinition/Patient","http://hl7.org/fhir/StructureDefinition/Group","http://nictiz.nl/fhir/StructureDefinition/nl-core-Patient"]}],"condition":["ele-1"],"constraint":[{"key":"ele-1","severity":"error","human":"All FHIR elements must have a @value or children","expression":"hasValue() or (children().count() > id.count())","xpath":"@value|f:*|h:div","source":"http://hl7.org/fhir/StructureDefinition/Element"},{"key":"ref-1","severity":"error","human":"SHALL have a contained resource if a local reference is provided","expression":"reference.startsWith('#').not() or (reference.substring(1).trace('url') in %rootResource.contained.id.trace('ids'))","xpath":"not(starts-with(f:reference/@value, '#')) or exists(ancestor::*[self::f:entry or self::f:parameter]/f:resource/f:*/f:contained/f:*[f:id/@value=substring-after(current()/f:reference/@value, '#')]|/*/f:contained/f:*[f:id/@value=substring-after(current()/f:reference/@value, '#')])","source":"http://hl7.org/fhir/StructureDefinition/Reference"}],"isModifier":false,"isSummary":true,"mapping":[{"identity":"rim","map":"n/a"},{"identity":"rim","map":"The target of a resource reference is a RIM entry point (Act, Role, or Entity)"},{"identity":"workflow","map":"Event.subject"},{"identity":"w5","map":"FiveWs.subject[x]"},{"identity":"quick","map":"ClinicalStatement.subject"},{"identity":"w5","map":"FiveWs.subject"}]},{"id":"DeviceUseStatement.derivedFrom","extension":[{"url":"http://hl7.org/fhir/StructureDefinition/structuredefinition-standards-status","valueCode":"normative"},{"url":"http://hl7.org/fhir/StructureDefinition/structuredefinition-normative-version","valueCode":"4.0.0"}],"path":"DeviceUseStatement.derivedFrom","slicing":{"discriminator":[{"type":"profile","path":"resolve()"}],"rules":"open"},"short":"Supporting information","definition":"Allows linking the DeviceUseStatement to the underlying Request, or to other information that supports or is used to derive the DeviceUseStatement.","comment":"The most common use cases for deriving a DeviceUseStatement comes from creating it from a request or from an observation or a claim. it should be noted that the amount of information that is available varies from the type resource that you derive the DeviceUseStatement from.","min":0,"max":"*","base":{"path":"DeviceUseStatement.derivedFrom","min":0,"max":"*"},"type":[{"code":"Reference","targetProfile":["http://hl7.org/fhir/StructureDefinition/ServiceRequest","http://hl7.org/fhir/StructureDefinition/Procedure","http://hl7.org/fhir/StructureDefinition/Claim","http://hl7.org/fhir/StructureDefinition/Observation","http://hl7.org/fhir/StructureDefinition/QuestionnaireResponse","http://hl7.org/fhir/StructureDefinition/DocumentReference"]}],"condition":["ele-1"],"constraint":[{"key":"ele-1","severity":"error","human":"All FHIR elements must have a @value or children","expression":"hasValue() or (children().count() > id.count())","xpath":"@value|f:*|h:div","source":"http://hl7.org/fhir/StructureDefinition/Element"},{"key":"ref-1","severity":"error","human":"SHALL have a contained resource if a local reference is provided","expression":"reference.startsWith('#').not() or (reference.substring(1).trace('url') in %rootResource.contained.id.trace('ids'))","xpath":"not(starts-with(f:reference/@value, '#')) or exists(ancestor::*[self::f:entry or self::f:parameter]/f:resource/f:*/f:contained/f:*[f:id/@value=substring-after(current()/f:reference/@value, '#')]|/*/f:contained/f:*[f:id/@value=substring-after(current()/f:reference/@value, '#')])","source":"http://hl7.org/fhir/StructureDefinition/Reference"}],"isModifier":false,"isSummary":true,"mapping":[{"identity":"rim","map":"n/a"},{"identity":"rim","map":"The target of a resource reference is a RIM entry point (Act, Role, or Entity)"}]},{"id":"DeviceUseStatement.derivedFrom:procedure-request","extension":[{"url":"http://hl7.org/fhir/StructureDefinition/structuredefinition-standards-status","valueCode":"normative"},{"url":"http://hl7.org/fhir/StructureDefinition/structuredefinition-normative-version","valueCode":"4.0.0"}],"path":"DeviceUseStatement.derivedFrom","sliceName":"procedure-request","short":"Procedure","definition":"The procedure which has the purpose of placing this product in or on the body.","comment":"* Note 1: on a functional level, zib Procedure references zib MedicalDevice, but in FHIR this direction is reversed.\r\n* Note 2: zib Procedure can represent a requested or (to be) performed procedure. This slice represents requested procedures, while slice `procedure-event` represents performed procedures.","alias":["Verrichting"],"min":0,"max":"*","base":{"path":"DeviceUseStatement.derivedFrom","min":0,"max":"*"},"type":[{"code":"Reference","targetProfile":["http://nictiz.nl/fhir/StructureDefinition/nl-core-Procedure-request"]}],"condition":["ele-1"],"constraint":[{"key":"ele-1","severity":"error","human":"All FHIR elements must have a @value or children","expression":"hasValue() or (children().count() > id.count())","xpath":"@value|f:*|h:div","source":"http://hl7.org/fhir/StructureDefinition/Element"},{"key":"ref-1","severity":"error","human":"SHALL have a contained resource if a local reference is provided","expression":"reference.startsWith('#').not() or (reference.substring(1).trace('url') in %rootResource.contained.id.trace('ids'))","xpath":"not(starts-with(f:reference/@value, '#')) or exists(ancestor::*[self::f:entry or self::f:parameter]/f:resource/f:*/f:contained/f:*[f:id/@value=substring-after(current()/f:reference/@value, '#')]|/*/f:contained/f:*[f:id/@value=substring-after(current()/f:reference/@value, '#')])","source":"http://hl7.org/fhir/StructureDefinition/Reference"}],"isModifier":false,"isSummary":true,"mapping":[{"identity":"rim","map":"n/a"},{"identity":"rim","map":"The target of a resource reference is a RIM entry point (Act, Role, or Entity)"},{"identity":"zib-procedure-v5.2-2020EN","map":"NL-CM:14.1.7","comment":"Reversed reference for zib Procedure.MedicalDevice"}]},{"id":"DeviceUseStatement.derivedFrom:procedure-event","extension":[{"url":"http://hl7.org/fhir/StructureDefinition/structuredefinition-standards-status","valueCode":"normative"},{"url":"http://hl7.org/fhir/StructureDefinition/structuredefinition-normative-version","valueCode":"4.0.0"}],"path":"DeviceUseStatement.derivedFrom","sliceName":"procedure-event","short":"Procedure","definition":"The procedure which has the purpose of placing this product in or on the body.","comment":"* Note 1: on a functional level, zib Procedure references zib MedicalDevice, but in FHIR this direction is reversed.\r\n* Note 2: zib Procedure can represent a requested or (to be) performed procedure. This slice represents performed procedures, while slice `procedure-request` represents requested procedures.","alias":["Verrichting"],"min":0,"max":"*","base":{"path":"DeviceUseStatement.derivedFrom","min":0,"max":"*"},"type":[{"code":"Reference","targetProfile":["http://nictiz.nl/fhir/StructureDefinition/nl-core-Procedure-event"]}],"condition":["ele-1"],"constraint":[{"key":"ele-1","severity":"error","human":"All FHIR elements must have a @value or children","expression":"hasValue() or (children().count() > id.count())","xpath":"@value|f:*|h:div","source":"http://hl7.org/fhir/StructureDefinition/Element"},{"key":"ref-1","severity":"error","human":"SHALL have a contained resource if a local reference is provided","expression":"reference.startsWith('#').not() or (reference.substring(1).trace('url') in %rootResource.contained.id.trace('ids'))","xpath":"not(starts-with(f:reference/@value, '#')) or exists(ancestor::*[self::f:entry or self::f:parameter]/f:resource/f:*/f:contained/f:*[f:id/@value=substring-after(current()/f:reference/@value, '#')]|/*/f:contained/f:*[f:id/@value=substring-after(current()/f:reference/@value, '#')])","source":"http://hl7.org/fhir/StructureDefinition/Reference"}],"isModifier":false,"isSummary":true,"mapping":[{"identity":"rim","map":"n/a"},{"identity":"rim","map":"The target of a resource reference is a RIM entry point (Act, Role, or Entity)"},{"identity":"zib-procedure-v5.2-2020EN","map":"NL-CM:14.1.7","comment":"Reversed reference for zib Procedure.MedicalDevice"}]},{"id":"DeviceUseStatement.timing[x]","extension":[{"url":"http://hl7.org/fhir/StructureDefinition/structuredefinition-standards-status","valueCode":"normative"},{"url":"http://hl7.org/fhir/StructureDefinition/structuredefinition-normative-version","valueCode":"4.0.0"}],"path":"DeviceUseStatement.timing[x]","slicing":{"discriminator":[{"type":"type","path":"$this"}],"rules":"open"},"short":"How often  the device was used","definition":"How often the device was used.","min":0,"max":"1","base":{"path":"DeviceUseStatement.timing[x]","min":0,"max":"1"},"type":[{"code":"Timing"},{"code":"Period"},{"code":"dateTime"}],"condition":["ele-1"],"constraint":[{"key":"ele-1","severity":"error","human":"All FHIR elements must have a @value or children","expression":"hasValue() or (children().count() > id.count())","xpath":"@value|f:*|h:div","source":"http://hl7.org/fhir/StructureDefinition/Element"}],"isModifier":false,"isSummary":true,"mapping":[{"identity":"rim","map":"n/a"},{"identity":"workflow","map":"Event.occurrence[x]"},{"identity":"w5","map":"FiveWs.done[x]"},{"identity":"quick","map":"DeviceUse.applicationSchedule"}]},{"id":"DeviceUseStatement.timing[x]:timingPeriod","extension":[{"url":"http://hl7.org/fhir/StructureDefinition/structuredefinition-standards-status","valueCode":"normative"},{"url":"http://hl7.org/fhir/StructureDefinition/structuredefinition-normative-version","valueCode":"4.0.0"}],"path":"DeviceUseStatement.timing[x]","sliceName":"timingPeriod","short":"How often  the device was used","definition":"How often the device was used.","min":0,"max":"1","base":{"path":"DeviceUseStatement.timing[x]","min":0,"max":"1"},"type":[{"code":"Period"}],"condition":["ele-1"],"constraint":[{"key":"ele-1","severity":"error","human":"All FHIR elements must have a @value or children","expression":"hasValue() or (children().count() > id.count())","xpath":"@value|f:*|h:div","source":"http://hl7.org/fhir/StructureDefinition/Element"}],"isModifier":false,"isSummary":true,"mapping":[{"identity":"rim","map":"n/a"},{"identity":"workflow","map":"Event.occurrence[x]"},{"identity":"w5","map":"FiveWs.done[x]"},{"identity":"quick","map":"DeviceUse.applicationSchedule"}]},{"id":"DeviceUseStatement.timing[x]:timingPeriod.id","path":"DeviceUseStatement.timing[x].id","representation":["xmlAttr"],"short":"Unique id for inter-element referencing","definition":"Unique id for the element within a resource (for internal references). This may be any string value that does not contain spaces.","min":0,"max":"1","base":{"path":"Element.id","min":0,"max":"1"},"type":[{"extension":[{"url":"http://hl7.org/fhir/StructureDefinition/structuredefinition-fhir-type","valueUrl":"string"}],"code":"http://hl7.org/fhirpath/System.String"}],"isModifier":false,"isSummary":false,"mapping":[{"identity":"rim","map":"n/a"}]},{"id":"DeviceUseStatement.timing[x]:timingPeriod.extension","path":"DeviceUseStatement.timing[x].extension","slicing":{"discriminator":[{"type":"value","path":"url"}],"description":"Extensions are always sliced by (at least) url","rules":"open"},"short":"Additional content defined by implementations","definition":"May be used to represent additional information that is not part of the basic definition of the element. To make the use of extensions safe and manageable, there is a strict set of governance  applied to the definition and use of extensions. Though any implementer can define an extension, there is a set of requirements that SHALL be met as part of the definition of the extension.","comment":"There can be no stigma associated with the use of extensions by any application, project, or standard - regardless of the institution or jurisdiction that uses or defines the extensions.  The use of extensions is what allows the FHIR specification to retain a core level of simplicity for everyone.","alias":["extensions","user content"],"min":0,"max":"*","base":{"path":"Element.extension","min":0,"max":"*"},"type":[{"code":"Extension"}],"constraint":[{"key":"ele-1","severity":"error","human":"All FHIR elements must have a @value or children","expression":"hasValue() or (children().count() > id.count())","xpath":"@value|f:*|h:div","source":"http://hl7.org/fhir/StructureDefinition/Element"},{"key":"ext-1","severity":"error","human":"Must have either extensions or value[x], not both","expression":"extension.exists() != value.exists()","xpath":"exists(f:extension)!=exists(f:*[starts-with(local-name(.), \"value\")])","source":"http://hl7.org/fhir/StructureDefinition/Extension"}],"isModifier":false,"isSummary":false,"mapping":[{"identity":"rim","map":"n/a"}]},{"id":"DeviceUseStatement.timing[x]:timingPeriod.start","path":"DeviceUseStatement.timing[x].start","short":"StartDate","definition":"The start date of the first use or implant of the medical device. A ‘vague’ date, such as only the year, is permitted.","comment":"If the low element is missing, the meaning is that the low boundary is not known.","alias":["BeginDatum"],"min":0,"max":"1","base":{"path":"Period.start","min":0,"max":"1"},"type":[{"code":"dateTime"}],"condition":["per-1"],"constraint":[{"key":"ele-1","severity":"error","human":"All FHIR elements must have a @value or children","expression":"hasValue() or (children().count() > id.count())","xpath":"@value|f:*|h:div","source":"http://hl7.org/fhir/StructureDefinition/Element"}],"isModifier":false,"isSummary":true,"mapping":[{"identity":"v2","map":"DR.1"},{"identity":"rim","map":"./low"},{"identity":"zib-medicaldevice-v3.3.1-2020EN","map":"NL-CM:10.1.11","comment":"StartDate"}]},{"id":"DeviceUseStatement.timing[x]:timingPeriod.end","path":"DeviceUseStatement.timing[x].end","short":"EndDate","definition":"The end date of the last use or explant of the medical device. A ‘vague’ date, such as only the year, is permitted.","comment":"The high value includes any matching date/time. i.e. 2012-02-03T10:00:00 is in a period that has an end value of 2012-02-03.","alias":["EindDatum"],"min":0,"max":"1","base":{"path":"Period.end","min":0,"max":"1"},"type":[{"code":"dateTime"}],"meaningWhenMissing":"If the end of the period is missing, it means that the period is ongoing","condition":["per-1"],"constraint":[{"key":"ele-1","severity":"error","human":"All FHIR elements must have a @value or children","expression":"hasValue() or (children().count() > id.count())","xpath":"@value|f:*|h:div","source":"http://hl7.org/fhir/StructureDefinition/Element"}],"isModifier":false,"isSummary":true,"mapping":[{"identity":"v2","map":"DR.2"},{"identity":"rim","map":"./high"},{"identity":"zib-medicaldevice-v3.3.1-2020EN","map":"NL-CM:10.1.14","comment":"EndDate"}]},{"id":"DeviceUseStatement.recordedOn","path":"DeviceUseStatement.recordedOn","short":"When statement was recorded","definition":"The time at which the statement was made/recorded.","min":0,"max":"1","base":{"path":"DeviceUseStatement.recordedOn","min":0,"max":"1"},"type":[{"code":"dateTime"}],"constraint":[{"key":"ele-1","severity":"error","human":"All FHIR elements must have a @value or children","expression":"hasValue() or (children().count() > id.count())","xpath":"@value|f:*|h:div","source":"http://hl7.org/fhir/StructureDefinition/Element"}],"isModifier":false,"isSummary":true,"mapping":[{"identity":"w5","map":"FiveWs.recorded"},{"identity":"quick","map":"ClinicalStatement.statementDateTime"}]},{"id":"DeviceUseStatement.source","extension":[{"url":"http://hl7.org/fhir/StructureDefinition/structuredefinition-standards-status","valueCode":"normative"},{"url":"http://hl7.org/fhir/StructureDefinition/structuredefinition-normative-version","valueCode":"4.0.0"}],"path":"DeviceUseStatement.source","short":"Who made the statement","definition":"Who reported the device was being used by the patient.","comment":"References SHALL be a reference to an actual FHIR resource, and SHALL be resolveable (allowing for access control, temporary unavailability, etc.). Resolution can be either by retrieval from the URL, or, where applicable by resource type, by treating an absolute reference as a canonical URL and looking it up in a local registry/repository.","min":0,"max":"1","base":{"path":"DeviceUseStatement.source","min":0,"max":"1"},"type":[{"code":"Reference","targetProfile":["http://hl7.org/fhir/StructureDefinition/Patient","http://hl7.org/fhir/StructureDefinition/Practitioner","http://hl7.org/fhir/StructureDefinition/PractitionerRole","http://hl7.org/fhir/StructureDefinition/RelatedPerson"]}],"condition":["ele-1"],"constraint":[{"key":"ele-1","severity":"error","human":"All FHIR elements must have a @value or children","expression":"hasValue() or (children().count() > id.count())","xpath":"@value|f:*|h:div","source":"http://hl7.org/fhir/StructureDefinition/Element"},{"key":"ref-1","severity":"error","human":"SHALL have a contained resource if a local reference is provided","expression":"reference.startsWith('#').not() or (reference.substring(1).trace('url') in %rootResource.contained.id.trace('ids'))","xpath":"not(starts-with(f:reference/@value, '#')) or exists(ancestor::*[self::f:entry or self::f:parameter]/f:resource/f:*/f:contained/f:*[f:id/@value=substring-after(current()/f:reference/@value, '#')]|/*/f:contained/f:*[f:id/@value=substring-after(current()/f:reference/@value, '#')])","source":"http://hl7.org/fhir/StructureDefinition/Reference"}],"isModifier":false,"isSummary":true,"mapping":[{"identity":"rim","map":"n/a"},{"identity":"rim","map":"The target of a resource reference is a RIM entry point (Act, Role, or Entity)"},{"identity":"workflow","map":"Event.performer.actor"},{"identity":"w5","map":"FiveWs.actor"}]},{"id":"DeviceUseStatement.device","extension":[{"url":"http://hl7.org/fhir/StructureDefinition/structuredefinition-standards-status","valueCode":"normative"},{"url":"http://hl7.org/fhir/StructureDefinition/structuredefinition-normative-version","valueCode":"4.0.0"}],"path":"DeviceUseStatement.device","short":"Reference to device used","definition":"The details of the device used.","comment":"References SHALL be a reference to an actual FHIR resource, and SHALL be resolveable (allowing for access control, temporary unavailability, etc.). Resolution can be either by retrieval from the URL, or, where applicable by resource type, by treating an absolute reference as a canonical URL and looking it up in a local registry/repository.","min":1,"max":"1","base":{"path":"DeviceUseStatement.device","min":1,"max":"1"},"type":[{"code":"Reference","targetProfile":["http://hl7.org/fhir/StructureDefinition/Device","http://nictiz.nl/fhir/StructureDefinition/nl-core-Wound.Drain.Product"]}],"condition":["ele-1"],"constraint":[{"key":"ele-1","severity":"error","human":"All FHIR elements must have a @value or children","expression":"hasValue() or (children().count() > id.count())","xpath":"@value|f:*|h:div","source":"http://hl7.org/fhir/StructureDefinition/Element"},{"key":"ref-1","severity":"error","human":"SHALL have a contained resource if a local reference is provided","expression":"reference.startsWith('#').not() or (reference.substring(1).trace('url') in %rootResource.contained.id.trace('ids'))","xpath":"not(starts-with(f:reference/@value, '#')) or exists(ancestor::*[self::f:entry or self::f:parameter]/f:resource/f:*/f:contained/f:*[f:id/@value=substring-after(current()/f:reference/@value, '#')]|/*/f:contained/f:*[f:id/@value=substring-after(current()/f:reference/@value, '#')])","source":"http://hl7.org/fhir/StructureDefinition/Reference"}],"isModifier":false,"isSummary":true,"mapping":[{"identity":"rim","map":"n/a"},{"identity":"rim","map":"The target of a resource reference is a RIM entry point (Act, Role, or Entity)"},{"identity":"w5","map":"FiveWs.actor"},{"identity":"quick","map":"DeviceUse.device"}]},{"id":"DeviceUseStatement.reasonCode","extension":[{"url":"http://hl7.org/fhir/StructureDefinition/structuredefinition-standards-status","valueCode":"normative"},{"url":"http://hl7.org/fhir/StructureDefinition/structuredefinition-normative-version","valueCode":"4.0.0"}],"path":"DeviceUseStatement.reasonCode","short":"Why device was used","definition":"Reason or justification for the use of the device.","comment":"Not all terminology uses fit this general pattern. In some cases, models should not use CodeableConcept and use Coding directly and provide their own structure for managing text, codings, translations and the relationship between elements and pre- and post-coordination.","min":0,"max":"*","base":{"path":"DeviceUseStatement.reasonCode","min":0,"max":"*"},"type":[{"code":"CodeableConcept"}],"condition":["ele-1"],"constraint":[{"key":"ele-1","severity":"error","human":"All FHIR elements must have a @value or children","expression":"hasValue() or (children().count() > id.count())","xpath":"@value|f:*|h:div","source":"http://hl7.org/fhir/StructureDefinition/Element"}],"isModifier":false,"isSummary":true,"mapping":[{"identity":"rim","map":"n/a"},{"identity":"v2","map":"CE/CNE/CWE"},{"identity":"rim","map":"CD"},{"identity":"orim","map":"fhir:CodeableConcept rdfs:subClassOf dt:CD"},{"identity":"workflow","map":"Event.reasonCode"},{"identity":"w5","map":"FiveWs.why[x]"},{"identity":"quick","map":"Action.indication.reason"}]},{"id":"DeviceUseStatement.reasonReference","extension":[{"url":"http://hl7.org/fhir/StructureDefinition/structuredefinition-standards-status","valueCode":"normative"},{"url":"http://hl7.org/fhir/StructureDefinition/structuredefinition-normative-version","valueCode":"4.0.0"}],"path":"DeviceUseStatement.reasonReference","slicing":{"discriminator":[{"type":"profile","path":"resolve()"}],"rules":"open"},"short":"Why was DeviceUseStatement performed?","definition":"Indicates another resource whose existence justifies this DeviceUseStatement.","comment":"References SHALL be a reference to an actual FHIR resource, and SHALL be resolveable (allowing for access control, temporary unavailability, etc.). Resolution can be either by retrieval from the URL, or, where applicable by resource type, by treating an absolute reference as a canonical URL and looking it up in a local registry/repository.","min":0,"max":"*","base":{"path":"DeviceUseStatement.reasonReference","min":0,"max":"*"},"type":[{"code":"Reference","targetProfile":["http://hl7.org/fhir/StructureDefinition/Condition","http://hl7.org/fhir/StructureDefinition/Observation","http://hl7.org/fhir/StructureDefinition/DiagnosticReport","http://hl7.org/fhir/StructureDefinition/DocumentReference","http://hl7.org/fhir/StructureDefinition/Media"]}],"condition":["ele-1"],"constraint":[{"key":"ele-1","severity":"error","human":"All FHIR elements must have a @value or children","expression":"hasValue() or (children().count() > id.count())","xpath":"@value|f:*|h:div","source":"http://hl7.org/fhir/StructureDefinition/Element"},{"key":"ref-1","severity":"error","human":"SHALL have a contained resource if a local reference is provided","expression":"reference.startsWith('#').not() or (reference.substring(1).trace('url') in %rootResource.contained.id.trace('ids'))","xpath":"not(starts-with(f:reference/@value, '#')) or exists(ancestor::*[self::f:entry or self::f:parameter]/f:resource/f:*/f:contained/f:*[f:id/@value=substring-after(current()/f:reference/@value, '#')]|/*/f:contained/f:*[f:id/@value=substring-after(current()/f:reference/@value, '#')])","source":"http://hl7.org/fhir/StructureDefinition/Reference"}],"isModifier":false,"isSummary":true,"mapping":[{"identity":"rim","map":"n/a"},{"identity":"rim","map":"The target of a resource reference is a RIM entry point (Act, Role, or Entity)"},{"identity":"workflow","map":"Event.reasonReference"},{"identity":"w5","map":"FiveWs.why[x]"},{"identity":"v2","map":"EVN.4 or by domain"},{"identity":"rim","map":".outboundRelationship[typeCode=RSON].target"}]},{"id":"DeviceUseStatement.reasonReference:indication","extension":[{"url":"http://hl7.org/fhir/StructureDefinition/structuredefinition-standards-status","valueCode":"normative"},{"url":"http://hl7.org/fhir/StructureDefinition/structuredefinition-normative-version","valueCode":"4.0.0"}],"path":"DeviceUseStatement.reasonReference","sliceName":"indication","short":"Indication","definition":"The medical reason for use of the medical device.","comment":"References SHALL be a reference to an actual FHIR resource, and SHALL be resolveable (allowing for access control, temporary unavailability, etc.). Resolution can be either by retrieval from the URL, or, where applicable by resource type, by treating an absolute reference as a canonical URL and looking it up in a local registry/repository.","alias":["Indicatie"],"min":0,"max":"*","base":{"path":"DeviceUseStatement.reasonReference","min":0,"max":"*"},"type":[{"code":"Reference","targetProfile":["http://nictiz.nl/fhir/StructureDefinition/nl-core-Problem"]}],"condition":["ele-1"],"constraint":[{"key":"ele-1","severity":"error","human":"All FHIR elements must have a @value or children","expression":"hasValue() or (children().count() > id.count())","xpath":"@value|f:*|h:div","source":"http://hl7.org/fhir/StructureDefinition/Element"},{"key":"ref-1","severity":"error","human":"SHALL have a contained resource if a local reference is provided","expression":"reference.startsWith('#').not() or (reference.substring(1).trace('url') in %rootResource.contained.id.trace('ids'))","xpath":"not(starts-with(f:reference/@value, '#')) or exists(ancestor::*[self::f:entry or self::f:parameter]/f:resource/f:*/f:contained/f:*[f:id/@value=substring-after(current()/f:reference/@value, '#')]|/*/f:contained/f:*[f:id/@value=substring-after(current()/f:reference/@value, '#')])","source":"http://hl7.org/fhir/StructureDefinition/Reference"}],"isModifier":false,"isSummary":true,"mapping":[{"identity":"rim","map":"n/a"},{"identity":"rim","map":"The target of a resource reference is a RIM entry point (Act, Role, or Entity)"},{"identity":"workflow","map":"Event.reasonReference"},{"identity":"w5","map":"FiveWs.why[x]"},{"identity":"v2","map":"EVN.4 or by domain"},{"identity":"rim","map":".outboundRelationship[typeCode=RSON].target"},{"identity":"zib-medicaldevice-v3.3.1-2020EN","map":"NL-CM:10.1.7","comment":"Indication"}]},{"id":"DeviceUseStatement.reasonReference:bowelFunction","extension":[{"url":"http://hl7.org/fhir/StructureDefinition/structuredefinition-standards-status","valueCode":"normative"},{"url":"http://hl7.org/fhir/StructureDefinition/structuredefinition-normative-version","valueCode":"4.0.0"}],"path":"DeviceUseStatement.reasonReference","sliceName":"bowelFunction","short":"BowelFunction","definition":"Indicates another resource whose existence justifies this DeviceUseStatement.","comment":"Please note that on a functional level, zib BowelFunction references zib MedicalDevice, but in FHIR this direction is reversed.","alias":["Darmfunctie"],"min":0,"max":"0","base":{"path":"DeviceUseStatement.reasonReference","min":0,"max":"*"},"type":[{"code":"Reference","targetProfile":["http://nictiz.nl/fhir/StructureDefinition/zib-BowelFunction"]}],"condition":["ele-1"],"constraint":[{"key":"ele-1","severity":"error","human":"All FHIR elements must have a @value or children","expression":"hasValue() or (children().count() > id.count())","xpath":"@value|f:*|h:div","source":"http://hl7.org/fhir/StructureDefinition/Element"},{"key":"ref-1","severity":"error","human":"SHALL have a contained resource if a local reference is provided","expression":"reference.startsWith('#').not() or (reference.substring(1).trace('url') in %rootResource.contained.id.trace('ids'))","xpath":"not(starts-with(f:reference/@value, '#')) or exists(ancestor::*[self::f:entry or self::f:parameter]/f:resource/f:*/f:contained/f:*[f:id/@value=substring-after(current()/f:reference/@value, '#')]|/*/f:contained/f:*[f:id/@value=substring-after(current()/f:reference/@value, '#')])","source":"http://hl7.org/fhir/StructureDefinition/Reference"}],"isModifier":false,"isSummary":true,"mapping":[{"identity":"rim","map":"n/a"},{"identity":"rim","map":"The target of a resource reference is a RIM entry point (Act, Role, or Entity)"},{"identity":"workflow","map":"Event.reasonReference"},{"identity":"w5","map":"FiveWs.why[x]"},{"identity":"v2","map":"EVN.4 or by domain"},{"identity":"rim","map":".outboundRelationship[typeCode=RSON].target"},{"identity":"zib-bowelfunction-v3.1.1-2020EN","map":"NL-CM:4.15.6","comment":"Reversed reference for zib BowelFunction.IncontinenceMaterial"}]},{"id":"DeviceUseStatement.reasonReference:functionalOrMentalStatus","extension":[{"url":"http://hl7.org/fhir/StructureDefinition/structuredefinition-standards-status","valueCode":"normative"},{"url":"http://hl7.org/fhir/StructureDefinition/structuredefinition-normative-version","valueCode":"4.0.0"}],"path":"DeviceUseStatement.reasonReference","sliceName":"functionalOrMentalStatus","short":"FunctionalOrMentalStatus","definition":"Indicates another resource whose existence justifies this DeviceUseStatement.","comment":"Please note that on a functional level, zib FunctionalOrMentalStatus references zib MedicalDevice, but in FHIR this direction is reversed.","alias":["FunctioneleOfMentaleStatus"],"min":0,"max":"0","base":{"path":"DeviceUseStatement.reasonReference","min":0,"max":"*"},"type":[{"code":"Reference","targetProfile":["http://nictiz.nl/fhir/StructureDefinition/zib-FunctionalOrMentalStatus"]}],"condition":["ele-1"],"constraint":[{"key":"ele-1","severity":"error","human":"All FHIR elements must have a @value or children","expression":"hasValue() or (children().count() > id.count())","xpath":"@value|f:*|h:div","source":"http://hl7.org/fhir/StructureDefinition/Element"},{"key":"ref-1","severity":"error","human":"SHALL have a contained resource if a local reference is provided","expression":"reference.startsWith('#').not() or (reference.substring(1).trace('url') in %rootResource.contained.id.trace('ids'))","xpath":"not(starts-with(f:reference/@value, '#')) or exists(ancestor::*[self::f:entry or self::f:parameter]/f:resource/f:*/f:contained/f:*[f:id/@value=substring-after(current()/f:reference/@value, '#')]|/*/f:contained/f:*[f:id/@value=substring-after(current()/f:reference/@value, '#')])","source":"http://hl7.org/fhir/StructureDefinition/Reference"}],"isModifier":false,"isSummary":true,"mapping":[{"identity":"rim","map":"n/a"},{"identity":"rim","map":"The target of a resource reference is a RIM entry point (Act, Role, or Entity)"},{"identity":"workflow","map":"Event.reasonReference"},{"identity":"w5","map":"FiveWs.why[x]"},{"identity":"v2","map":"EVN.4 or by domain"},{"identity":"rim","map":".outboundRelationship[typeCode=RSON].target"},{"identity":"zib-functionalormentalstatus-v3.2-2020EN","map":"NL-CM:4.26.5","comment":"Reversed reference for zib FunctionalOrMentalStatus.MedicalDevice"}]},{"id":"DeviceUseStatement.reasonReference:mobility","extension":[{"url":"http://hl7.org/fhir/StructureDefinition/structuredefinition-standards-status","valueCode":"normative"},{"url":"http://hl7.org/fhir/StructureDefinition/structuredefinition-normative-version","valueCode":"4.0.0"}],"path":"DeviceUseStatement.reasonReference","sliceName":"mobility","short":"Mobility","definition":"Indicates another resource whose existence justifies this DeviceUseStatement.","comment":"Please note that on a functional level, zib Mobility references zib MedicalDevice, but in FHIR this direction is reversed.","alias":["Mobiliteit"],"min":0,"max":"0","base":{"path":"DeviceUseStatement.reasonReference","min":0,"max":"*"},"type":[{"code":"Reference","targetProfile":["http://nictiz.nl/fhir/StructureDefinition/zib-Mobility"]}],"condition":["ele-1"],"constraint":[{"key":"ele-1","severity":"error","human":"All FHIR elements must have a @value or children","expression":"hasValue() or (children().count() > id.count())","xpath":"@value|f:*|h:div","source":"http://hl7.org/fhir/StructureDefinition/Element"},{"key":"ref-1","severity":"error","human":"SHALL have a contained resource if a local reference is provided","expression":"reference.startsWith('#').not() or (reference.substring(1).trace('url') in %rootResource.contained.id.trace('ids'))","xpath":"not(starts-with(f:reference/@value, '#')) or exists(ancestor::*[self::f:entry or self::f:parameter]/f:resource/f:*/f:contained/f:*[f:id/@value=substring-after(current()/f:reference/@value, '#')]|/*/f:contained/f:*[f:id/@value=substring-after(current()/f:reference/@value, '#')])","source":"http://hl7.org/fhir/StructureDefinition/Reference"}],"isModifier":false,"isSummary":true,"mapping":[{"identity":"rim","map":"n/a"},{"identity":"rim","map":"The target of a resource reference is a RIM entry point (Act, Role, or Entity)"},{"identity":"workflow","map":"Event.reasonReference"},{"identity":"w5","map":"FiveWs.why[x]"},{"identity":"v2","map":"EVN.4 or by domain"},{"identity":"rim","map":".outboundRelationship[typeCode=RSON].target"},{"identity":"zib-mobility-v3.3-2020EN","map":"NL-CM:4.3.4","comment":"Reversed reference for zib Mobility.MedicalDevice"}]},{"id":"DeviceUseStatement.reasonReference:stoma","extension":[{"url":"http://hl7.org/fhir/StructureDefinition/structuredefinition-standards-status","valueCode":"normative"},{"url":"http://hl7.org/fhir/StructureDefinition/structuredefinition-normative-version","valueCode":"4.0.0"}],"path":"DeviceUseStatement.reasonReference","sliceName":"stoma","short":"Stoma","definition":"Indicates another resource whose existence justifies this DeviceUseStatement.","comment":"Please note that on a functional level, zib Stoma references zib MedicalDevice, but in FHIR this direction is reversed.","alias":["Stoma"],"min":0,"max":"0","base":{"path":"DeviceUseStatement.reasonReference","min":0,"max":"*"},"type":[{"code":"Reference","targetProfile":["http://nictiz.nl/fhir/StructureDefinition/zib-Stoma"]}],"condition":["ele-1"],"constraint":[{"key":"ele-1","severity":"error","human":"All FHIR elements must have a @value or children","expression":"hasValue() or (children().count() > id.count())","xpath":"@value|f:*|h:div","source":"http://hl7.org/fhir/StructureDefinition/Element"},{"key":"ref-1","severity":"error","human":"SHALL have a contained resource if a local reference is provided","expression":"reference.startsWith('#').not() or (reference.substring(1).trace('url') in %rootResource.contained.id.trace('ids'))","xpath":"not(starts-with(f:reference/@value, '#')) or exists(ancestor::*[self::f:entry or self::f:parameter]/f:resource/f:*/f:contained/f:*[f:id/@value=substring-after(current()/f:reference/@value, '#')]|/*/f:contained/f:*[f:id/@value=substring-after(current()/f:reference/@value, '#')])","source":"http://hl7.org/fhir/StructureDefinition/Reference"}],"isModifier":false,"isSummary":true,"mapping":[{"identity":"rim","map":"n/a"},{"identity":"rim","map":"The target of a resource reference is a RIM entry point (Act, Role, or Entity)"},{"identity":"workflow","map":"Event.reasonReference"},{"identity":"w5","map":"FiveWs.why[x]"},{"identity":"v2","map":"EVN.4 or by domain"},{"identity":"rim","map":".outboundRelationship[typeCode=RSON].target"},{"identity":"zib-stoma-v3.3-2020EN","map":"NL-CM:5.2.3","comment":"Reversed reference for zib Stoma.StomaMaterial"}]},{"id":"DeviceUseStatement.reasonReference:wound","extension":[{"url":"http://hl7.org/fhir/StructureDefinition/structuredefinition-standards-status","valueCode":"normative"},{"url":"http://hl7.org/fhir/StructureDefinition/structuredefinition-normative-version","valueCode":"4.0.0"}],"path":"DeviceUseStatement.reasonReference","sliceName":"wound","short":"Wound","definition":"Indicates another resource whose existence justifies this DeviceUseStatement.","comment":"Please note that on a functional level, zib Wound references zib MedicalDevice, but in FHIR this direction is reversed.","alias":["Wond"],"min":0,"max":"0","base":{"path":"DeviceUseStatement.reasonReference","min":0,"max":"*"},"type":[{"code":"Reference","targetProfile":["http://nictiz.nl/fhir/StructureDefinition/zib-Wound"]}],"condition":["ele-1"],"constraint":[{"key":"ele-1","severity":"error","human":"All FHIR elements must have a @value or children","expression":"hasValue() or (children().count() > id.count())","xpath":"@value|f:*|h:div","source":"http://hl7.org/fhir/StructureDefinition/Element"},{"key":"ref-1","severity":"error","human":"SHALL have a contained resource if a local reference is provided","expression":"reference.startsWith('#').not() or (reference.substring(1).trace('url') in %rootResource.contained.id.trace('ids'))","xpath":"not(starts-with(f:reference/@value, '#')) or exists(ancestor::*[self::f:entry or self::f:parameter]/f:resource/f:*/f:contained/f:*[f:id/@value=substring-after(current()/f:reference/@value, '#')]|/*/f:contained/f:*[f:id/@value=substring-after(current()/f:reference/@value, '#')])","source":"http://hl7.org/fhir/StructureDefinition/Reference"}],"isModifier":false,"isSummary":true,"mapping":[{"identity":"rim","map":"n/a"},{"identity":"rim","map":"The target of a resource reference is a RIM entry point (Act, Role, or Entity)"},{"identity":"workflow","map":"Event.reasonReference"},{"identity":"w5","map":"FiveWs.why[x]"},{"identity":"v2","map":"EVN.4 or by domain"},{"identity":"rim","map":".outboundRelationship[typeCode=RSON].target"},{"identity":"zib-wound-v3.3-2020EN","map":"NL-CM:19.2.17","comment":"Reversed reference for zib Wound.Drain"}]},{"id":"DeviceUseStatement.reasonReference:drain","extension":[{"url":"http://hl7.org/fhir/StructureDefinition/structuredefinition-standards-status","valueCode":"normative"},{"url":"http://hl7.org/fhir/StructureDefinition/structuredefinition-normative-version","valueCode":"4.0.0"}],"path":"DeviceUseStatement.reasonReference","sliceName":"drain","short":"Wound","definition":"Indicates another resource whose existence justifies this DeviceUseStatement.","comment":"Please note that on a functional level, zib Wound references zib MedicalDevice, but in FHIR this direction is reversed.","alias":["Wond"],"min":0,"max":"*","base":{"path":"DeviceUseStatement.reasonReference","min":0,"max":"*"},"type":[{"code":"Reference","targetProfile":["http://nictiz.nl/fhir/StructureDefinition/nl-core-Wound"]}],"condition":["ele-1"],"constraint":[{"key":"ele-1","severity":"error","human":"All FHIR elements must have a @value or children","expression":"hasValue() or (children().count() > id.count())","xpath":"@value|f:*|h:div","source":"http://hl7.org/fhir/StructureDefinition/Element"},{"key":"ref-1","severity":"error","human":"SHALL have a contained resource if a local reference is provided","expression":"reference.startsWith('#').not() or (reference.substring(1).trace('url') in %rootResource.contained.id.trace('ids'))","xpath":"not(starts-with(f:reference/@value, '#')) or exists(ancestor::*[self::f:entry or self::f:parameter]/f:resource/f:*/f:contained/f:*[f:id/@value=substring-after(current()/f:reference/@value, '#')]|/*/f:contained/f:*[f:id/@value=substring-after(current()/f:reference/@value, '#')])","source":"http://hl7.org/fhir/StructureDefinition/Reference"}],"isModifier":false,"isSummary":true,"mapping":[{"identity":"rim","map":"n/a"},{"identity":"rim","map":"The target of a resource reference is a RIM entry point (Act, Role, or Entity)"},{"identity":"workflow","map":"Event.reasonReference"},{"identity":"w5","map":"FiveWs.why[x]"},{"identity":"v2","map":"EVN.4 or by domain"},{"identity":"rim","map":".outboundRelationship[typeCode=RSON].target"},{"identity":"zib-wound-v3.3-2020EN","map":"NL-CM:19.2.17","comment":"Reversed reference for zib Wound.Drain"}]},{"id":"DeviceUseStatement.bodySite","extension":[{"url":"http://hl7.org/fhir/StructureDefinition/structuredefinition-standards-status","valueCode":"normative"},{"url":"http://hl7.org/fhir/StructureDefinition/structuredefinition-normative-version","valueCode":"4.0.0"}],"path":"DeviceUseStatement.bodySite","short":"Location","definition":"Localisation on/in the body.","comment":"Not all terminology uses fit this general pattern. In some cases, models should not use CodeableConcept and use Coding directly and provide their own structure for managing text, codings, translations and the relationship between elements and pre- and post-coordination.","requirements":"Knowing where the device is targeted is important for tracking if multiple sites are possible. If more information than just a code is required, use the extension [http://hl7.org/fhir/StructureDefinition/bodySite](null.html).","alias":["Locatie","AnatomischeLocatie","nl-core-AnatomicalLocation"],"min":0,"max":"1","base":{"path":"DeviceUseStatement.bodySite","min":0,"max":"1"},"type":[{"code":"CodeableConcept","profile":["http://nictiz.nl/fhir/StructureDefinition/nl-core-AnatomicalLocation"]}],"condition":["ele-1"],"constraint":[{"key":"ele-1","severity":"error","human":"All FHIR elements must have a @value or children","expression":"hasValue() or (children().count() > id.count())","xpath":"@value|f:*|h:div","source":"http://hl7.org/fhir/StructureDefinition/Element"}],"isModifier":false,"isSummary":true,"binding":{"extension":[{"url":"http://hl7.org/fhir/StructureDefinition/elementdefinition-bindingName","valueString":"BodySite"}],"strength":"required","description":"Codes describing anatomical locations. May include laterality.","valueSet":"http://decor.nictiz.nl/fhir/ValueSet/2.16.840.1.113883.2.4.3.11.60.121.11.11--20200901000000"},"mapping":[{"identity":"rim","map":"n/a"},{"identity":"v2","map":"CE/CNE/CWE"},{"identity":"rim","map":"CD"},{"identity":"orim","map":"fhir:CodeableConcept rdfs:subClassOf dt:CD"},{"identity":"workflow","map":"Event.note"},{"identity":"rim","map":"targetSiteCode"},{"identity":"zib-anatomicallocation-v1.0-2020EN","map":"NL-CM:20.7.4","comment":"Location"},{"identity":"zib-medicaldevice-v3.3.1-2020EN","map":"NL-CM:10.1.15","comment":"AnatomicalLocation"}]},{"id":"DeviceUseStatement.note","extension":[{"url":"http://hl7.org/fhir/StructureDefinition/structuredefinition-standards-status","valueCode":"normative"},{"url":"http://hl7.org/fhir/StructureDefinition/structuredefinition-normative-version","valueCode":"4.0.0"}],"path":"DeviceUseStatement.note","short":"Addition details (comments, instructions)","definition":"Details about the device statement that were not represented at all or sufficiently in one of the attributes provided in a class. These may include for example a comment, an instruction, or a note associated with the statement.","comment":"For systems that do not have structured annotations, they can simply communicate a single annotation with no author or time.  This element may need to be included in narrative because of the potential for modifying information.  *Annotations SHOULD NOT* be used to communicate \"modifying\" information that could be computable. (This is a SHOULD because enforcing user behavior is nearly impossible).","min":0,"max":"1","base":{"path":"DeviceUseStatement.note","min":0,"max":"*"},"type":[{"code":"Annotation"}],"condition":["ele-1"],"constraint":[{"key":"ele-1","severity":"error","human":"All FHIR elements must have a @value or children","expression":"hasValue() or (children().count() > id.count())","xpath":"@value|f:*|h:div","source":"http://hl7.org/fhir/StructureDefinition/Element"}],"isModifier":false,"mapping":[{"identity":"rim","map":"n/a"},{"identity":"v2","map":"N/A"},{"identity":"rim","map":"Act"},{"identity":"workflow","map":"Event.note"},{"identity":"quick","map":"ClinicalStatement.additionalText"}]},{"id":"DeviceUseStatement.note.id","path":"DeviceUseStatement.note.id","representation":["xmlAttr"],"short":"Unique id for inter-element referencing","definition":"Unique id for the element within a resource (for internal references). This may be any string value that does not contain spaces.","min":0,"max":"1","base":{"path":"Element.id","min":0,"max":"1"},"type":[{"extension":[{"url":"http://hl7.org/fhir/StructureDefinition/structuredefinition-fhir-type","valueUrl":"string"}],"code":"http://hl7.org/fhirpath/System.String"}],"isModifier":false,"isSummary":false,"mapping":[{"identity":"rim","map":"n/a"}]},{"id":"DeviceUseStatement.note.extension","path":"DeviceUseStatement.note.extension","slicing":{"discriminator":[{"type":"value","path":"url"}],"description":"Extensions are always sliced by (at least) url","rules":"open"},"short":"Additional content defined by implementations","definition":"May be used to represent additional information that is not part of the basic definition of the element. To make the use of extensions safe and manageable, there is a strict set of governance  applied to the definition and use of extensions. Though any implementer can define an extension, there is a set of requirements that SHALL be met as part of the definition of the extension.","comment":"There can be no stigma associated with the use of extensions by any application, project, or standard - regardless of the institution or jurisdiction that uses or defines the extensions.  The use of extensions is what allows the FHIR specification to retain a core level of simplicity for everyone.","alias":["extensions","user content"],"min":0,"max":"*","base":{"path":"Element.extension","min":0,"max":"*"},"type":[{"code":"Extension"}],"constraint":[{"key":"ele-1","severity":"error","human":"All FHIR elements must have a @value or children","expression":"hasValue() or (children().count() > id.count())","xpath":"@value|f:*|h:div","source":"http://hl7.org/fhir/StructureDefinition/Element"},{"key":"ext-1","severity":"error","human":"Must have either extensions or value[x], not both","expression":"extension.exists() != value.exists()","xpath":"exists(f:extension)!=exists(f:*[starts-with(local-name(.), \"value\")])","source":"http://hl7.org/fhir/StructureDefinition/Extension"}],"isModifier":false,"isSummary":false,"mapping":[{"identity":"rim","map":"n/a"}]},{"id":"DeviceUseStatement.note.author[x]","extension":[{"url":"http://hl7.org/fhir/StructureDefinition/structuredefinition-standards-status","valueCode":"normative"},{"url":"http://hl7.org/fhir/StructureDefinition/structuredefinition-normative-version","valueCode":"4.0.0"}],"path":"DeviceUseStatement.note.author[x]","short":"Individual responsible for the annotation","definition":"The individual responsible for making the annotation.","comment":"Organization is used when there's no need for specific attribution as to who made the comment.","min":0,"max":"1","base":{"path":"Annotation.author[x]","min":0,"max":"1"},"type":[{"code":"Reference","targetProfile":["http://hl7.org/fhir/StructureDefinition/Practitioner","http://hl7.org/fhir/StructureDefinition/Patient","http://hl7.org/fhir/StructureDefinition/RelatedPerson","http://hl7.org/fhir/StructureDefinition/Organization"]},{"code":"string"}],"condition":["ele-1"],"constraint":[{"key":"ele-1","severity":"error","human":"All FHIR elements must have a @value or children","expression":"hasValue() or (children().count() > id.count())","xpath":"@value|f:*|h:div","source":"http://hl7.org/fhir/StructureDefinition/Element"}],"isModifier":false,"isSummary":true,"mapping":[{"identity":"rim","map":"n/a"},{"identity":"v2","map":"N/A"},{"identity":"rim","map":"Act.participant[typeCode=AUT].role"}]},{"id":"DeviceUseStatement.note.time","path":"DeviceUseStatement.note.time","short":"When the annotation was made","definition":"Indicates when this particular annotation was made.","min":0,"max":"1","base":{"path":"Annotation.time","min":0,"max":"1"},"type":[{"code":"dateTime"}],"constraint":[{"key":"ele-1","severity":"error","human":"All FHIR elements must have a @value or children","expression":"hasValue() or (children().count() > id.count())","xpath":"@value|f:*|h:div","source":"http://hl7.org/fhir/StructureDefinition/Element"}],"isModifier":false,"isSummary":true,"mapping":[{"identity":"v2","map":"N/A"},{"identity":"rim","map":"Act.effectiveTime"}]},{"id":"DeviceUseStatement.note.text","path":"DeviceUseStatement.note.text","short":"Comment","definition":"Comment about use or information on the medical device used.","comment":"Systems are not required to have markdown support, so the text should be readable without markdown processing. The markdown syntax is GFM - see https://github.github.com/gfm/","alias":["Toelichting"],"min":1,"max":"1","base":{"path":"Annotation.text","min":1,"max":"1"},"type":[{"code":"markdown"}],"constraint":[{"key":"ele-1","severity":"error","human":"All FHIR elements must have a @value or children","expression":"hasValue() or (children().count() > id.count())","xpath":"@value|f:*|h:div","source":"http://hl7.org/fhir/StructureDefinition/Element"}],"isModifier":false,"isSummary":true,"mapping":[{"identity":"v2","map":"N/A"},{"identity":"rim","map":"Act.text"},{"identity":"zib-medicaldevice-v3.3.1-2020EN","map":"NL-CM:10.1.10","comment":"Comment"}]}]},"differential":{"element":[{"id":"DeviceUseStatement","path":"DeviceUseStatement","comment":"This is a specialization of the profile for zib MedicalDevice to represent Drain devices within the context of zib Wound.\r\n\r\nNote: because of the way derivation works in FHIR, this profile is not based on the [nl-core-MedicalDevice](http://nictiz.nl/fhir/StructureDefinition/nl-core-MedicalDevice) profile but derived from a specialization in the zib layer.","alias":["nl-core-Wound.Drain"]},{"id":"DeviceUseStatement.extension:healthProfessional","path":"DeviceUseStatement.extension","sliceName":"healthProfessional"},{"id":"DeviceUseStatement.extension:healthProfessional.value[x]","path":"DeviceUseStatement.extension.value[x]","type":[{"code":"Reference","profile":["http://nictiz.nl/fhir/StructureDefinition/pattern-NlCoreHealthProfessionalReference"],"targetProfile":["http://nictiz.nl/fhir/StructureDefinition/nl-core-HealthProfessional-PractitionerRole"]}]},{"id":"DeviceUseStatement.extension:location","path":"DeviceUseStatement.extension","sliceName":"location"},{"id":"DeviceUseStatement.extension:location.value[x]","path":"DeviceUseStatement.extension.value[x]","comment":"Please note that this zib concept (Location::HealthcareProvider) is also mapped on the `Procedure.location` element in profile [nl-core-Procedure-event](http://nictiz.nl/fhir/StructureDefinition/nl-core-Procedure-event). The reason for this is that this zib concept aligns with the Location::HealthcareProvider concept in zib Procedure (NL-CM:14.1.5), but only for the situation that the Procedure is about placing the implant which is described using this instance of zib MedicalDevice. In this situation, the current extension is redundant and it is advised to only use `Procedure.location` in profile nl-core-Procedure-event to represent the Location concept.","type":[{"code":"Reference","targetProfile":["http://nictiz.nl/fhir/StructureDefinition/nl-core-HealthcareProvider"]}]},{"id":"DeviceUseStatement.subject","path":"DeviceUseStatement.subject","type":[{"code":"Reference","targetProfile":["http://hl7.org/fhir/StructureDefinition/Patient","http://hl7.org/fhir/StructureDefinition/Group","http://nictiz.nl/fhir/StructureDefinition/nl-core-Patient"]}]},{"id":"DeviceUseStatement.derivedFrom:procedure-request","path":"DeviceUseStatement.derivedFrom","sliceName":"procedure-request","type":[{"code":"Reference","targetProfile":["http://nictiz.nl/fhir/StructureDefinition/nl-core-Procedure-request"]}]},{"id":"DeviceUseStatement.derivedFrom:procedure-event","path":"DeviceUseStatement.derivedFrom","sliceName":"procedure-event","type":[{"code":"Reference","targetProfile":["http://nictiz.nl/fhir/StructureDefinition/nl-core-Procedure-event"]}]},{"id":"DeviceUseStatement.device","path":"DeviceUseStatement.device","type":[{"code":"Reference","targetProfile":["http://hl7.org/fhir/StructureDefinition/Device","http://nictiz.nl/fhir/StructureDefinition/nl-core-Wound.Drain.Product"]}]},{"id":"DeviceUseStatement.reasonReference:indication","path":"DeviceUseStatement.reasonReference","sliceName":"indication","type":[{"code":"Reference","targetProfile":["http://nictiz.nl/fhir/StructureDefinition/nl-core-Problem"]}]},{"id":"DeviceUseStatement.reasonReference:drain","path":"DeviceUseStatement.reasonReference","sliceName":"drain","type":[{"code":"Reference","targetProfile":["http://nictiz.nl/fhir/StructureDefinition/nl-core-Wound"]}]},{"id":"DeviceUseStatement.bodySite","path":"DeviceUseStatement.bodySite","type":[{"code":"CodeableConcept","profile":["http://nictiz.nl/fhir/StructureDefinition/nl-core-AnatomicalLocation"]}]}]}}