{"resourceType":"StructureDefinition","id":"nl-core-ContactPerson","text":{"status":"empty","div":"<div xmlns=\"http://www.w3.org/1999/xhtml\">No narrative is provided for definitional resources. A human-readable rendering can be found in the implementation guide(s) where this resource is used.</div>"},"url":"http://nictiz.nl/fhir/StructureDefinition/nl-core-ContactPerson","name":"NlcoreContactPerson","title":"nl core ContactPerson","status":"draft","publisher":"Nictiz","contact":[{"name":"Nictiz","telecom":[{"system":"url","value":"https://www.nictiz.nl","use":"work"}]}],"description":"A contact is a person not being a healthcare professional who is involved in the patient’s care, such as family members, caregivers, mental caretakers, guardians and legal representatives.\r\n\r\nIn addition to identification information such as the name, address and contact information can also be entered. The relationship to the patient and the role this person has can be entered as well.","purpose":"A derived profile from [zib-ContactPerson](http://nictiz.nl/fhir/StructureDefinition/zib-ContactPerson) to provide a version better suited for implementation purposes. This profile augments the base profile with elements found in the various use cases that have adopted the zib.","copyright":"Copyright and related rights waived via CC0, https://creativecommons.org/publicdomain/zero/1.0/. This does not apply to information from third parties, for example a medical terminology system. The implementer alone is responsible for identifying and obtaining any necessary licenses or authorizations to utilize third party IP in connection with the specification or otherwise.","fhirVersion":"4.0.1","mapping":[{"identity":"zib-contactperson-v3.4-2020EN","uri":"https://zibs.nl/wiki/ContactPerson-v3.4(2020EN)","name":"zib ContactPerson-v3.4(2020EN)"},{"identity":"zib-contactinformation-v1.2-2020EN","uri":"https://zibs.nl/wiki/ContactInformation-v1.2(2020EN)","name":"zib ContactInformation-v1.2(2020EN)"},{"identity":"zib-payer-v3.1.1-2020EN","uri":"https://zibs.nl/wiki/Payer-v3.1.1(2020EN)","name":"zib Payer-v3.1.1(2020EN)"}],"kind":"resource","abstract":false,"type":"RelatedPerson","baseDefinition":"http://nictiz.nl/fhir/StructureDefinition/zib-ContactPerson","derivation":"constraint","snapshot":{"element":[{"id":"RelatedPerson","path":"RelatedPerson","short":"Contact","definition":"Information about a person that is involved in the care for a patient, but who is not the target of healthcare, nor has a formal responsibility in the care process.","comment":"Whereas the zib ContactPerson includes all (non-healthcare professional) persons that are involved in the care for a patient, FHIR distinguishes two use cases for these persons:\r\n\r\n* The RelatedPerson resource, and therefore this profile, is used to capture information about any person that is related to the patient.\r\n* Information about persons that should be _contacted_ regarding the care for the patient is captured using the `Patient.contact` resource.\r\n\r\nIf a person is both a related person and a contact person, then some data duplication is inevitable.","alias":["Contactpersoon","nl-core-ContactPerson"],"min":0,"max":"*","base":{"path":"RelatedPerson","min":0,"max":"*"},"constraint":[{"key":"dom-2","severity":"error","human":"If the resource is contained in another resource, it SHALL NOT contain nested Resources","expression":"contained.contained.empty()","xpath":"not(parent::f:contained and f:contained)"},{"key":"dom-3","severity":"error","human":"If the resource is contained in another resource, it SHALL be referred to from elsewhere in the resource or SHALL refer to the containing resource","expression":"contained.where((('#'+id in (%resource.descendants().reference | %resource.descendants().as(canonical) | %resource.descendants().as(uri) | %resource.descendants().as(url))) or descendants().where(reference = '#').exists() or descendants().where(as(canonical) = '#').exists() or descendants().where(as(canonical) = '#').exists()).not()).trace('unmatched', id).empty()","xpath":"not(exists(for $id in f:contained/*/f:id/@value return $contained[not(parent::*/descendant::f:reference/@value=concat('#', $contained/*/id/@value) or descendant::f:reference[@value='#'])]))"},{"key":"dom-4","severity":"error","human":"If a resource is contained in another resource, it SHALL NOT have a meta.versionId or a meta.lastUpdated","expression":"contained.meta.versionId.empty() and contained.meta.lastUpdated.empty()","xpath":"not(exists(f:contained/*/f:meta/f:versionId)) and not(exists(f:contained/*/f:meta/f:lastUpdated))"},{"key":"dom-5","severity":"error","human":"If a resource is contained in another resource, it SHALL NOT have a security label","expression":"contained.meta.security.empty()","xpath":"not(exists(f:contained/*/f:meta/f:security))"},{"extension":[{"url":"http://hl7.org/fhir/StructureDefinition/elementdefinition-bestpractice","valueBoolean":true},{"url":"http://hl7.org/fhir/StructureDefinition/elementdefinition-bestpractice-explanation","valueMarkdown":"When a resource has no narrative, only systems that fully understand the data can display the resource to a human safely. Including a human readable representation in the resource makes for a much more robust eco-system and cheaper handling of resources by intermediary systems. Some ecosystems restrict distribution of resources to only those systems that do fully understand the resources, and as a consequence implementers may believe that the narrative is superfluous. However experience shows that such eco-systems often open up to new participants over time."}],"key":"dom-6","severity":"warning","human":"A resource should have narrative for robust management","expression":"text.`div`.exists()","xpath":"exists(f:text/h:div)"}],"isModifier":false,"isSummary":false,"mapping":[{"identity":"rim","map":"Entity. Role, or Act"},{"identity":"rim","map":"role"},{"identity":"zib-contactperson-v3.4-2020EN","map":"NL-CM:3.1.1","comment":"Contact"}]},{"id":"RelatedPerson.id","path":"RelatedPerson.id","short":"Logical id of this artifact","definition":"The logical id of the resource, as used in the URL for the resource. Once assigned, this value never changes.","comment":"The only time that a resource does not have an id is when it is being submitted to the server using a create operation.","min":0,"max":"1","base":{"path":"Resource.id","min":0,"max":"1"},"type":[{"extension":[{"url":"http://hl7.org/fhir/StructureDefinition/structuredefinition-fhir-type","valueUrl":"string"}],"code":"http://hl7.org/fhirpath/System.String"}],"isModifier":false,"isSummary":true},{"id":"RelatedPerson.meta","path":"RelatedPerson.meta","short":"Metadata about the resource","definition":"The metadata about the resource. This is content that is maintained by the infrastructure. Changes to the content might not always be associated with version changes to the resource.","min":0,"max":"1","base":{"path":"Resource.meta","min":0,"max":"1"},"type":[{"code":"Meta"}],"constraint":[{"key":"ele-1","severity":"error","human":"All FHIR elements must have a @value or children","expression":"hasValue() or (children().count() > id.count())","xpath":"@value|f:*|h:div","source":"http://hl7.org/fhir/StructureDefinition/Element"}],"isModifier":false,"isSummary":true},{"id":"RelatedPerson.implicitRules","path":"RelatedPerson.implicitRules","short":"A set of rules under which this content was created","definition":"A reference to a set of rules that were followed when the resource was constructed, and which must be understood when processing the content. Often, this is a reference to an implementation guide that defines the special rules along with other profiles etc.","comment":"Asserting this rule set restricts the content to be only understood by a limited set of trading partners. This inherently limits the usefulness of the data in the long term. However, the existing health eco-system is highly fractured, and not yet ready to define, collect, and exchange data in a generally computable sense. Wherever possible, implementers and/or specification writers should avoid using this element. Often, when used, the URL is a reference to an implementation guide that defines these special rules as part of it's narrative along with other profiles, value sets, etc.","min":0,"max":"1","base":{"path":"Resource.implicitRules","min":0,"max":"1"},"type":[{"code":"uri"}],"constraint":[{"key":"ele-1","severity":"error","human":"All FHIR elements must have a @value or children","expression":"hasValue() or (children().count() > id.count())","xpath":"@value|f:*|h:div","source":"http://hl7.org/fhir/StructureDefinition/Element"}],"isModifier":true,"isModifierReason":"This element is labeled as a modifier because the implicit rules may provide additional knowledge about the resource that modifies it's meaning or interpretation","isSummary":true},{"id":"RelatedPerson.language","path":"RelatedPerson.language","short":"Language of the resource content","definition":"The base language in which the resource is written.","comment":"Language is provided to support indexing and accessibility (typically, services such as text to speech use the language tag). The html language tag in the narrative applies  to the narrative. The language tag on the resource may be used to specify the language of other presentations generated from the data in the resource. Not all the content has to be in the base language. The Resource.language should not be assumed to apply to the narrative automatically. If a language is specified, it should it also be specified on the div element in the html (see rules in HTML5 for information about the relationship between xml:lang and the html lang attribute).","min":0,"max":"1","base":{"path":"Resource.language","min":0,"max":"1"},"type":[{"code":"code"}],"constraint":[{"key":"ele-1","severity":"error","human":"All FHIR elements must have a @value or children","expression":"hasValue() or (children().count() > id.count())","xpath":"@value|f:*|h:div","source":"http://hl7.org/fhir/StructureDefinition/Element"}],"isModifier":false,"isSummary":false,"binding":{"extension":[{"url":"http://hl7.org/fhir/StructureDefinition/elementdefinition-maxValueSet","valueCanonical":"http://hl7.org/fhir/ValueSet/all-languages"},{"url":"http://hl7.org/fhir/StructureDefinition/elementdefinition-bindingName","valueString":"Language"},{"url":"http://hl7.org/fhir/StructureDefinition/elementdefinition-isCommonBinding","valueBoolean":true}],"strength":"preferred","description":"A human language.","valueSet":"http://hl7.org/fhir/ValueSet/languages"}},{"id":"RelatedPerson.text","path":"RelatedPerson.text","short":"Text summary of the resource, for human interpretation","definition":"A human-readable narrative that contains a summary of the resource and can be used to represent the content of the resource to a human. The narrative need not encode all the structured data, but is required to contain sufficient detail to make it \"clinically safe\" for a human to just read the narrative. Resource definitions may define what content should be represented in the narrative to ensure clinical safety.","comment":"Contained resources do not have narrative. Resources that are not contained SHOULD have a narrative. In some cases, a resource may only have text with little or no additional discrete data (as long as all minOccurs=1 elements are satisfied).  This may be necessary for data from legacy systems where information is captured as a \"text blob\" or where text is additionally entered raw or narrated and encoded information is added later.","alias":["narrative","html","xhtml","display"],"min":0,"max":"1","base":{"path":"DomainResource.text","min":0,"max":"1"},"type":[{"code":"Narrative"}],"constraint":[{"key":"ele-1","severity":"error","human":"All FHIR elements must have a @value or children","expression":"hasValue() or (children().count() > id.count())","xpath":"@value|f:*|h:div","source":"http://hl7.org/fhir/StructureDefinition/Element"}],"isModifier":false,"isSummary":false,"mapping":[{"identity":"rim","map":"Act.text?"}]},{"id":"RelatedPerson.contained","path":"RelatedPerson.contained","short":"Contained, inline Resources","definition":"These resources do not have an independent existence apart from the resource that contains them - they cannot be identified independently, and nor can they have their own independent transaction scope.","comment":"This should never be done when the content can be identified properly, as once identification is lost, it is extremely difficult (and context dependent) to restore it again. Contained resources may have profiles and tags In their meta elements, but SHALL NOT have security labels.","alias":["inline resources","anonymous resources","contained resources"],"min":0,"max":"*","base":{"path":"DomainResource.contained","min":0,"max":"*"},"type":[{"code":"Resource"}],"isModifier":false,"isSummary":false,"mapping":[{"identity":"rim","map":"N/A"}]},{"id":"RelatedPerson.extension","path":"RelatedPerson.extension","slicing":{"discriminator":[{"type":"value","path":"url"}],"description":"Extensions are always sliced by (at least) url","rules":"open"},"short":"Additional content defined by implementations","definition":"May be used to represent additional information that is not part of the basic definition of the resource. To make the use of extensions safe and manageable, there is a strict set of governance  applied to the definition and use of extensions. Though any implementer can define an extension, there is a set of requirements that SHALL be met as part of the definition of the extension.","comment":"There can be no stigma associated with the use of extensions by any application, project, or standard - regardless of the institution or jurisdiction that uses or defines the extensions.  The use of extensions is what allows the FHIR specification to retain a core level of simplicity for everyone.","alias":["extensions","user content"],"min":0,"max":"*","base":{"path":"DomainResource.extension","min":0,"max":"*"},"type":[{"code":"Extension"}],"constraint":[{"key":"ele-1","severity":"error","human":"All FHIR elements must have a @value or children","expression":"hasValue() or (children().count() > id.count())","xpath":"@value|f:*|h:div","source":"http://hl7.org/fhir/StructureDefinition/Element"},{"key":"ext-1","severity":"error","human":"Must have either extensions or value[x], not both","expression":"extension.exists() != value.exists()","xpath":"exists(f:extension)!=exists(f:*[starts-with(local-name(.), \"value\")])","source":"http://hl7.org/fhir/StructureDefinition/Extension"}],"isModifier":false,"isSummary":false,"mapping":[{"identity":"rim","map":"N/A"}]},{"id":"RelatedPerson.modifierExtension","path":"RelatedPerson.modifierExtension","slicing":{"discriminator":[{"type":"value","path":"url"}],"description":"Extensions are always sliced by (at least) url","rules":"open"},"short":"Extensions that cannot be ignored","definition":"May be used to represent additional information that is not part of the basic definition of the resource and that modifies the understanding of the element that contains it and/or the understanding of the containing element's descendants. Usually modifier elements provide negation or qualification. To make the use of extensions safe and manageable, there is a strict set of governance applied to the definition and use of extensions. Though any implementer is allowed to define an extension, there is a set of requirements that SHALL be met as part of the definition of the extension. Applications processing a resource are required to check for modifier extensions.\n\nModifier extensions SHALL NOT change the meaning of any elements on Resource or DomainResource (including cannot change the meaning of modifierExtension itself).","comment":"There can be no stigma associated with the use of extensions by any application, project, or standard - regardless of the institution or jurisdiction that uses or defines the extensions.  The use of extensions is what allows the FHIR specification to retain a core level of simplicity for everyone.","requirements":"Modifier extensions allow for extensions that *cannot* be safely ignored to be clearly distinguished from the vast majority of extensions which can be safely ignored.  This promotes interoperability by eliminating the need for implementers to prohibit the presence of extensions. For further information, see the [definition of modifier extensions](extensibility.html#modifierExtension).","alias":["extensions","user content"],"min":0,"max":"*","base":{"path":"DomainResource.modifierExtension","min":0,"max":"*"},"type":[{"code":"Extension"}],"constraint":[{"key":"ele-1","severity":"error","human":"All FHIR elements must have a @value or children","expression":"hasValue() or (children().count() > id.count())","xpath":"@value|f:*|h:div","source":"http://hl7.org/fhir/StructureDefinition/Element"},{"key":"ext-1","severity":"error","human":"Must have either extensions or value[x], not both","expression":"extension.exists() != value.exists()","xpath":"exists(f:extension)!=exists(f:*[starts-with(local-name(.), \"value\")])","source":"http://hl7.org/fhir/StructureDefinition/Extension"}],"isModifier":true,"isModifierReason":"Modifier extensions are expected to modify the meaning or interpretation of the resource that contains them","isSummary":false,"mapping":[{"identity":"rim","map":"N/A"}]},{"id":"RelatedPerson.identifier","extension":[{"url":"http://hl7.org/fhir/StructureDefinition/structuredefinition-standards-status","valueCode":"normative"},{"url":"http://hl7.org/fhir/StructureDefinition/structuredefinition-normative-version","valueCode":"4.0.0"}],"path":"RelatedPerson.identifier","short":"A human identifier for this person","definition":"Identifier for a person within a particular scope.","requirements":"People are known by a variety of ids. Some institutions maintain several, and most collect identifiers for exchange with other organizations concerning the patient. Examples are national person identifier and local identifier.","min":0,"max":"*","base":{"path":"RelatedPerson.identifier","min":0,"max":"*"},"type":[{"code":"Identifier"}],"condition":["ele-1"],"constraint":[{"key":"ele-1","severity":"error","human":"All FHIR elements must have a @value or children","expression":"hasValue() or (children().count() > id.count())","xpath":"@value|f:*|h:div","source":"http://hl7.org/fhir/StructureDefinition/Element"}],"isModifier":false,"isSummary":true,"mapping":[{"identity":"rim","map":"n/a"},{"identity":"v2","map":"CX / EI (occasionally, more often EI maps to a resource id or a URL)"},{"identity":"rim","map":"II - The Identifier class is a little looser than the v3 type II because it allows URIs as well as registered OIDs or GUIDs.  Also maps to Role[classCode=IDENT]"},{"identity":"servd","map":"Identifier"},{"identity":"w5","map":"FiveWs.identifier"},{"identity":"v2","map":"NK1-33"},{"identity":"rim","map":".id"}]},{"id":"RelatedPerson.active","path":"RelatedPerson.active","short":"Whether this related person's record is in active use","definition":"Whether this related person record is in active use.","comment":"This element is labeled as a modifier because it may be used to mark that the resource was created in error.","requirements":"Need to be able to mark a related person record as not to be used, such as if it was created in error.","min":0,"max":"1","base":{"path":"RelatedPerson.active","min":0,"max":"1"},"type":[{"code":"boolean"}],"meaningWhenMissing":"This resource is generally assumed to be active if no value is provided for the active element","constraint":[{"key":"ele-1","severity":"error","human":"All FHIR elements must have a @value or children","expression":"hasValue() or (children().count() > id.count())","xpath":"@value|f:*|h:div","source":"http://hl7.org/fhir/StructureDefinition/Element"}],"isModifier":true,"isModifierReason":"This element is labelled as a modifier because it is a status element that can indicate that a record should not be treated as valid","isSummary":true,"mapping":[{"identity":"w5","map":"FiveWs.status"},{"identity":"rim","map":".statusCode"}]},{"id":"RelatedPerson.patient","extension":[{"url":"http://hl7.org/fhir/StructureDefinition/structuredefinition-standards-status","valueCode":"normative"},{"url":"http://hl7.org/fhir/StructureDefinition/structuredefinition-normative-version","valueCode":"4.0.0"}],"path":"RelatedPerson.patient","short":"The patient this person is related to","definition":"The patient this person is related to.","comment":"References SHALL be a reference to an actual FHIR resource, and SHALL be resolveable (allowing for access control, temporary unavailability, etc.). Resolution can be either by retrieval from the URL, or, where applicable by resource type, by treating an absolute reference as a canonical URL and looking it up in a local registry/repository.","requirements":"We need to know which patient this RelatedPerson is related to.","min":1,"max":"1","base":{"path":"RelatedPerson.patient","min":1,"max":"1"},"type":[{"code":"Reference","targetProfile":["http://hl7.org/fhir/StructureDefinition/Patient","http://nictiz.nl/fhir/StructureDefinition/nl-core-Patient"]}],"condition":["ele-1"],"constraint":[{"key":"ele-1","severity":"error","human":"All FHIR elements must have a @value or children","expression":"hasValue() or (children().count() > id.count())","xpath":"@value|f:*|h:div","source":"http://hl7.org/fhir/StructureDefinition/Element"},{"key":"ref-1","severity":"error","human":"SHALL have a contained resource if a local reference is provided","expression":"reference.startsWith('#').not() or (reference.substring(1).trace('url') in %rootResource.contained.id.trace('ids'))","xpath":"not(starts-with(f:reference/@value, '#')) or exists(ancestor::*[self::f:entry or self::f:parameter]/f:resource/f:*/f:contained/f:*[f:id/@value=substring-after(current()/f:reference/@value, '#')]|/*/f:contained/f:*[f:id/@value=substring-after(current()/f:reference/@value, '#')])","source":"http://hl7.org/fhir/StructureDefinition/Reference"}],"isModifier":false,"isSummary":true,"mapping":[{"identity":"rim","map":"n/a"},{"identity":"rim","map":"The target of a resource reference is a RIM entry point (Act, Role, or Entity)"},{"identity":"v2","map":"PID-3"},{"identity":"rim","map":"scoper[classCode=PSN|ANM and determinerCode='INSTANCE']/playedRole[classCode='PAT']/id"}]},{"id":"RelatedPerson.relationship","extension":[{"url":"http://hl7.org/fhir/StructureDefinition/structuredefinition-standards-status","valueCode":"normative"},{"url":"http://hl7.org/fhir/StructureDefinition/structuredefinition-normative-version","valueCode":"4.0.0"}],"path":"RelatedPerson.relationship","slicing":{"discriminator":[{"type":"value","path":"$this"}],"rules":"open"},"short":"The nature of the relationship","definition":"The nature of the relationship between a patient and the related person.","comment":"Not all terminology uses fit this general pattern. In some cases, models should not use CodeableConcept and use Coding directly and provide their own structure for managing text, codings, translations and the relationship between elements and pre- and post-coordination.","requirements":"We need to know the relationship with the patient since it influences the interpretation of the information attributed to this person.","min":0,"max":"*","base":{"path":"RelatedPerson.relationship","min":0,"max":"*"},"type":[{"code":"CodeableConcept"}],"condition":["ele-1"],"constraint":[{"key":"ele-1","severity":"error","human":"All FHIR elements must have a @value or children","expression":"hasValue() or (children().count() > id.count())","xpath":"@value|f:*|h:div","source":"http://hl7.org/fhir/StructureDefinition/Element"}],"isModifier":false,"isSummary":true,"binding":{"extension":[{"url":"http://hl7.org/fhir/StructureDefinition/elementdefinition-bindingName","valueString":"PatientRelationshipType"}],"strength":"preferred","description":"The nature of the relationship between a patient and the related person.","valueSet":"http://hl7.org/fhir/ValueSet/relatedperson-relationshiptype"},"mapping":[{"identity":"rim","map":"n/a"},{"identity":"v2","map":"CE/CNE/CWE"},{"identity":"rim","map":"CD"},{"identity":"orim","map":"fhir:CodeableConcept rdfs:subClassOf dt:CD"},{"identity":"w5","map":"FiveWs.class"},{"identity":"v2","map":"NK1-3"},{"identity":"rim","map":"code"}]},{"id":"RelatedPerson.relationship:role","extension":[{"url":"http://hl7.org/fhir/StructureDefinition/structuredefinition-standards-status","valueCode":"normative"},{"url":"http://hl7.org/fhir/StructureDefinition/structuredefinition-normative-version","valueCode":"4.0.0"}],"path":"RelatedPerson.relationship","sliceName":"role","short":"Role","definition":"Defines the role of the contact in relation to the patient.","comment":"Not all terminology uses fit this general pattern. In some cases, models should not use CodeableConcept and use Coding directly and provide their own structure for managing text, codings, translations and the relationship between elements and pre- and post-coordination.","requirements":"We need to know the relationship with the patient since it influences the interpretation of the information attributed to this person.","alias":["Rol"],"min":0,"max":"*","base":{"path":"RelatedPerson.relationship","min":0,"max":"*"},"type":[{"code":"CodeableConcept"}],"condition":["ele-1"],"constraint":[{"key":"ele-1","severity":"error","human":"All FHIR elements must have a @value or children","expression":"hasValue() or (children().count() > id.count())","xpath":"@value|f:*|h:div","source":"http://hl7.org/fhir/StructureDefinition/Element"}],"isModifier":false,"isSummary":true,"binding":{"extension":[{"url":"http://hl7.org/fhir/StructureDefinition/elementdefinition-bindingName","valueString":"PatientRelationshipType"}],"strength":"required","description":"The nature of the relationship between a patient and the related person.","valueSet":"http://decor.nictiz.nl/fhir/ValueSet/2.16.840.1.113883.2.4.3.11.60.40.2.3.1.2--20200901000000"},"mapping":[{"identity":"rim","map":"n/a"},{"identity":"v2","map":"CE/CNE/CWE"},{"identity":"rim","map":"CD"},{"identity":"orim","map":"fhir:CodeableConcept rdfs:subClassOf dt:CD"},{"identity":"w5","map":"FiveWs.class"},{"identity":"v2","map":"NK1-3"},{"identity":"rim","map":"code"},{"identity":"zib-contactperson-v3.4-2020EN","map":"NL-CM:3.1.2","comment":"Role"}]},{"id":"RelatedPerson.relationship:relationship","extension":[{"url":"http://hl7.org/fhir/StructureDefinition/structuredefinition-standards-status","valueCode":"normative"},{"url":"http://hl7.org/fhir/StructureDefinition/structuredefinition-normative-version","valueCode":"4.0.0"}],"path":"RelatedPerson.relationship","sliceName":"relationship","short":"Relationship","definition":"Defines the contact’s familial relationship to the patient.","comment":"Not all terminology uses fit this general pattern. In some cases, models should not use CodeableConcept and use Coding directly and provide their own structure for managing text, codings, translations and the relationship between elements and pre- and post-coordination.","requirements":"We need to know the relationship with the patient since it influences the interpretation of the information attributed to this person.","alias":["Relatie"],"min":0,"max":"*","base":{"path":"RelatedPerson.relationship","min":0,"max":"*"},"type":[{"code":"CodeableConcept"}],"condition":["ele-1"],"constraint":[{"key":"ele-1","severity":"error","human":"All FHIR elements must have a @value or children","expression":"hasValue() or (children().count() > id.count())","xpath":"@value|f:*|h:div","source":"http://hl7.org/fhir/StructureDefinition/Element"}],"isModifier":false,"isSummary":true,"binding":{"extension":[{"url":"http://hl7.org/fhir/StructureDefinition/elementdefinition-bindingName","valueString":"PatientRelationshipType"}],"strength":"required","description":"The nature of the relationship between a patient and the related person.","valueSet":"http://decor.nictiz.nl/fhir/ValueSet/2.16.840.1.113883.2.4.3.11.60.40.2.3.1.1--20200901000000"},"mapping":[{"identity":"rim","map":"n/a"},{"identity":"v2","map":"CE/CNE/CWE"},{"identity":"rim","map":"CD"},{"identity":"orim","map":"fhir:CodeableConcept rdfs:subClassOf dt:CD"},{"identity":"w5","map":"FiveWs.class"},{"identity":"v2","map":"NK1-3"},{"identity":"rim","map":"code"},{"identity":"zib-contactperson-v3.4-2020EN","map":"NL-CM:3.1.3","comment":"Relationship"}]},{"id":"RelatedPerson.name","extension":[{"url":"http://hl7.org/fhir/StructureDefinition/structuredefinition-standards-status","valueCode":"normative"},{"url":"http://hl7.org/fhir/StructureDefinition/structuredefinition-normative-version","valueCode":"4.0.0"}],"path":"RelatedPerson.name","slicing":{"discriminator":[{"type":"value","path":"use"}],"rules":"open"},"short":"NameInformation / PayerName","definition":"Full name of the contact.","comment":"Names may be changed, or repudiated, or people may have different names in different contexts. Names may be divided into parts of different type that have variable significance depending on context, though the division into parts does not always matter. With personal names, the different parts might or might not be imbued with some implicit meaning; various cultures associate different importance with the name parts and the degree to which systems must care about name parts around the world varies widely.","requirements":"Related persons need to be identified by name, but it is uncommon to need details about multiple other names for that person.","alias":["Naamgegevens","BetalerNaam"],"min":0,"max":"*","base":{"path":"RelatedPerson.name","min":0,"max":"*"},"type":[{"code":"HumanName"}],"condition":["ele-1"],"constraint":[{"key":"ele-1","severity":"error","human":"All FHIR elements must have a @value or children","expression":"hasValue() or (children().count() > id.count())","xpath":"@value|f:*|h:div","source":"http://hl7.org/fhir/StructureDefinition/Element"}],"isModifier":false,"isSummary":true,"mapping":[{"identity":"rim","map":"n/a"},{"identity":"v2","map":"XPN"},{"identity":"rim","map":"EN (actually, PN)"},{"identity":"servd","map":"ProviderName"},{"identity":"v2","map":"NK1-2"},{"identity":"rim","map":"name"},{"identity":"zib-contactperson-v3.4-2020EN","map":"NL-CM:3.1.4","comment":"NameInformation"},{"identity":"zib-payer-v3.1.1-2020EN","map":"NL-CM:1.1.5","comment":"PayerName"}]},{"id":"RelatedPerson.name:nameInformation","extension":[{"url":"http://hl7.org/fhir/StructureDefinition/structuredefinition-standards-status","valueCode":"normative"},{"url":"http://hl7.org/fhir/StructureDefinition/structuredefinition-normative-version","valueCode":"4.0.0"}],"path":"RelatedPerson.name","sliceName":"nameInformation","short":"NameInformation","definition":"This slice represents the person's official name information, including given names, last name and possibly the partner's last name.","comment":"This `.name` element accomodates the official parts of a Dutch name according to common international usage and optionally to the [zib NameInformation v1.1 (2020)](https://zibs.nl/wiki/NameInformation-v1.1(2020EN)). An official Dutch name is represented in FHIR as an ordinary international name, optionally augmented using extensions to specify how the last name is built up according to the Dutch rules if conformance to the zib is required. See the guidance on `.family` and on `.extension:nameUsage` for more information.\r\n\r\nSystems that need to work in a Dutch context SHOULD support the extensions as specified in `.given`, `.family` and `.extension:nameUsage`. In addition, systems SHOULD use the core elements according to the FHIR specifications to provide compatibility outside Dutch contexts. This means that:\r\n* If parts of the name are specified using one or more of the structured elements, the `.text` element SHOULD be populated with a rendered version of the full name.\r\n* If parts of the family name are specified using the extensions in `.family`, the `.family` element SHOULD be populated with the full family name.\r\n\r\n**Note 1**: The zib cannot be represented straightforward in FHIR. Especially note the guidance on `.given` on how to map the FirstNames and Initials concepts, and on `.prefix`/`.suffix` on how to map the Titles concept.\r\n\r\n**Note 2**: This element should only contain a person's _official_ names. The GivenName concept is represented in another `.name` element with `.name.use` = _usual_.\r\n\r\n**Note 3**: The examples illustrate how the zib is mapped to FHIR.","requirements":"Related persons need to be identified by name, but it is uncommon to need details about multiple other names for that person.","alias":["Naamgegevens","nl-core-NameInformation"],"min":0,"max":"2","base":{"path":"RelatedPerson.name","min":0,"max":"*"},"type":[{"code":"HumanName","profile":["http://nictiz.nl/fhir/StructureDefinition/nl-core-NameInformation"]}],"condition":["ele-1"],"constraint":[{"key":"ele-1","severity":"error","human":"All FHIR elements must have a @value or children","expression":"hasValue() or (children().count() > id.count())","xpath":"@value|f:*|h:div","source":"http://hl7.org/fhir/StructureDefinition/Element"},{"key":"zib-NameInformation-1","severity":"error","human":"If a prefix for a family name is specified, the family name is expected as well","expression":"family.extension('http://hl7.org/fhir/StructureDefinition/humanname-own-prefix').empty().not() implies family.extension('http://hl7.org/fhir/StructureDefinition/humanname-own-name').empty().not()","source":"http://nictiz.nl/fhir/StructureDefinition/zib-NameInformation"},{"key":"zib-NameInformation-2","severity":"error","human":"If the prefix for a partner family name is specified, the partner family name is expected as well","expression":"family.extension('http://hl7.org/fhir/StructureDefinition/humanname-partner-prefix').empty().not() implies family.extension('http://hl7.org/fhir/StructureDefinition/humanname-partner-name').empty().not()","source":"http://nictiz.nl/fhir/StructureDefinition/zib-NameInformation"},{"key":"nl-core-NameInformation-01","severity":"warning","human":"If parts of the name are specified using one or more of the structured elements, the `.text` element SHOULD be populated with a rendered version of the full name. This ensures compatibility with common FHIR usage.","expression":"(family.exists() or given.extension.where(url = 'http://hl7.org/fhir/StructureDefinition/iso21090-EN-qualifier').where(value != 'IN').exists()) implies text.hasValue()","source":"http://nictiz.nl/fhir/StructureDefinition/nl-core-NameInformation"}],"isModifier":false,"isSummary":true,"mapping":[{"identity":"rim","map":"n/a"},{"identity":"v2","map":"XPN"},{"identity":"rim","map":"EN (actually, PN)"},{"identity":"servd","map":"ProviderName"},{"identity":"v2","map":"NK1-2"},{"identity":"rim","map":"name"},{"identity":"zib-nameinformation-v1.1-2020EN","map":"NL-CM:20.4.1","comment":"NameInformation"}]},{"id":"RelatedPerson.name:nameInformation-GivenName","extension":[{"url":"http://hl7.org/fhir/StructureDefinition/structuredefinition-standards-status","valueCode":"normative"},{"url":"http://hl7.org/fhir/StructureDefinition/structuredefinition-normative-version","valueCode":"4.0.0"}],"path":"RelatedPerson.name","sliceName":"nameInformation-GivenName","short":"Name of a human - parts and usage","definition":"This slice represents the name information normally used to address the person.","comment":"This `.name` element represents the Dutch given name (\"roepnaam\") according to the [zib NameInformation v1.1 (2020)](https://zibs.nl/wiki/NameInformation-v1.1(2020EN)).\r\n\r\n**Note 1**: This element should only contain a person's _unofficial_ name. The official names are represented in one or more other `.name` elements with `.name.use` = _official_.\r\n\r\n**Note 2**: The examples illustrate how the zib is mapped to FHIR.","requirements":"Related persons need to be identified by name, but it is uncommon to need details about multiple other names for that person.","alias":["nl-core-NameInformation.GivenName"],"min":0,"max":"*","base":{"path":"RelatedPerson.name","min":0,"max":"*"},"type":[{"code":"HumanName","profile":["http://nictiz.nl/fhir/StructureDefinition/nl-core-NameInformation.GivenName"]}],"condition":["ele-1"],"constraint":[{"key":"ele-1","severity":"error","human":"All FHIR elements must have a @value or children","expression":"hasValue() or (children().count() > id.count())","xpath":"@value|f:*|h:div","source":"http://hl7.org/fhir/StructureDefinition/Element"}],"isModifier":false,"isSummary":true,"mapping":[{"identity":"rim","map":"n/a"},{"identity":"v2","map":"XPN"},{"identity":"rim","map":"EN (actually, PN)"},{"identity":"servd","map":"ProviderName"},{"identity":"v2","map":"NK1-2"},{"identity":"rim","map":"name"}]},{"id":"RelatedPerson.telecom","extension":[{"url":"http://hl7.org/fhir/StructureDefinition/structuredefinition-standards-status","valueCode":"normative"},{"url":"http://hl7.org/fhir/StructureDefinition/structuredefinition-normative-version","valueCode":"4.0.0"}],"path":"RelatedPerson.telecom","slicing":{"discriminator":[{"type":"profile","path":"$this"}],"rules":"open"},"short":"ContactInformation","definition":"The contact’s telephone number and/or e-mail address.","comment":"The cardinality mismatch between the zib (`0..1`) and FHIR (`0..*`) is explained by the containers TelephoneNumbers (`0..*`) and EmailAddresses (`0..*`) inside the ContactInformation model. The FHIR datatype ContactPoint does not have these containers.","requirements":"People have (primary) ways to contact them in some way such as phone, email.","alias":["Contactgegevens"],"min":0,"max":"*","base":{"path":"RelatedPerson.telecom","min":0,"max":"*"},"type":[{"code":"ContactPoint"}],"condition":["ele-1"],"constraint":[{"key":"cpt-2","severity":"error","human":"A system is required if a value is provided.","expression":"value.empty() or system.exists()","xpath":"not(exists(f:value)) or exists(f:system)","source":"http://hl7.org/fhir/StructureDefinition/ContactPoint"},{"key":"ele-1","severity":"error","human":"All FHIR elements must have a @value or children","expression":"hasValue() or (children().count() > id.count())","xpath":"@value|f:*|h:div","source":"http://hl7.org/fhir/StructureDefinition/Element"}],"isModifier":false,"isSummary":true,"mapping":[{"identity":"rim","map":"n/a"},{"identity":"v2","map":"XTN"},{"identity":"rim","map":"TEL"},{"identity":"servd","map":"ContactPoint"},{"identity":"v2","map":"NK1-5 / NK1-6 / NK1-40"},{"identity":"rim","map":"telecom"},{"identity":"zib-contactperson-v3.4-2020EN","map":"NL-CM:3.1.6","comment":"ContactInformation"},{"identity":"zib-contactinformation-v1.2-2020EN","map":"NL-CM:20.6.1","comment":"ContactInformation"},{"identity":"zib-payer-v3.1.1-2020EN","map":"NL-CM:1.1.12","comment":"ContactInformation"}]},{"id":"RelatedPerson.telecom:telephoneNumbers","extension":[{"url":"http://hl7.org/fhir/StructureDefinition/structuredefinition-standards-status","valueCode":"normative"},{"url":"http://hl7.org/fhir/StructureDefinition/structuredefinition-normative-version","valueCode":"4.0.0"}],"path":"RelatedPerson.telecom","sliceName":"telephoneNumbers","short":"TelephoneNumbers","definition":"Details for all kinds of technology mediated contact points for a person or organization, including telephone, email, etc.","comment":"Implementation of the \"TelephoneNumbers\" concept of zib ContactInformation.\r\n\r\nPlease note that, although the zib concepts TelecomType and NumberType are functionally equivalent to the FHIR concepts `ContactPoint.system` and `ContactPoint.use` respectively, a mismatch occurs on the concept of mobile phone numbers; the zib uses the first concept and FHIR the second. For this reason, the ValueSet on `ContactPoint.system` is too narrow and the zib code will need to be communicated using the ext-CodeSpecification extension.","requirements":"People have (primary) ways to contact them in some way such as phone, email.","alias":["Telefoonnummers","nl-core-ContactInformation-TelephoneNumbers"],"min":0,"max":"*","base":{"path":"RelatedPerson.telecom","min":0,"max":"*"},"type":[{"code":"ContactPoint","profile":["http://nictiz.nl/fhir/StructureDefinition/nl-core-ContactInformation-TelephoneNumbers"]}],"condition":["ele-1"],"constraint":[{"key":"cpt-2","severity":"error","human":"A system is required if a value is provided.","expression":"value.empty() or system.exists()","xpath":"not(exists(f:value)) or exists(f:system)","source":"http://hl7.org/fhir/StructureDefinition/ContactPoint"},{"key":"ele-1","severity":"error","human":"All FHIR elements must have a @value or children","expression":"hasValue() or (children().count() > id.count())","xpath":"@value|f:*|h:div","source":"http://hl7.org/fhir/StructureDefinition/Element"}],"isModifier":false,"isSummary":true,"mapping":[{"identity":"rim","map":"n/a"},{"identity":"v2","map":"XTN"},{"identity":"rim","map":"TEL"},{"identity":"servd","map":"ContactPoint"},{"identity":"v2","map":"NK1-5 / NK1-6 / NK1-40"},{"identity":"rim","map":"telecom"},{"identity":"zib-contactinformation-v1.2-2020EN","map":"NL-CM:20.6.2","comment":"TelephoneNumbers"}]},{"id":"RelatedPerson.telecom:emailAddresses","extension":[{"url":"http://hl7.org/fhir/StructureDefinition/structuredefinition-standards-status","valueCode":"normative"},{"url":"http://hl7.org/fhir/StructureDefinition/structuredefinition-normative-version","valueCode":"4.0.0"}],"path":"RelatedPerson.telecom","sliceName":"emailAddresses","short":"EmailAddresses","definition":"Details for all kinds of technology mediated contact points for a person or organization, including telephone, email, etc.","comment":"Implementation of the \"EmailAddresses\" concept of zib ContactInformation.","requirements":"People have (primary) ways to contact them in some way such as phone, email.","alias":["EmailAdressen","nl-core-ContactInformation-EmailAddresses"],"min":0,"max":"*","base":{"path":"RelatedPerson.telecom","min":0,"max":"*"},"type":[{"code":"ContactPoint","profile":["http://nictiz.nl/fhir/StructureDefinition/nl-core-ContactInformation-EmailAddresses"]}],"condition":["ele-1"],"constraint":[{"key":"cpt-2","severity":"error","human":"A system is required if a value is provided.","expression":"value.empty() or system.exists()","xpath":"not(exists(f:value)) or exists(f:system)","source":"http://hl7.org/fhir/StructureDefinition/ContactPoint"},{"key":"ele-1","severity":"error","human":"All FHIR elements must have a @value or children","expression":"hasValue() or (children().count() > id.count())","xpath":"@value|f:*|h:div","source":"http://hl7.org/fhir/StructureDefinition/Element"}],"isModifier":false,"isSummary":true,"mapping":[{"identity":"rim","map":"n/a"},{"identity":"v2","map":"XTN"},{"identity":"rim","map":"TEL"},{"identity":"servd","map":"ContactPoint"},{"identity":"v2","map":"NK1-5 / NK1-6 / NK1-40"},{"identity":"rim","map":"telecom"},{"identity":"zib-contactinformation-v1.2-2020EN","map":"NL-CM:20.6.3","comment":"EmailAddresses"}]},{"id":"RelatedPerson.gender","path":"RelatedPerson.gender","short":"male | female | other | unknown","definition":"Administrative Gender - the gender that the person is considered to have for administration and record keeping purposes.","requirements":"Needed for identification of the person, in combination with (at least) name and birth date.","min":0,"max":"1","base":{"path":"RelatedPerson.gender","min":0,"max":"1"},"type":[{"code":"code"}],"constraint":[{"key":"ele-1","severity":"error","human":"All FHIR elements must have a @value or children","expression":"hasValue() or (children().count() > id.count())","xpath":"@value|f:*|h:div","source":"http://hl7.org/fhir/StructureDefinition/Element"}],"isModifier":false,"isSummary":true,"binding":{"extension":[{"url":"http://hl7.org/fhir/StructureDefinition/elementdefinition-bindingName","valueString":"AdministrativeGender"},{"url":"http://hl7.org/fhir/StructureDefinition/elementdefinition-isCommonBinding","valueBoolean":true}],"strength":"required","description":"The gender of a person used for administrative purposes.","valueSet":"http://hl7.org/fhir/ValueSet/administrative-gender|4.0.1"},"mapping":[{"identity":"v2","map":"NK1-15"},{"identity":"rim","map":"administrativeGender"}]},{"id":"RelatedPerson.birthDate","path":"RelatedPerson.birthDate","short":"The date on which the related person was born","definition":"The date on which the related person was born.","min":0,"max":"1","base":{"path":"RelatedPerson.birthDate","min":0,"max":"1"},"type":[{"code":"date"}],"constraint":[{"key":"ele-1","severity":"error","human":"All FHIR elements must have a @value or children","expression":"hasValue() or (children().count() > id.count())","xpath":"@value|f:*|h:div","source":"http://hl7.org/fhir/StructureDefinition/Element"}],"isModifier":false,"isSummary":true,"mapping":[{"identity":"rim","map":"player.birthTime"}]},{"id":"RelatedPerson.address","extension":[{"url":"http://hl7.org/fhir/StructureDefinition/structuredefinition-standards-status","valueCode":"normative"},{"url":"http://hl7.org/fhir/StructureDefinition/structuredefinition-normative-version","valueCode":"4.0.0"}],"path":"RelatedPerson.address","short":"AddressInformation","definition":"An address expressed using postal conventions (as opposed to GPS or other location definition formats).  This data type may be used to convey addresses for use in delivering mail as well as for visiting locations which might not be valid for mail delivery.  There are a variety of postal address formats defined around the world.","comment":"This datatype defines a common basis for expressing all addresses around the world, but adds extensions to express Dutch addresses specifically, according to the [zib AddressInformation v1.1 (2020)](https://zibs.nl/wiki/AddressInformation-v1.1(2020EN)). A Dutch Address still is a proper FHIR Address, which means that systems that cannot interpret the extensions will still be able to render and work with this datatype.\r\n\r\nTo have true compatibility an implementer SHOULD use the core Address parts as intended. To have addresses work for Dutch context, the implementer SHOULD in addition use the extension elements.\r\n\r\n**Separate address parts**\r\n\r\nThe first addition is that Dutch addresses make certain address parts separately communicable. These parts are required for use in true Dutch systems when dealing with Dutch addresses, but may not have value for international systems when information gets sent abroad.\r\n\r\n**Custom address types**\r\n\r\nThe second addition is that the zib defines its own ValueSet for address types, which can only be partially expressed using the FHIR Address datatype and requires a mapping to multiple elements. The table below explains how the zib concepts are mapped to the various FHIR elements (see the ConceptMaps <http://nictiz.nl/fhir/ConceptMap/AdresSoortCodelijst-to-AddressUse> and <http://nictiz.nl/fhir/ConceptMap/AdresSoortCodelijst-to-AddressType> as well). The code from the zib should also be included using the extension on `Address.extension:addressType`.\r\n\r\n| zib                               | .ext:addressType | .use | .type    |\r\n|-----------------------------------|------------------|------|----------|\r\n| Postal Address/Postadres          | PST              |      | postal   |\r\n| Primary Home/Officieel adres      | HP               | home | both     |\r\n| Visit Address/Woon-/verblijfadres | PHYS             | home | physical |\r\n| Temporary Address/Tijdelijk adres | TMP              | temp |          |\r\n| Work Place/Werkadres              | WP               | work |          |\r\n| Vacation Home/Vakantie adres      | HV               | temp |          |\r\n\r\nIf `Address.type` is _both_ then this is to be understood as a dual purpose address (postal and physical), unless a specific _postal_ type address is added. Systems that support importing it like this are encouraged to do so, otherwise they may need to import this as two separate addresses.\r\n\r\nNote: FHIR core defines the AD-use extension to further specify the postal address type. However, the ValueSet used in that extension doesn't completely match the zib ValueSet. Therefore, a custom extension has been made. This doesn't preclude the use of the AD-use extension.","requirements":"Need to keep track where the related person can be contacted per postal mail or visited.","alias":["Adresgegevens","nl-core-AddressInformation"],"min":0,"max":"*","base":{"path":"RelatedPerson.address","min":0,"max":"*"},"type":[{"code":"Address","profile":["http://nictiz.nl/fhir/StructureDefinition/nl-core-AddressInformation"]}],"condition":["ele-1"],"constraint":[{"key":"ele-1","severity":"error","human":"All FHIR elements must have a @value or children","expression":"hasValue() or (children().count() > id.count())","xpath":"@value|f:*|h:div","source":"http://hl7.org/fhir/StructureDefinition/Element"}],"isModifier":false,"isSummary":true,"mapping":[{"identity":"rim","map":"n/a"},{"identity":"v2","map":"XAD"},{"identity":"rim","map":"AD"},{"identity":"servd","map":"Address"},{"identity":"v2","map":"NK1-4"},{"identity":"rim","map":"addr"},{"identity":"zib-addressinformation-v1.1-2020EN","map":"NL-CM:20.5.1","comment":"AddressInformation"},{"identity":"zib-contactperson-v3.4-2020EN","map":"NL-CM:3.1.5","comment":"AddressInformation"},{"identity":"zib-payer-v3.1.1-2020EN","map":"NL-CM:1.1.17","comment":"AddressInformation"}]},{"id":"RelatedPerson.photo","extension":[{"url":"http://hl7.org/fhir/StructureDefinition/structuredefinition-standards-status","valueCode":"normative"},{"url":"http://hl7.org/fhir/StructureDefinition/structuredefinition-normative-version","valueCode":"4.0.0"}],"path":"RelatedPerson.photo","short":"Image of the person","definition":"Image of the person.","comment":"When providing a summary view (for example with Observation.value[x]) Attachment should be represented with a brief display text such as \"Signed Procedure Consent\".","requirements":"Many EHR systems have the capability to capture an image of persons. Fits with newer social media usage too.","min":0,"max":"*","base":{"path":"RelatedPerson.photo","min":0,"max":"*"},"type":[{"code":"Attachment"}],"condition":["ele-1"],"constraint":[{"key":"att-1","severity":"error","human":"If the Attachment has data, it SHALL have a contentType","expression":"data.empty() or contentType.exists()","xpath":"not(exists(f:data)) or exists(f:contentType)","source":"http://hl7.org/fhir/StructureDefinition/Attachment"},{"key":"ele-1","severity":"error","human":"All FHIR elements must have a @value or children","expression":"hasValue() or (children().count() > id.count())","xpath":"@value|f:*|h:div","source":"http://hl7.org/fhir/StructureDefinition/Element"}],"isModifier":false,"mapping":[{"identity":"rim","map":"n/a"},{"identity":"v2","map":"ED/RP"},{"identity":"rim","map":"ED"},{"identity":"v2","map":"OBX-5 - needs a profile"},{"identity":"rim","map":"player[classCode='PSN' and determinerCode='INSTANCE']/desc"}]},{"id":"RelatedPerson.period","extension":[{"url":"http://hl7.org/fhir/StructureDefinition/structuredefinition-standards-status","valueCode":"normative"},{"url":"http://hl7.org/fhir/StructureDefinition/structuredefinition-normative-version","valueCode":"4.0.0"}],"path":"RelatedPerson.period","short":"Period of time that this relationship is considered valid","definition":"The period of time during which this relationship is or was active. If there are no dates defined, then the interval is unknown.","comment":"A Period specifies a range of time; the context of use will specify whether the entire range applies (e.g. \"the patient was an inpatient of the hospital for this time range\") or one value from the range applies (e.g. \"give to the patient between these two times\").\n\nPeriod is not used for a duration (a measure of elapsed time). See [Duration](datatypes.html#Duration).","min":0,"max":"1","base":{"path":"RelatedPerson.period","min":0,"max":"1"},"type":[{"code":"Period"}],"condition":["ele-1"],"constraint":[{"key":"ele-1","severity":"error","human":"All FHIR elements must have a @value or children","expression":"hasValue() or (children().count() > id.count())","xpath":"@value|f:*|h:div","source":"http://hl7.org/fhir/StructureDefinition/Element"},{"key":"per-1","severity":"error","human":"If present, start SHALL have a lower value than end","expression":"start.hasValue().not() or end.hasValue().not() or (start <= end)","xpath":"not(exists(f:start/@value)) or not(exists(f:end/@value)) or (xs:dateTime(f:start/@value) <= xs:dateTime(f:end/@value))","source":"http://hl7.org/fhir/StructureDefinition/Period"}],"isModifier":false,"mapping":[{"identity":"rim","map":"n/a"},{"identity":"v2","map":"DR"},{"identity":"rim","map":"IVL<TS>[lowClosed=\"true\" and highClosed=\"true\"] or URG<TS>[lowClosed=\"true\" and highClosed=\"true\"]"},{"identity":"w5","map":"FiveWs.done[x]"},{"identity":"rim","map":".effectiveTime"}]},{"id":"RelatedPerson.communication","extension":[{"url":"http://hl7.org/fhir/StructureDefinition/structuredefinition-standards-status","valueCode":"normative"},{"url":"http://hl7.org/fhir/StructureDefinition/structuredefinition-normative-version","valueCode":"4.0.0"}],"path":"RelatedPerson.communication","short":"A language which may be used to communicate with about the patient's health","definition":"A language which may be used to communicate with about the patient's health.","comment":"If no language is specified, this *implies* that the default local language is spoken.  If you need to convey proficiency for multiple modes, then you need multiple RelatedPerson.Communication associations.   If the RelatedPerson does not speak the default local language, then the Interpreter Required Standard can be used to explicitly declare that an interpreter is required.","requirements":"If a related person does not speak the local language, interpreters may be required, so languages spoken and proficiency is an important things to keep track of both for patient and other persons of interest.","min":0,"max":"*","base":{"path":"RelatedPerson.communication","min":0,"max":"*"},"type":[{"code":"BackboneElement"}],"condition":["ele-1"],"constraint":[{"key":"ele-1","severity":"error","human":"All FHIR elements must have a @value or children","expression":"hasValue() or (children().count() > id.count())","xpath":"@value|f:*|h:div","source":"http://hl7.org/fhir/StructureDefinition/Element"}],"isModifier":false,"mapping":[{"identity":"rim","map":"n/a"},{"identity":"rim","map":"LanguageCommunication"}]},{"id":"RelatedPerson.communication.id","path":"RelatedPerson.communication.id","representation":["xmlAttr"],"short":"Unique id for inter-element referencing","definition":"Unique id for the element within a resource (for internal references). This may be any string value that does not contain spaces.","min":0,"max":"1","base":{"path":"Element.id","min":0,"max":"1"},"type":[{"extension":[{"url":"http://hl7.org/fhir/StructureDefinition/structuredefinition-fhir-type","valueUrl":"string"}],"code":"http://hl7.org/fhirpath/System.String"}],"isModifier":false,"isSummary":false,"mapping":[{"identity":"rim","map":"n/a"}]},{"id":"RelatedPerson.communication.extension","path":"RelatedPerson.communication.extension","slicing":{"discriminator":[{"type":"value","path":"url"}],"description":"Extensions are always sliced by (at least) url","rules":"open"},"short":"Additional content defined by implementations","definition":"May be used to represent additional information that is not part of the basic definition of the element. To make the use of extensions safe and manageable, there is a strict set of governance  applied to the definition and use of extensions. Though any implementer can define an extension, there is a set of requirements that SHALL be met as part of the definition of the extension.","comment":"There can be no stigma associated with the use of extensions by any application, project, or standard - regardless of the institution or jurisdiction that uses or defines the extensions.  The use of extensions is what allows the FHIR specification to retain a core level of simplicity for everyone.","alias":["extensions","user content"],"min":0,"max":"*","base":{"path":"Element.extension","min":0,"max":"*"},"type":[{"code":"Extension"}],"constraint":[{"key":"ele-1","severity":"error","human":"All FHIR elements must have a @value or children","expression":"hasValue() or (children().count() > id.count())","xpath":"@value|f:*|h:div","source":"http://hl7.org/fhir/StructureDefinition/Element"},{"key":"ext-1","severity":"error","human":"Must have either extensions or value[x], not both","expression":"extension.exists() != value.exists()","xpath":"exists(f:extension)!=exists(f:*[starts-with(local-name(.), \"value\")])","source":"http://hl7.org/fhir/StructureDefinition/Extension"}],"isModifier":false,"isSummary":false,"mapping":[{"identity":"rim","map":"n/a"}]},{"id":"RelatedPerson.communication.modifierExtension","path":"RelatedPerson.communication.modifierExtension","short":"Extensions that cannot be ignored even if unrecognized","definition":"May be used to represent additional information that is not part of the basic definition of the element and that modifies the understanding of the element in which it is contained and/or the understanding of the containing element's descendants. Usually modifier elements provide negation or qualification. To make the use of extensions safe and manageable, there is a strict set of governance applied to the definition and use of extensions. Though any implementer can define an extension, there is a set of requirements that SHALL be met as part of the definition of the extension. Applications processing a resource are required to check for modifier extensions.\n\nModifier extensions SHALL NOT change the meaning of any elements on Resource or DomainResource (including cannot change the meaning of modifierExtension itself).","comment":"There can be no stigma associated with the use of extensions by any application, project, or standard - regardless of the institution or jurisdiction that uses or defines the extensions.  The use of extensions is what allows the FHIR specification to retain a core level of simplicity for everyone.","requirements":"Modifier extensions allow for extensions that *cannot* be safely ignored to be clearly distinguished from the vast majority of extensions which can be safely ignored.  This promotes interoperability by eliminating the need for implementers to prohibit the presence of extensions. For further information, see the [definition of modifier extensions](extensibility.html#modifierExtension).","alias":["extensions","user content","modifiers"],"min":0,"max":"*","base":{"path":"BackboneElement.modifierExtension","min":0,"max":"*"},"type":[{"code":"Extension"}],"constraint":[{"key":"ele-1","severity":"error","human":"All FHIR elements must have a @value or children","expression":"hasValue() or (children().count() > id.count())","xpath":"@value|f:*|h:div","source":"http://hl7.org/fhir/StructureDefinition/Element"},{"key":"ext-1","severity":"error","human":"Must have either extensions or value[x], not both","expression":"extension.exists() != value.exists()","xpath":"exists(f:extension)!=exists(f:*[starts-with(local-name(.), \"value\")])","source":"http://hl7.org/fhir/StructureDefinition/Extension"}],"isModifier":true,"isModifierReason":"Modifier extensions are expected to modify the meaning or interpretation of the element that contains them","isSummary":true,"mapping":[{"identity":"rim","map":"N/A"}]},{"id":"RelatedPerson.communication.language","extension":[{"url":"http://hl7.org/fhir/StructureDefinition/structuredefinition-standards-status","valueCode":"normative"},{"url":"http://hl7.org/fhir/StructureDefinition/structuredefinition-normative-version","valueCode":"4.0.0"}],"path":"RelatedPerson.communication.language","short":"The language which can be used to communicate with the patient about his or her health","definition":"The ISO-639-1 alpha 2 code in lower case for the language, optionally followed by a hyphen and the ISO-3166-1 alpha 2 code for the region in upper case; e.g. \"en\" for English, or \"en-US\" for American English versus \"en-EN\" for England English.","comment":"The structure aa-BB with this exact casing is one the most widely used notations for locale. However not all systems actually code this but instead have it as free text. Hence CodeableConcept instead of code as the data type.","requirements":"Most systems in multilingual countries will want to convey language. Not all systems actually need the regional dialect.","min":1,"max":"1","base":{"path":"RelatedPerson.communication.language","min":1,"max":"1"},"type":[{"code":"CodeableConcept"}],"condition":["ele-1"],"constraint":[{"key":"ele-1","severity":"error","human":"All FHIR elements must have a @value or children","expression":"hasValue() or (children().count() > id.count())","xpath":"@value|f:*|h:div","source":"http://hl7.org/fhir/StructureDefinition/Element"}],"isModifier":false,"binding":{"extension":[{"url":"http://hl7.org/fhir/StructureDefinition/elementdefinition-maxValueSet","valueCanonical":"http://hl7.org/fhir/ValueSet/all-languages"},{"url":"http://hl7.org/fhir/StructureDefinition/elementdefinition-bindingName","valueString":"Language"},{"url":"http://hl7.org/fhir/StructureDefinition/elementdefinition-isCommonBinding","valueBoolean":true}],"strength":"preferred","description":"A human language.","valueSet":"http://hl7.org/fhir/ValueSet/languages"},"mapping":[{"identity":"rim","map":"n/a"},{"identity":"v2","map":"CE/CNE/CWE"},{"identity":"rim","map":"CD"},{"identity":"orim","map":"fhir:CodeableConcept rdfs:subClassOf dt:CD"},{"identity":"rim","map":"player[classCode=PSN|ANM and determinerCode=INSTANCE]/languageCommunication/code"}]},{"id":"RelatedPerson.communication.preferred","path":"RelatedPerson.communication.preferred","short":"Language preference indicator","definition":"Indicates whether or not the patient prefers this language (over other languages he masters up a certain level).","comment":"This language is specifically identified for communicating healthcare information.","requirements":"People that master multiple languages up to certain level may prefer one or more, i.e. feel more confident in communicating in a particular language making other languages sort of a fall back method.","min":0,"max":"1","base":{"path":"RelatedPerson.communication.preferred","min":0,"max":"1"},"type":[{"code":"boolean"}],"constraint":[{"key":"ele-1","severity":"error","human":"All FHIR elements must have a @value or children","expression":"hasValue() or (children().count() > id.count())","xpath":"@value|f:*|h:div","source":"http://hl7.org/fhir/StructureDefinition/Element"}],"isModifier":false,"isSummary":false,"mapping":[{"identity":"rim","map":"preferenceInd"}]}]},"differential":{"element":[{"id":"RelatedPerson","path":"RelatedPerson","alias":["nl-core-ContactPerson"]},{"id":"RelatedPerson.patient","path":"RelatedPerson.patient","type":[{"code":"Reference","targetProfile":["http://hl7.org/fhir/StructureDefinition/Patient","http://nictiz.nl/fhir/StructureDefinition/nl-core-Patient"]}]},{"id":"RelatedPerson.name:nameInformation","path":"RelatedPerson.name","sliceName":"nameInformation","type":[{"code":"HumanName","profile":["http://nictiz.nl/fhir/StructureDefinition/nl-core-NameInformation"]}]},{"id":"RelatedPerson.name:nameInformation-GivenName","path":"RelatedPerson.name","sliceName":"nameInformation-GivenName","type":[{"code":"HumanName","profile":["http://nictiz.nl/fhir/StructureDefinition/nl-core-NameInformation.GivenName"]}]},{"id":"RelatedPerson.telecom:telephoneNumbers","path":"RelatedPerson.telecom","sliceName":"telephoneNumbers","type":[{"code":"ContactPoint","profile":["http://nictiz.nl/fhir/StructureDefinition/nl-core-ContactInformation-TelephoneNumbers"]}]},{"id":"RelatedPerson.telecom:emailAddresses","path":"RelatedPerson.telecom","sliceName":"emailAddresses","type":[{"code":"ContactPoint","profile":["http://nictiz.nl/fhir/StructureDefinition/nl-core-ContactInformation-EmailAddresses"]}]},{"id":"RelatedPerson.address","path":"RelatedPerson.address","type":[{"code":"Address","profile":["http://nictiz.nl/fhir/StructureDefinition/nl-core-AddressInformation"]}]}]}}