{"resourceType":"StructureDefinition","id":"nl-core-PharmaceuticalProduct","text":{"status":"empty","div":"<div xmlns=\"http://www.w3.org/1999/xhtml\">No narrative is provided for definitional resources. A human-readable rendering can be found in the implementation guide(s) where this resource is used.</div>"},"url":"http://nictiz.nl/fhir/StructureDefinition/nl-core-PharmaceuticalProduct","name":"NlcorePharmaceuticalProduct","title":"nl core PharmaceuticalProduct","status":"draft","publisher":"Nictiz","contact":[{"name":"Nictiz","telecom":[{"system":"url","value":"https://www.nictiz.nl","use":"work"}]}],"description":"The prescribed substance is usually medication. However, medical aids and bandages can also be prescribed and supplied via the pharmacy. Food and blood products do not strictly belong in the medication category, but can be prescribed and supplied by a pharmacy as well.\r\n\r\nA type of medication can be indicated with **a single code**. That code can be chosen from several possible coding systems (concretely: GPK, PRK, HPK or article numbers). Correct use of these codes in the software systems will sufficiently record the composition of the product used, making a complete product specification unnecessary.\r\n\r\nIn addition to a primary code, **alternative codes** from other coding systems can also be entered (so that the GPK can be sent along in the event that the patient was registered based on PRK, for example).\r\n\r\nEntering multiple ingredients will enable you to display a compound product. If one of the composite parts is liquid, the dosage will be given in milliliters; otherwise it will be given in ‘units’.\r\n\r\nIn that case, the **composition of the medication** can be specified implicitly (with the use of a medication code) or explicitly, for example by listing the (active) ingredient(s) of the medication.\r\n\r\n**Magistral prescriptions** can be entered as well. This can be done by means of the option listed above to enter coded ingredients and/or by entering the composition and preparation method as free text.\r\nThis is a partial information model.","purpose":"A derived profile from [zib-PharmaceuticalProduct](http://nictiz.nl/fhir/StructureDefinition/zib-PharmaceuticalProduct) to provide a version better suited for implementation purposes. This profile augments the base profile with elements found in the various use cases that have adopted the zib.","copyright":"Copyright and related rights waived via CC0, https://creativecommons.org/publicdomain/zero/1.0/. This does not apply to information from third parties, for example a medical terminology system. The implementer alone is responsible for identifying and obtaining any necessary licenses or authorizations to utilize third party IP in connection with the specification or otherwise.","fhirVersion":"4.0.1","mapping":[{"identity":"zib-pharmaceuticalproduct-v2.1.2-2020EN","uri":"https://zibs.nl/wiki/PharmaceuticalProduct-v2.1.2(2020EN)","name":"zib PharmaceuticalProduct-v2.1.2(2020EN)"},{"identity":"imm-Vaccination-Immunization-20211118","uri":"https://decor.nictiz.nl/ad/#/imm-/datasets/dataset/2.16.840.1.113883.2.4.3.11.60.131.1.1/2021-11-18T10:06:34","name":"ART-DECOR Dataset Vaccination-Immunization 20211118T10:06:34"}],"kind":"resource","abstract":false,"type":"Medication","baseDefinition":"http://nictiz.nl/fhir/StructureDefinition/zib-PharmaceuticalProduct","derivation":"constraint","snapshot":{"element":[{"id":"Medication","path":"Medication","short":"PharmaceuticalProduct","definition":"This resource is primarily used for the identification and definition of a medication for the purposes of prescribing, dispensing, and administering a medication as well as for making statements about medication use.","alias":["FarmaceutischProduct","nl-core-PharmaceuticalProduct"],"min":0,"max":"*","base":{"path":"Medication","min":0,"max":"*"},"constraint":[{"key":"dom-2","severity":"error","human":"If the resource is contained in another resource, it SHALL NOT contain nested Resources","expression":"contained.contained.empty()","xpath":"not(parent::f:contained and f:contained)"},{"key":"dom-3","severity":"error","human":"If the resource is contained in another resource, it SHALL be referred to from elsewhere in the resource or SHALL refer to the containing resource","expression":"contained.where((('#'+id in (%resource.descendants().reference | %resource.descendants().as(canonical) | %resource.descendants().as(uri) | %resource.descendants().as(url))) or descendants().where(reference = '#').exists() or descendants().where(as(canonical) = '#').exists() or descendants().where(as(canonical) = '#').exists()).not()).trace('unmatched', id).empty()","xpath":"not(exists(for $id in f:contained/*/f:id/@value return $contained[not(parent::*/descendant::f:reference/@value=concat('#', $contained/*/id/@value) or descendant::f:reference[@value='#'])]))"},{"key":"dom-4","severity":"error","human":"If a resource is contained in another resource, it SHALL NOT have a meta.versionId or a meta.lastUpdated","expression":"contained.meta.versionId.empty() and contained.meta.lastUpdated.empty()","xpath":"not(exists(f:contained/*/f:meta/f:versionId)) and not(exists(f:contained/*/f:meta/f:lastUpdated))"},{"key":"dom-5","severity":"error","human":"If a resource is contained in another resource, it SHALL NOT have a security label","expression":"contained.meta.security.empty()","xpath":"not(exists(f:contained/*/f:meta/f:security))"},{"extension":[{"url":"http://hl7.org/fhir/StructureDefinition/elementdefinition-bestpractice","valueBoolean":true},{"url":"http://hl7.org/fhir/StructureDefinition/elementdefinition-bestpractice-explanation","valueMarkdown":"When a resource has no narrative, only systems that fully understand the data can display the resource to a human safely. Including a human readable representation in the resource makes for a much more robust eco-system and cheaper handling of resources by intermediary systems. Some ecosystems restrict distribution of resources to only those systems that do fully understand the resources, and as a consequence implementers may believe that the narrative is superfluous. However experience shows that such eco-systems often open up to new participants over time."}],"key":"dom-6","severity":"warning","human":"A resource should have narrative for robust management","expression":"text.`div`.exists()","xpath":"exists(f:text/h:div)"}],"isModifier":false,"isSummary":false,"mapping":[{"identity":"rim","map":"Entity. Role, or Act"},{"identity":"script10.6","map":"NewRx/MedicationPrescribed\r-or-\rRxFill/MedicationDispensed\r-or-\rRxHistoryResponse/MedicationDispensed\r-or-\rRxHistoryResponse/MedicationPrescribed"},{"identity":"rim","map":"ManufacturedProduct[classCode=ADMM]"},{"identity":"zib-pharmaceuticalproduct-v2.1.2-2020EN","map":"NL-CM:9.7.19926","comment":"PharmaceuticalProduct"}]},{"id":"Medication.id","path":"Medication.id","short":"Logical id of this artifact","definition":"The logical id of the resource, as used in the URL for the resource. Once assigned, this value never changes.","comment":"The only time that a resource does not have an id is when it is being submitted to the server using a create operation.","min":0,"max":"1","base":{"path":"Resource.id","min":0,"max":"1"},"type":[{"extension":[{"url":"http://hl7.org/fhir/StructureDefinition/structuredefinition-fhir-type","valueUrl":"string"}],"code":"http://hl7.org/fhirpath/System.String"}],"isModifier":false,"isSummary":true},{"id":"Medication.meta","path":"Medication.meta","short":"Metadata about the resource","definition":"The metadata about the resource. This is content that is maintained by the infrastructure. Changes to the content might not always be associated with version changes to the resource.","min":0,"max":"1","base":{"path":"Resource.meta","min":0,"max":"1"},"type":[{"code":"Meta"}],"constraint":[{"key":"ele-1","severity":"error","human":"All FHIR elements must have a @value or children","expression":"hasValue() or (children().count() > id.count())","xpath":"@value|f:*|h:div","source":"http://hl7.org/fhir/StructureDefinition/Element"}],"isModifier":false,"isSummary":true},{"id":"Medication.implicitRules","path":"Medication.implicitRules","short":"A set of rules under which this content was created","definition":"A reference to a set of rules that were followed when the resource was constructed, and which must be understood when processing the content. Often, this is a reference to an implementation guide that defines the special rules along with other profiles etc.","comment":"Asserting this rule set restricts the content to be only understood by a limited set of trading partners. This inherently limits the usefulness of the data in the long term. However, the existing health eco-system is highly fractured, and not yet ready to define, collect, and exchange data in a generally computable sense. Wherever possible, implementers and/or specification writers should avoid using this element. Often, when used, the URL is a reference to an implementation guide that defines these special rules as part of it's narrative along with other profiles, value sets, etc.","min":0,"max":"1","base":{"path":"Resource.implicitRules","min":0,"max":"1"},"type":[{"code":"uri"}],"constraint":[{"key":"ele-1","severity":"error","human":"All FHIR elements must have a @value or children","expression":"hasValue() or (children().count() > id.count())","xpath":"@value|f:*|h:div","source":"http://hl7.org/fhir/StructureDefinition/Element"}],"isModifier":true,"isModifierReason":"This element is labeled as a modifier because the implicit rules may provide additional knowledge about the resource that modifies it's meaning or interpretation","isSummary":true},{"id":"Medication.language","path":"Medication.language","short":"Language of the resource content","definition":"The base language in which the resource is written.","comment":"Language is provided to support indexing and accessibility (typically, services such as text to speech use the language tag). The html language tag in the narrative applies  to the narrative. The language tag on the resource may be used to specify the language of other presentations generated from the data in the resource. Not all the content has to be in the base language. The Resource.language should not be assumed to apply to the narrative automatically. If a language is specified, it should it also be specified on the div element in the html (see rules in HTML5 for information about the relationship between xml:lang and the html lang attribute).","min":0,"max":"1","base":{"path":"Resource.language","min":0,"max":"1"},"type":[{"code":"code"}],"constraint":[{"key":"ele-1","severity":"error","human":"All FHIR elements must have a @value or children","expression":"hasValue() or (children().count() > id.count())","xpath":"@value|f:*|h:div","source":"http://hl7.org/fhir/StructureDefinition/Element"}],"isModifier":false,"isSummary":false,"binding":{"extension":[{"url":"http://hl7.org/fhir/StructureDefinition/elementdefinition-maxValueSet","valueCanonical":"http://hl7.org/fhir/ValueSet/all-languages"},{"url":"http://hl7.org/fhir/StructureDefinition/elementdefinition-bindingName","valueString":"Language"},{"url":"http://hl7.org/fhir/StructureDefinition/elementdefinition-isCommonBinding","valueBoolean":true}],"strength":"preferred","description":"A human language.","valueSet":"http://hl7.org/fhir/ValueSet/languages"}},{"id":"Medication.text","path":"Medication.text","short":"Text summary of the resource, for human interpretation","definition":"A human-readable narrative that contains a summary of the resource and can be used to represent the content of the resource to a human. The narrative need not encode all the structured data, but is required to contain sufficient detail to make it \"clinically safe\" for a human to just read the narrative. Resource definitions may define what content should be represented in the narrative to ensure clinical safety.","comment":"Contained resources do not have narrative. Resources that are not contained SHOULD have a narrative. In some cases, a resource may only have text with little or no additional discrete data (as long as all minOccurs=1 elements are satisfied).  This may be necessary for data from legacy systems where information is captured as a \"text blob\" or where text is additionally entered raw or narrated and encoded information is added later.","alias":["narrative","html","xhtml","display"],"min":0,"max":"1","base":{"path":"DomainResource.text","min":0,"max":"1"},"type":[{"code":"Narrative"}],"constraint":[{"key":"ele-1","severity":"error","human":"All FHIR elements must have a @value or children","expression":"hasValue() or (children().count() > id.count())","xpath":"@value|f:*|h:div","source":"http://hl7.org/fhir/StructureDefinition/Element"}],"isModifier":false,"isSummary":false,"mapping":[{"identity":"rim","map":"Act.text?"}]},{"id":"Medication.contained","path":"Medication.contained","short":"Contained, inline Resources","definition":"These resources do not have an independent existence apart from the resource that contains them - they cannot be identified independently, and nor can they have their own independent transaction scope.","comment":"This should never be done when the content can be identified properly, as once identification is lost, it is extremely difficult (and context dependent) to restore it again. Contained resources may have profiles and tags In their meta elements, but SHALL NOT have security labels.","alias":["inline resources","anonymous resources","contained resources"],"min":0,"max":"*","base":{"path":"DomainResource.contained","min":0,"max":"*"},"type":[{"code":"Resource"}],"isModifier":false,"isSummary":false,"mapping":[{"identity":"rim","map":"N/A"}]},{"id":"Medication.extension","path":"Medication.extension","slicing":{"discriminator":[{"type":"value","path":"url"}],"description":"Extensions are always sliced by (at least) url","rules":"open"},"short":"Additional content defined by implementations","definition":"May be used to represent additional information that is not part of the basic definition of the resource. To make the use of extensions safe and manageable, there is a strict set of governance  applied to the definition and use of extensions. Though any implementer can define an extension, there is a set of requirements that SHALL be met as part of the definition of the extension.","comment":"There can be no stigma associated with the use of extensions by any application, project, or standard - regardless of the institution or jurisdiction that uses or defines the extensions.  The use of extensions is what allows the FHIR specification to retain a core level of simplicity for everyone.","alias":["extensions","user content"],"min":0,"max":"*","base":{"path":"DomainResource.extension","min":0,"max":"*"},"type":[{"code":"Extension"}],"constraint":[{"key":"ele-1","severity":"error","human":"All FHIR elements must have a @value or children","expression":"hasValue() or (children().count() > id.count())","xpath":"@value|f:*|h:div","source":"http://hl7.org/fhir/StructureDefinition/Element"},{"key":"ext-1","severity":"error","human":"Must have either extensions or value[x], not both","expression":"extension.exists() != value.exists()","xpath":"exists(f:extension)!=exists(f:*[starts-with(local-name(.), \"value\")])","source":"http://hl7.org/fhir/StructureDefinition/Extension"}],"isModifier":false,"isSummary":false,"mapping":[{"identity":"rim","map":"N/A"}]},{"id":"Medication.extension:description","extension":[{"url":"http://hl7.org/fhir/StructureDefinition/structuredefinition-standards-status","valueCode":"normative"},{"url":"http://hl7.org/fhir/StructureDefinition/structuredefinition-normative-version","valueCode":"4.0.0"}],"path":"Medication.extension","sliceName":"description","short":"Optional Extensions Element","definition":"Optional Extension Element - found in all resources.","comment":"There can be no stigma associated with the use of extensions by any application, project, or standard - regardless of the institution or jurisdiction that uses or defines the extensions.  The use of extensions is what allows the FHIR specification to retain a core level of simplicity for everyone.","alias":["extensions","user content"],"min":0,"max":"1","base":{"path":"DomainResource.extension","min":0,"max":"*"},"type":[{"code":"Extension","profile":["http://nictiz.nl/fhir/StructureDefinition/ext-PharmaceuticalProduct.Description"]}],"condition":["ele-1"],"constraint":[{"key":"ele-1","severity":"error","human":"All FHIR elements must have a @value or children","expression":"hasValue() or (children().count() > id.count())","xpath":"@value|f:*|h:div","source":"http://hl7.org/fhir/StructureDefinition/Element"},{"key":"ext-1","severity":"error","human":"Must have either extensions or value[x], not both","expression":"extension.exists() != value.exists()","xpath":"exists(f:extension)!=exists(f:*[starts-with(local-name(.), 'value')])","source":"http://hl7.org/fhir/StructureDefinition/Extension"}],"isModifier":false,"isSummary":false,"mapping":[{"identity":"rim","map":"N/A"},{"identity":"rim","map":"n/a"}]},{"id":"Medication.modifierExtension","path":"Medication.modifierExtension","slicing":{"discriminator":[{"type":"value","path":"url"}],"description":"Extensions are always sliced by (at least) url","rules":"open"},"short":"Extensions that cannot be ignored","definition":"May be used to represent additional information that is not part of the basic definition of the resource and that modifies the understanding of the element that contains it and/or the understanding of the containing element's descendants. Usually modifier elements provide negation or qualification. To make the use of extensions safe and manageable, there is a strict set of governance applied to the definition and use of extensions. Though any implementer is allowed to define an extension, there is a set of requirements that SHALL be met as part of the definition of the extension. Applications processing a resource are required to check for modifier extensions.\n\nModifier extensions SHALL NOT change the meaning of any elements on Resource or DomainResource (including cannot change the meaning of modifierExtension itself).","comment":"There can be no stigma associated with the use of extensions by any application, project, or standard - regardless of the institution or jurisdiction that uses or defines the extensions.  The use of extensions is what allows the FHIR specification to retain a core level of simplicity for everyone.","requirements":"Modifier extensions allow for extensions that *cannot* be safely ignored to be clearly distinguished from the vast majority of extensions which can be safely ignored.  This promotes interoperability by eliminating the need for implementers to prohibit the presence of extensions. For further information, see the [definition of modifier extensions](extensibility.html#modifierExtension).","alias":["extensions","user content"],"min":0,"max":"*","base":{"path":"DomainResource.modifierExtension","min":0,"max":"*"},"type":[{"code":"Extension"}],"constraint":[{"key":"ele-1","severity":"error","human":"All FHIR elements must have a @value or children","expression":"hasValue() or (children().count() > id.count())","xpath":"@value|f:*|h:div","source":"http://hl7.org/fhir/StructureDefinition/Element"},{"key":"ext-1","severity":"error","human":"Must have either extensions or value[x], not both","expression":"extension.exists() != value.exists()","xpath":"exists(f:extension)!=exists(f:*[starts-with(local-name(.), \"value\")])","source":"http://hl7.org/fhir/StructureDefinition/Extension"}],"isModifier":true,"isModifierReason":"Modifier extensions are expected to modify the meaning or interpretation of the resource that contains them","isSummary":false,"mapping":[{"identity":"rim","map":"N/A"}]},{"id":"Medication.identifier","extension":[{"url":"http://hl7.org/fhir/StructureDefinition/structuredefinition-standards-status","valueCode":"normative"},{"url":"http://hl7.org/fhir/StructureDefinition/structuredefinition-normative-version","valueCode":"4.0.0"}],"path":"Medication.identifier","short":"Business identifier for this medication","definition":"Business identifier for this medication.","comment":"The serial number could be included as an identifier.","min":0,"max":"*","base":{"path":"Medication.identifier","min":0,"max":"*"},"type":[{"code":"Identifier"}],"condition":["ele-1"],"constraint":[{"key":"ele-1","severity":"error","human":"All FHIR elements must have a @value or children","expression":"hasValue() or (children().count() > id.count())","xpath":"@value|f:*|h:div","source":"http://hl7.org/fhir/StructureDefinition/Element"}],"isModifier":false,"isSummary":true,"mapping":[{"identity":"rim","map":"n/a"},{"identity":"v2","map":"CX / EI (occasionally, more often EI maps to a resource id or a URL)"},{"identity":"rim","map":"II - The Identifier class is a little looser than the v3 type II because it allows URIs as well as registered OIDs or GUIDs.  Also maps to Role[classCode=IDENT]"},{"identity":"servd","map":"Identifier"},{"identity":"w5","map":"FiveWs.identifier"},{"identity":"rim","map":".id"},{"identity":"imm-Vaccination-Immunization-20211118","map":"imm-dataelement-146","comment":"SerialNumber"}]},{"id":"Medication.code","extension":[{"url":"http://hl7.org/fhir/StructureDefinition/structuredefinition-standards-status","valueCode":"normative"},{"url":"http://hl7.org/fhir/StructureDefinition/structuredefinition-normative-version","valueCode":"4.0.0"}],"path":"Medication.code","short":"MedicationCode","definition":"Coding medication in the Netherlands is done on the basis of the G standard (issued by Z-index), which is filled under the direction of KNMP. \r\n\r\nThe coded medication can be expressed as:\r\n\r\n* GTIN International Article Number\r\n* ZI-nummer (2.16.840.1.113883.2.4.4.8)\n* Trade product code (HPK)\n* Prescription code (PRK)\n* Generic product code (GPK)\n* Anatomic Therapeutic Classification code (ATC)\n* Substance Name Code (SNK)\n*  Substance Name Code, in combination with Route of Administration (SSK)\n*  SNOMED CT code\r\n\r\nThe GTIN enables identification of the product including its origin with a barcode. The ZI number represents the tradeproduct and the package size. The HPK is the code for the trade product (with the brand name) as used per dose/per time the medication is taken (1 pill, 1 puff, 1ml) The PRK contains als GPK information supplemented with information needed to prescribe the right product. this level is intended to facilitate generic prescription of drugs. The GPK defines the pharmaceutical characteristics of a product: ingredients, strengths, units, pharmaceutical form and route of administration. The Substance Name Code (SNK) is the (active) compound. Further information about the G-Standaard levels see https://www.z-index.nl So called 90.000.000 numbers are used in local IT systems. These numbers shall not be used for external communication. In the this is necessary only the description (not the code) may be included. This is in accordance with national agreements (Nictiz Standard).\r\n\r\nThe bound ValueSet includes the NullFlavor code 'OTH', which is not allowed for the zib concept 'MedicationCode'. However, FHIR explicitly defines 'a textual description if no code is available', which is equivalent to the zib concept 'Medication', to be placed on `.code.text`. The 'OTH' code is included to allow this.","comment":"Depending on the context of use, the code that was actually selected by the user (prescriber, dispenser, etc.) will have the coding.userSelected set to true.  As described in the coding datatype: \"A coding may be marked as a \"userSelected\" if a user selected the particular coded value in a user interface (e.g. the user selects an item in a pick-list). If a user selected coding exists, it is the preferred choice for performing translations etc. Other codes can only be literal translations to alternative code systems, or codes at a lower level of granularity (e.g. a generic code for a vendor-specific primary one).","alias":["ProductCode"],"min":0,"max":"1","base":{"path":"Medication.code","min":0,"max":"1"},"type":[{"code":"CodeableConcept"}],"condition":["ele-1"],"constraint":[{"key":"ele-1","severity":"error","human":"All FHIR elements must have a @value or children","expression":"hasValue() or (children().count() > id.count())","xpath":"@value|f:*|h:div","source":"http://hl7.org/fhir/StructureDefinition/Element"}],"isModifier":false,"isSummary":true,"binding":{"extension":[{"url":"http://hl7.org/fhir/StructureDefinition/elementdefinition-bindingName","valueString":"MedicationFormalRepresentation"}],"strength":"required","description":"A coded concept that defines the type of a medication.","valueSet":"http://decor.nictiz.nl/fhir/ValueSet/2.16.840.1.113883.2.4.3.11.60.121.11.12--20200901000000"},"mapping":[{"identity":"rim","map":"n/a"},{"identity":"v2","map":"CE/CNE/CWE"},{"identity":"rim","map":"CD"},{"identity":"orim","map":"fhir:CodeableConcept rdfs:subClassOf dt:CD"},{"identity":"script10.6","map":"coding.code = //element(*,MedicationType)/DrugCoded/ProductCode\r\rcoding.system = //element(*,MedicationType)/DrugCoded/ProductCodeQualifier\r\rcoding.display = //element(*,MedicationType)/DrugDescription"},{"identity":"w5","map":"FiveWs.class"},{"identity":"v2","map":"RXO-1.1-Requested Give Code.code / RXE-2.1-Give Code.code / RXD-2.1-Dispense/Give Code.code / RXG-4.1-Give Code.code /RXA-5.1-Administered Code.code / RXC-2.1 Component Code"},{"identity":"rim","map":".code"},{"identity":"zib-pharmaceuticalproduct-v2.1.2-2020EN","map":"NL-CM:9.7.19927","comment":"MedicationCode"}]},{"id":"Medication.code.id","path":"Medication.code.id","representation":["xmlAttr"],"short":"Unique id for inter-element referencing","definition":"Unique id for the element within a resource (for internal references). This may be any string value that does not contain spaces.","min":0,"max":"1","base":{"path":"Element.id","min":0,"max":"1"},"type":[{"extension":[{"url":"http://hl7.org/fhir/StructureDefinition/structuredefinition-fhir-type","valueUrl":"string"}],"code":"http://hl7.org/fhirpath/System.String"}],"isModifier":false,"isSummary":false,"mapping":[{"identity":"rim","map":"n/a"}]},{"id":"Medication.code.extension","path":"Medication.code.extension","slicing":{"discriminator":[{"type":"value","path":"url"}],"description":"Extensions are always sliced by (at least) url","rules":"open"},"short":"Additional content defined by implementations","definition":"May be used to represent additional information that is not part of the basic definition of the element. To make the use of extensions safe and manageable, there is a strict set of governance  applied to the definition and use of extensions. Though any implementer can define an extension, there is a set of requirements that SHALL be met as part of the definition of the extension.","comment":"There can be no stigma associated with the use of extensions by any application, project, or standard - regardless of the institution or jurisdiction that uses or defines the extensions.  The use of extensions is what allows the FHIR specification to retain a core level of simplicity for everyone.","alias":["extensions","user content"],"min":0,"max":"*","base":{"path":"Element.extension","min":0,"max":"*"},"type":[{"code":"Extension"}],"constraint":[{"key":"ele-1","severity":"error","human":"All FHIR elements must have a @value or children","expression":"hasValue() or (children().count() > id.count())","xpath":"@value|f:*|h:div","source":"http://hl7.org/fhir/StructureDefinition/Element"},{"key":"ext-1","severity":"error","human":"Must have either extensions or value[x], not both","expression":"extension.exists() != value.exists()","xpath":"exists(f:extension)!=exists(f:*[starts-with(local-name(.), \"value\")])","source":"http://hl7.org/fhir/StructureDefinition/Extension"}],"isModifier":false,"isSummary":false,"mapping":[{"identity":"rim","map":"n/a"}]},{"id":"Medication.code.coding","extension":[{"url":"http://hl7.org/fhir/StructureDefinition/structuredefinition-standards-status","valueCode":"normative"},{"url":"http://hl7.org/fhir/StructureDefinition/structuredefinition-normative-version","valueCode":"4.0.0"}],"path":"Medication.code.coding","short":"Code defined by a terminology system","definition":"A reference to a code defined by a terminology system.","comment":"Codes may be defined very casually in enumerations, or code lists, up to very formal definitions such as SNOMED CT - see the HL7 v3 Core Principles for more information.  Ordering of codings is undefined and SHALL NOT be used to infer meaning. Generally, at most only one of the coding values will be labeled as UserSelected = true.","requirements":"Allows for alternative encodings within a code system, and translations to other code systems.","min":0,"max":"*","base":{"path":"CodeableConcept.coding","min":0,"max":"*"},"type":[{"code":"Coding"}],"condition":["ele-1"],"constraint":[{"key":"ele-1","severity":"error","human":"All FHIR elements must have a @value or children","expression":"hasValue() or (children().count() > id.count())","xpath":"@value|f:*|h:div","source":"http://hl7.org/fhir/StructureDefinition/Element"}],"isModifier":false,"isSummary":true,"mapping":[{"identity":"rim","map":"n/a"},{"identity":"v2","map":"CE/CNE/CWE subset one of the sets of component 1-3 or 4-6"},{"identity":"rim","map":"CV"},{"identity":"orim","map":"fhir:Coding rdfs:subClassOf dt:CDCoding"},{"identity":"v2","map":"C*E.1-8, C*E.10-22"},{"identity":"rim","map":"union(., ./translation)"},{"identity":"orim","map":"fhir:CodeableConcept.coding rdfs:subPropertyOf dt:CD.coding"}]},{"id":"Medication.code.text","extension":[{"url":"http://hl7.org/fhir/StructureDefinition/elementdefinition-translatable","valueBoolean":true}],"path":"Medication.code.text","short":"Medication","definition":"For medication which has no code, enter the complete name of the pharmaceutical product here.","comment":"Very often the text is the same as a displayName of one of the codings.","requirements":"The codes from the terminologies do not always capture the correct meaning with all the nuances of the human using them, or sometimes there is no appropriate code at all. In these cases, the text is used to capture the full meaning of the source.","alias":["ProductNaam"],"min":0,"max":"1","base":{"path":"CodeableConcept.text","min":0,"max":"1"},"type":[{"code":"string"}],"constraint":[{"key":"ele-1","severity":"error","human":"All FHIR elements must have a @value or children","expression":"hasValue() or (children().count() > id.count())","xpath":"@value|f:*|h:div","source":"http://hl7.org/fhir/StructureDefinition/Element"}],"isModifier":false,"isSummary":true,"mapping":[{"identity":"v2","map":"C*E.9. But note many systems use C*E.2 for this"},{"identity":"rim","map":"./originalText[mediaType/code=\"text/plain\"]/data"},{"identity":"orim","map":"fhir:CodeableConcept.text rdfs:subPropertyOf dt:CD.originalText"},{"identity":"zib-pharmaceuticalproduct-v2.1.2-2020EN","map":"NL-CM:9.7.19929","comment":"Medication"}]},{"id":"Medication.status","path":"Medication.status","short":"active | inactive | entered-in-error","definition":"A code to indicate if the medication is in active use.","comment":"This status is intended to identify if the medication in a local system is in active use within a drug database or inventory.  For example, a pharmacy system may create a new drug file record for a compounded product \"ABC Hospital Special Cream\" with an active status.  At some point in the future, it may be determined that the drug record was created with an error and the status is changed to \"entered in error\".   This status is not intended to specify if a medication is part of a particular formulary.  It is possible that the drug record may be referenced by multiple formularies or catalogues and each of those entries would have a separate status.","min":0,"max":"1","base":{"path":"Medication.status","min":0,"max":"1"},"type":[{"code":"code"}],"constraint":[{"key":"ele-1","severity":"error","human":"All FHIR elements must have a @value or children","expression":"hasValue() or (children().count() > id.count())","xpath":"@value|f:*|h:div","source":"http://hl7.org/fhir/StructureDefinition/Element"}],"isModifier":true,"isModifierReason":"This element changes the interpretation of all descriptive attributes.","isSummary":true,"binding":{"extension":[{"url":"http://hl7.org/fhir/StructureDefinition/elementdefinition-bindingName","valueString":"MedicationStatus"}],"strength":"required","description":"A coded concept defining if the medication is in active use.","valueSet":"http://hl7.org/fhir/ValueSet/medication-status|4.0.1"},"mapping":[{"identity":"rim","map":".statusCode"}]},{"id":"Medication.manufacturer","extension":[{"url":"http://hl7.org/fhir/StructureDefinition/structuredefinition-standards-status","valueCode":"normative"},{"url":"http://hl7.org/fhir/StructureDefinition/structuredefinition-normative-version","valueCode":"4.0.0"}],"path":"Medication.manufacturer","short":"Manufacturer of the item","definition":"Describes the details of the manufacturer of the medication product.  This is not intended to represent the distributor of a medication product.","comment":"References SHALL be a reference to an actual FHIR resource, and SHALL be resolveable (allowing for access control, temporary unavailability, etc.). Resolution can be either by retrieval from the URL, or, where applicable by resource type, by treating an absolute reference as a canonical URL and looking it up in a local registry/repository.","min":0,"max":"1","base":{"path":"Medication.manufacturer","min":0,"max":"1"},"type":[{"code":"Reference","targetProfile":["http://hl7.org/fhir/StructureDefinition/Organization"]}],"condition":["ele-1"],"constraint":[{"key":"ele-1","severity":"error","human":"All FHIR elements must have a @value or children","expression":"hasValue() or (children().count() > id.count())","xpath":"@value|f:*|h:div","source":"http://hl7.org/fhir/StructureDefinition/Element"},{"key":"ref-1","severity":"error","human":"SHALL have a contained resource if a local reference is provided","expression":"reference.startsWith('#').not() or (reference.substring(1).trace('url') in %rootResource.contained.id.trace('ids'))","xpath":"not(starts-with(f:reference/@value, '#')) or exists(ancestor::*[self::f:entry or self::f:parameter]/f:resource/f:*/f:contained/f:*[f:id/@value=substring-after(current()/f:reference/@value, '#')]|/*/f:contained/f:*[f:id/@value=substring-after(current()/f:reference/@value, '#')])","source":"http://hl7.org/fhir/StructureDefinition/Reference"}],"isModifier":false,"isSummary":true,"mapping":[{"identity":"rim","map":"n/a"},{"identity":"rim","map":"The target of a resource reference is a RIM entry point (Act, Role, or Entity)"},{"identity":"script10.6","map":"no mapping"},{"identity":"w5","map":"FiveWs.actor"},{"identity":"v2","map":"RXD-20-Substance Manufacturer Name / RXG-21-Substance Manufacturer Name / RXA-17-Substance Manufacturer Name"},{"identity":"rim","map":".player.scopingRole[typeCode=MANU].scoper"}]},{"id":"Medication.form","extension":[{"url":"http://hl7.org/fhir/StructureDefinition/structuredefinition-standards-status","valueCode":"normative"},{"url":"http://hl7.org/fhir/StructureDefinition/structuredefinition-normative-version","valueCode":"4.0.0"}],"path":"Medication.form","short":"PharmaceuticalForm","definition":"The pharmaceutical form indicates the form of the medication. Examples include: tablet, suppository, infusion liquid, ointment. If the product has a GPK code in the G standard, the form will be known in the G standard. For products without a code (free text, preparation by the pharmacy), the means of administration can be entered.","comment":"When Medication is referenced from MedicationRequest, this is the ordered form.  When Medication is referenced within MedicationDispense, this is the dispensed form.  When Medication is referenced within MedicationAdministration, this is administered form.","alias":["FarmaceutischeVorm"],"min":0,"max":"1","base":{"path":"Medication.form","min":0,"max":"1"},"type":[{"code":"CodeableConcept"}],"condition":["ele-1"],"constraint":[{"key":"ele-1","severity":"error","human":"All FHIR elements must have a @value or children","expression":"hasValue() or (children().count() > id.count())","xpath":"@value|f:*|h:div","source":"http://hl7.org/fhir/StructureDefinition/Element"}],"isModifier":false,"binding":{"extension":[{"url":"http://hl7.org/fhir/StructureDefinition/elementdefinition-bindingName","valueString":"MedicationForm"}],"strength":"required","description":"A coded concept defining the form of a medication.","valueSet":"http://decor.nictiz.nl/fhir/ValueSet/2.16.840.1.113883.2.4.3.11.60.40.2.9.7.8--20200901000000"},"mapping":[{"identity":"rim","map":"n/a"},{"identity":"v2","map":"CE/CNE/CWE"},{"identity":"rim","map":"CD"},{"identity":"orim","map":"fhir:CodeableConcept rdfs:subClassOf dt:CD"},{"identity":"script10.6","map":"coding.code =  //element(*,DrugCodedType)/FormCode\r\rcoding.system = //element(*,DrugCodedType)/FormSourceCode"},{"identity":"v2","map":"RXO-5-Requested Dosage Form / RXE-6-Give Dosage Form / RXD-6-Actual Dosage Form / RXG-8-Give Dosage Form / RXA-8-Administered Dosage Form"},{"identity":"rim","map":".formCode"},{"identity":"zib-pharmaceuticalproduct-v2.1.2-2020EN","map":"NL-CM:9.7.19931","comment":"PharmaceuticalForm"}]},{"id":"Medication.amount","extension":[{"url":"http://hl7.org/fhir/StructureDefinition/structuredefinition-standards-status","valueCode":"normative"},{"url":"http://hl7.org/fhir/StructureDefinition/structuredefinition-normative-version","valueCode":"4.0.0"}],"path":"Medication.amount","short":"Amount of drug in package","definition":"Specific amount of the drug in the packaged product.  For example, when specifying a product that has the same strength (For example, Insulin glargine 100 unit per mL solution for injection), this attribute provides additional clarification of the package amount (For example, 3 mL, 10mL, etc.).","comment":"The Ratio datatype should only be used to express a relationship of two numbers if the relationship cannot be suitably expressed using a Quantity and a common unit.  Where the denominator value is known to be fixed to \"1\", Quantity should be used instead of Ratio.","min":0,"max":"1","base":{"path":"Medication.amount","min":0,"max":"1"},"type":[{"code":"Ratio"}],"condition":["ele-1"],"constraint":[{"key":"ele-1","severity":"error","human":"All FHIR elements must have a @value or children","expression":"hasValue() or (children().count() > id.count())","xpath":"@value|f:*|h:div","source":"http://hl7.org/fhir/StructureDefinition/Element"},{"key":"rat-1","severity":"error","human":"Numerator and denominator SHALL both be present, or both are absent. If both are absent, there SHALL be some extension present","expression":"(numerator.empty() xor denominator.exists()) and (numerator.exists() or extension.exists())","xpath":"(count(f:numerator) = count(f:denominator)) and ((count(f:numerator) > 0) or (count(f:extension) > 0))","source":"http://hl7.org/fhir/StructureDefinition/Ratio"}],"isModifier":false,"isSummary":true,"mapping":[{"identity":"rim","map":"n/a"},{"identity":"v2","map":"N/A"},{"identity":"rim","map":"RTO"},{"identity":"rim","map":".quantity"}]},{"id":"Medication.ingredient","extension":[{"url":"http://hl7.org/fhir/StructureDefinition/structuredefinition-standards-status","valueCode":"normative"},{"url":"http://hl7.org/fhir/StructureDefinition/structuredefinition-normative-version","valueCode":"4.0.0"}],"path":"Medication.ingredient","short":"Ingredient","definition":"A product contains one or more active substances and excipients. These are usually determined by the product code. For medication prepared or compounded by the local pharmacy, each ingredient must be entered separately.\r\n\r\nThe active substances play an important role, as they: a) determine the pharmacotherapeutic effect of the medication and b) serve as the basis for the indication of the strength of the medication (e.g. 200mg).","comment":"The ingredients need not be a complete list.  If an ingredient is not specified, this does not indicate whether an ingredient is present or absent.  If an ingredient is specified it does not mean that all ingredients are specified.  It is possible to specify both inactive and active ingredients.","alias":["Ingredient"],"min":0,"max":"*","base":{"path":"Medication.ingredient","min":0,"max":"*"},"type":[{"code":"BackboneElement"}],"condition":["ele-1"],"constraint":[{"key":"ele-1","severity":"error","human":"All FHIR elements must have a @value or children","expression":"hasValue() or (children().count() > id.count())","xpath":"@value|f:*|h:div","source":"http://hl7.org/fhir/StructureDefinition/Element"}],"isModifier":false,"mapping":[{"identity":"rim","map":"n/a"},{"identity":"rim","map":".scopesRole[typeCode=INGR]"},{"identity":"zib-pharmaceuticalproduct-v2.1.2-2020EN","map":"NL-CM:9.7.19932","comment":"Ingredient"}]},{"id":"Medication.ingredient.id","path":"Medication.ingredient.id","representation":["xmlAttr"],"short":"Unique id for inter-element referencing","definition":"Unique id for the element within a resource (for internal references). This may be any string value that does not contain spaces.","min":0,"max":"1","base":{"path":"Element.id","min":0,"max":"1"},"type":[{"extension":[{"url":"http://hl7.org/fhir/StructureDefinition/structuredefinition-fhir-type","valueUrl":"string"}],"code":"http://hl7.org/fhirpath/System.String"}],"isModifier":false,"isSummary":false,"mapping":[{"identity":"rim","map":"n/a"}]},{"id":"Medication.ingredient.extension","path":"Medication.ingredient.extension","slicing":{"discriminator":[{"type":"value","path":"url"}],"description":"Extensions are always sliced by (at least) url","rules":"open"},"short":"Additional content defined by implementations","definition":"May be used to represent additional information that is not part of the basic definition of the element. To make the use of extensions safe and manageable, there is a strict set of governance  applied to the definition and use of extensions. Though any implementer can define an extension, there is a set of requirements that SHALL be met as part of the definition of the extension.","comment":"There can be no stigma associated with the use of extensions by any application, project, or standard - regardless of the institution or jurisdiction that uses or defines the extensions.  The use of extensions is what allows the FHIR specification to retain a core level of simplicity for everyone.","alias":["extensions","user content"],"min":0,"max":"*","base":{"path":"Element.extension","min":0,"max":"*"},"type":[{"code":"Extension"}],"constraint":[{"key":"ele-1","severity":"error","human":"All FHIR elements must have a @value or children","expression":"hasValue() or (children().count() > id.count())","xpath":"@value|f:*|h:div","source":"http://hl7.org/fhir/StructureDefinition/Element"},{"key":"ext-1","severity":"error","human":"Must have either extensions or value[x], not both","expression":"extension.exists() != value.exists()","xpath":"exists(f:extension)!=exists(f:*[starts-with(local-name(.), \"value\")])","source":"http://hl7.org/fhir/StructureDefinition/Extension"}],"isModifier":false,"isSummary":false,"mapping":[{"identity":"rim","map":"n/a"}]},{"id":"Medication.ingredient.modifierExtension","path":"Medication.ingredient.modifierExtension","short":"Extensions that cannot be ignored even if unrecognized","definition":"May be used to represent additional information that is not part of the basic definition of the element and that modifies the understanding of the element in which it is contained and/or the understanding of the containing element's descendants. Usually modifier elements provide negation or qualification. To make the use of extensions safe and manageable, there is a strict set of governance applied to the definition and use of extensions. Though any implementer can define an extension, there is a set of requirements that SHALL be met as part of the definition of the extension. Applications processing a resource are required to check for modifier extensions.\n\nModifier extensions SHALL NOT change the meaning of any elements on Resource or DomainResource (including cannot change the meaning of modifierExtension itself).","comment":"There can be no stigma associated with the use of extensions by any application, project, or standard - regardless of the institution or jurisdiction that uses or defines the extensions.  The use of extensions is what allows the FHIR specification to retain a core level of simplicity for everyone.","requirements":"Modifier extensions allow for extensions that *cannot* be safely ignored to be clearly distinguished from the vast majority of extensions which can be safely ignored.  This promotes interoperability by eliminating the need for implementers to prohibit the presence of extensions. For further information, see the [definition of modifier extensions](extensibility.html#modifierExtension).","alias":["extensions","user content","modifiers"],"min":0,"max":"*","base":{"path":"BackboneElement.modifierExtension","min":0,"max":"*"},"type":[{"code":"Extension"}],"constraint":[{"key":"ele-1","severity":"error","human":"All FHIR elements must have a @value or children","expression":"hasValue() or (children().count() > id.count())","xpath":"@value|f:*|h:div","source":"http://hl7.org/fhir/StructureDefinition/Element"},{"key":"ext-1","severity":"error","human":"Must have either extensions or value[x], not both","expression":"extension.exists() != value.exists()","xpath":"exists(f:extension)!=exists(f:*[starts-with(local-name(.), \"value\")])","source":"http://hl7.org/fhir/StructureDefinition/Extension"}],"isModifier":true,"isModifierReason":"Modifier extensions are expected to modify the meaning or interpretation of the element that contains them","isSummary":true,"mapping":[{"identity":"rim","map":"N/A"}]},{"id":"Medication.ingredient.item[x]","extension":[{"url":"http://hl7.org/fhir/StructureDefinition/structuredefinition-standards-status","valueCode":"normative"},{"url":"http://hl7.org/fhir/StructureDefinition/structuredefinition-normative-version","valueCode":"4.0.0"}],"path":"Medication.ingredient.item[x]","slicing":{"discriminator":[{"type":"type","path":"$this"}],"rules":"open"},"short":"The actual ingredient or content","definition":"The actual ingredient - either a substance (simple ingredient) or another medication of a medication.","requirements":"The ingredient may reference a substance (for example, amoxicillin) or another medication (for example in the case of a compounded product, Glaxal Base).","min":1,"max":"1","base":{"path":"Medication.ingredient.item[x]","min":1,"max":"1"},"type":[{"code":"CodeableConcept"},{"code":"Reference","targetProfile":["http://hl7.org/fhir/StructureDefinition/Substance","http://hl7.org/fhir/StructureDefinition/Medication"]}],"condition":["ele-1"],"constraint":[{"key":"ele-1","severity":"error","human":"All FHIR elements must have a @value or children","expression":"hasValue() or (children().count() > id.count())","xpath":"@value|f:*|h:div","source":"http://hl7.org/fhir/StructureDefinition/Element"}],"isModifier":false,"mapping":[{"identity":"rim","map":"n/a"},{"identity":"script10.6","map":"coding.code = //element(*,MedicationType)/DrugCoded/ProductCode\r\rcoding.system = //element(*,MedicationType)/DrugCoded/ProductCodeQualifier\r\rcoding.display = //element(*,MedicationType)/DrugDescription"},{"identity":"v2","map":"RXC-2-Component Code  if medication: RXO-1-Requested Give Code / RXE-2-Give Code / RXD-2-Dispense/Give Code / RXG-4-Give Code / RXA-5-Administered Code"},{"identity":"rim","map":".player"}]},{"id":"Medication.ingredient.item[x]:itemCodeableConcept","extension":[{"url":"http://hl7.org/fhir/StructureDefinition/structuredefinition-standards-status","valueCode":"normative"},{"url":"http://hl7.org/fhir/StructureDefinition/structuredefinition-normative-version","valueCode":"4.0.0"}],"path":"Medication.ingredient.item[x]","sliceName":"itemCodeableConcept","short":"SubstanceCode","definition":"Active substance or excipient. Here, the same codes can be used as for the ProductCode (for dilutions and compounds in particular), but now, the ATC, SSK and SNK codes can also be used to indicate a substance (to list ingredients of local products prepared by the pharmacy). \r\n\r\n* GTIN International Article Number \n* KNMP article number \n* Trade product code (HPK) \n* Prescription code (PRK) \n* Generic product code (GPK) \n* ATC (anatomic therapeutic classification) \n* SSK (substance name code with route of administration) \n* SNK (substance name code)\r\n\r\nFor further explanation about ATC see <https://www.whocc.no/atc/structure_and_principles/>","requirements":"The ingredient may reference a substance (for example, amoxicillin) or another medication (for example in the case of a compounded product, Glaxal Base).","alias":["IngredientCode"],"min":0,"max":"1","base":{"path":"Medication.ingredient.item[x]","min":1,"max":"1"},"type":[{"code":"CodeableConcept"}],"condition":["ele-1"],"constraint":[{"key":"ele-1","severity":"error","human":"All FHIR elements must have a @value or children","expression":"hasValue() or (children().count() > id.count())","xpath":"@value|f:*|h:div","source":"http://hl7.org/fhir/StructureDefinition/Element"}],"isModifier":false,"binding":{"strength":"required","valueSet":"http://decor.nictiz.nl/fhir/ValueSet/2.16.840.1.113883.2.4.3.11.60.121.11.13--20200901000000"},"mapping":[{"identity":"rim","map":"n/a"},{"identity":"script10.6","map":"coding.code = //element(*,MedicationType)/DrugCoded/ProductCode\r\rcoding.system = //element(*,MedicationType)/DrugCoded/ProductCodeQualifier\r\rcoding.display = //element(*,MedicationType)/DrugDescription"},{"identity":"v2","map":"RXC-2-Component Code  if medication: RXO-1-Requested Give Code / RXE-2-Give Code / RXD-2-Dispense/Give Code / RXG-4-Give Code / RXA-5-Administered Code"},{"identity":"rim","map":".player"},{"identity":"zib-pharmaceuticalproduct-v2.1.2-2020EN","map":"NL-CM:9.7.19934","comment":"SubstanceCode"}]},{"id":"Medication.ingredient.isActive","path":"Medication.ingredient.isActive","short":"Active ingredient indicator","definition":"Indication of whether this ingredient affects the therapeutic action of the drug.","requirements":"True indicates that the ingredient affects the therapeutic action of the drug (i.e. active). \rFalse indicates that the ingredient does not affect the therapeutic action of the drug (i.e. inactive).","min":0,"max":"1","base":{"path":"Medication.ingredient.isActive","min":0,"max":"1"},"type":[{"code":"boolean"}],"constraint":[{"key":"ele-1","severity":"error","human":"All FHIR elements must have a @value or children","expression":"hasValue() or (children().count() > id.count())","xpath":"@value|f:*|h:div","source":"http://hl7.org/fhir/StructureDefinition/Element"}],"isModifier":false,"isSummary":false,"mapping":[{"identity":"rim","map":"NA"}]},{"id":"Medication.ingredient.strength","extension":[{"url":"http://hl7.org/fhir/StructureDefinition/structuredefinition-standards-status","valueCode":"normative"},{"url":"http://hl7.org/fhir/StructureDefinition/structuredefinition-normative-version","valueCode":"4.0.0"}],"path":"Medication.ingredient.strength","short":"Concentration","definition":"The relative amount of this ingredient in this product.\r\nCalculation of Concentration = Ingredient Amount ÷ Product Amount.\r\n\r\nThis could be a concentration if the medication is dissolved in liquid, for example.","comment":"The Ratio datatype should only be used to express a relationship of two numbers if the relationship cannot be suitably expressed using a Quantity and a common unit.  Where the denominator value is known to be fixed to \"1\", Quantity should be used instead of Ratio.","alias":["Sterkte"],"min":0,"max":"1","base":{"path":"Medication.ingredient.strength","min":0,"max":"1"},"type":[{"code":"Ratio"}],"condition":["ele-1"],"constraint":[{"key":"ele-1","severity":"error","human":"All FHIR elements must have a @value or children","expression":"hasValue() or (children().count() > id.count())","xpath":"@value|f:*|h:div","source":"http://hl7.org/fhir/StructureDefinition/Element"},{"key":"rat-1","severity":"error","human":"Numerator and denominator SHALL both be present, or both are absent. If both are absent, there SHALL be some extension present","expression":"(numerator.empty() xor denominator.exists()) and (numerator.exists() or extension.exists())","xpath":"(count(f:numerator) = count(f:denominator)) and ((count(f:numerator) > 0) or (count(f:extension) > 0))","source":"http://hl7.org/fhir/StructureDefinition/Ratio"}],"isModifier":false,"mapping":[{"identity":"rim","map":"n/a"},{"identity":"v2","map":"N/A"},{"identity":"rim","map":"RTO"},{"identity":"script10.6","map":"//element(*,DrugCodedType)/Strength"},{"identity":"v2","map":"RXC-3-Component Amount & RXC-4-Component Units  if medication: RXO-2-Requested Give Amount - Minimum & RXO-4-Requested Give Units / RXO-3-Requested Give Amount - Maximum & RXO-4-Requested Give Units / RXO-11-Requested Dispense Amount & RXO-12-Requested Dispense Units / RXE-3-Give Amount - Minimum & RXE-5-Give Units / RXE-4-Give Amount - Maximum & RXE-5-Give Units / RXE-10-Dispense Amount & RXE-10-Dispense Units"},{"identity":"rim","map":".quantity"},{"identity":"zib-pharmaceuticalproduct-v2.1.2-2020EN","map":"NL-CM:9.7.19933","comment":"Concentration"}]},{"id":"Medication.ingredient.strength.id","path":"Medication.ingredient.strength.id","representation":["xmlAttr"],"short":"Unique id for inter-element referencing","definition":"Unique id for the element within a resource (for internal references). This may be any string value that does not contain spaces.","min":0,"max":"1","base":{"path":"Element.id","min":0,"max":"1"},"type":[{"extension":[{"url":"http://hl7.org/fhir/StructureDefinition/structuredefinition-fhir-type","valueUrl":"string"}],"code":"http://hl7.org/fhirpath/System.String"}],"isModifier":false,"isSummary":false,"mapping":[{"identity":"rim","map":"n/a"}]},{"id":"Medication.ingredient.strength.extension","path":"Medication.ingredient.strength.extension","slicing":{"discriminator":[{"type":"value","path":"url"}],"description":"Extensions are always sliced by (at least) url","rules":"open"},"short":"Additional content defined by implementations","definition":"May be used to represent additional information that is not part of the basic definition of the element. To make the use of extensions safe and manageable, there is a strict set of governance  applied to the definition and use of extensions. Though any implementer can define an extension, there is a set of requirements that SHALL be met as part of the definition of the extension.","comment":"There can be no stigma associated with the use of extensions by any application, project, or standard - regardless of the institution or jurisdiction that uses or defines the extensions.  The use of extensions is what allows the FHIR specification to retain a core level of simplicity for everyone.","alias":["extensions","user content"],"min":0,"max":"*","base":{"path":"Element.extension","min":0,"max":"*"},"type":[{"code":"Extension"}],"constraint":[{"key":"ele-1","severity":"error","human":"All FHIR elements must have a @value or children","expression":"hasValue() or (children().count() > id.count())","xpath":"@value|f:*|h:div","source":"http://hl7.org/fhir/StructureDefinition/Element"},{"key":"ext-1","severity":"error","human":"Must have either extensions or value[x], not both","expression":"extension.exists() != value.exists()","xpath":"exists(f:extension)!=exists(f:*[starts-with(local-name(.), \"value\")])","source":"http://hl7.org/fhir/StructureDefinition/Extension"}],"isModifier":false,"isSummary":false,"mapping":[{"identity":"rim","map":"n/a"}]},{"id":"Medication.ingredient.strength.numerator","extension":[{"url":"http://hl7.org/fhir/StructureDefinition/structuredefinition-standards-status","valueCode":"normative"},{"url":"http://hl7.org/fhir/StructureDefinition/structuredefinition-normative-version","valueCode":"4.0.0"}],"path":"Medication.ingredient.strength.numerator","short":"IngredientAmount","definition":"The amount and unit of this ingredient. This is the numerator for the calculation of the concentration. The unit should be selected from the G-Standard (Table 902).","comment":"The context of use may frequently define what kind of quantity this is and therefore what kind of units can be used. The context of use may also restrict the values for the comparator.","alias":["IngredientHoeveelheid"],"min":0,"max":"1","base":{"path":"Ratio.numerator","min":0,"max":"1"},"type":[{"code":"Quantity","profile":["http://nictiz.nl/fhir/StructureDefinition/pattern-GstdQuantity"]}],"condition":["ele-1"],"constraint":[{"key":"ele-1","severity":"error","human":"All FHIR elements must have a @value or children","expression":"hasValue() or (children().count() > id.count())","xpath":"@value|f:*|h:div","source":"http://hl7.org/fhir/StructureDefinition/Element"},{"key":"qty-3","severity":"error","human":"If a code for the unit is present, the system SHALL also be present","expression":"code.empty() or system.exists()","xpath":"not(exists(f:code)) or exists(f:system)","source":"http://hl7.org/fhir/StructureDefinition/Quantity"}],"isModifier":false,"isSummary":true,"mapping":[{"identity":"rim","map":"n/a"},{"identity":"v2","map":"SN (see also Range) or CQ"},{"identity":"rim","map":"PQ, IVL<PQ>, MO, CO, depending on the values"},{"identity":"rim","map":".numerator"},{"identity":"zib-pharmaceuticalproduct-v2.1.2-2020EN","map":"NL-CM:9.7.22277","comment":"IngredientAmount"}]},{"id":"Medication.ingredient.strength.denominator","extension":[{"url":"http://hl7.org/fhir/StructureDefinition/structuredefinition-standards-status","valueCode":"normative"},{"url":"http://hl7.org/fhir/StructureDefinition/structuredefinition-normative-version","valueCode":"4.0.0"}],"path":"Medication.ingredient.strength.denominator","short":"ProductAmount","definition":"Amount of the product. This is the denominator for the calculation of the concentration. Optionally a translation to NHG table Gebruiksvoorschriften(Table 25) is also allowed.","comment":"The context of use may frequently define what kind of quantity this is and therefore what kind of units can be used. The context of use may also restrict the values for the comparator.","alias":["ProductHoeveelheid"],"min":0,"max":"1","base":{"path":"Ratio.denominator","min":0,"max":"1"},"type":[{"code":"Quantity","profile":["http://nictiz.nl/fhir/StructureDefinition/pattern-GstdQuantity"]}],"condition":["ele-1"],"constraint":[{"key":"ele-1","severity":"error","human":"All FHIR elements must have a @value or children","expression":"hasValue() or (children().count() > id.count())","xpath":"@value|f:*|h:div","source":"http://hl7.org/fhir/StructureDefinition/Element"},{"key":"qty-3","severity":"error","human":"If a code for the unit is present, the system SHALL also be present","expression":"code.empty() or system.exists()","xpath":"not(exists(f:code)) or exists(f:system)","source":"http://hl7.org/fhir/StructureDefinition/Quantity"}],"isModifier":false,"isSummary":true,"mapping":[{"identity":"rim","map":"n/a"},{"identity":"v2","map":"SN (see also Range) or CQ"},{"identity":"rim","map":"PQ, IVL<PQ>, MO, CO, depending on the values"},{"identity":"rim","map":".denominator"},{"identity":"zib-pharmaceuticalproduct-v2.1.2-2020EN","map":"NL-CM:9.7.22278","comment":"ProductAmount"}]},{"id":"Medication.batch","extension":[{"url":"http://hl7.org/fhir/StructureDefinition/structuredefinition-standards-status","valueCode":"normative"},{"url":"http://hl7.org/fhir/StructureDefinition/structuredefinition-normative-version","valueCode":"4.0.0"}],"path":"Medication.batch","short":"Details about packaged medications","definition":"Information that only applies to packages (not products).","min":0,"max":"1","base":{"path":"Medication.batch","min":0,"max":"1"},"type":[{"code":"BackboneElement"}],"condition":["ele-1"],"constraint":[{"key":"ele-1","severity":"error","human":"All FHIR elements must have a @value or children","expression":"hasValue() or (children().count() > id.count())","xpath":"@value|f:*|h:div","source":"http://hl7.org/fhir/StructureDefinition/Element"}],"isModifier":false,"mapping":[{"identity":"rim","map":"n/a"},{"identity":"script10.6","map":"no mapping"},{"identity":"rim","map":".player[classCode=CONT]"}]},{"id":"Medication.batch.id","path":"Medication.batch.id","representation":["xmlAttr"],"short":"Unique id for inter-element referencing","definition":"Unique id for the element within a resource (for internal references). This may be any string value that does not contain spaces.","min":0,"max":"1","base":{"path":"Element.id","min":0,"max":"1"},"type":[{"extension":[{"url":"http://hl7.org/fhir/StructureDefinition/structuredefinition-fhir-type","valueUrl":"string"}],"code":"http://hl7.org/fhirpath/System.String"}],"isModifier":false,"isSummary":false,"mapping":[{"identity":"rim","map":"n/a"}]},{"id":"Medication.batch.extension","path":"Medication.batch.extension","slicing":{"discriminator":[{"type":"value","path":"url"}],"description":"Extensions are always sliced by (at least) url","rules":"open"},"short":"Additional content defined by implementations","definition":"May be used to represent additional information that is not part of the basic definition of the element. To make the use of extensions safe and manageable, there is a strict set of governance  applied to the definition and use of extensions. Though any implementer can define an extension, there is a set of requirements that SHALL be met as part of the definition of the extension.","comment":"There can be no stigma associated with the use of extensions by any application, project, or standard - regardless of the institution or jurisdiction that uses or defines the extensions.  The use of extensions is what allows the FHIR specification to retain a core level of simplicity for everyone.","alias":["extensions","user content"],"min":0,"max":"*","base":{"path":"Element.extension","min":0,"max":"*"},"type":[{"code":"Extension"}],"constraint":[{"key":"ele-1","severity":"error","human":"All FHIR elements must have a @value or children","expression":"hasValue() or (children().count() > id.count())","xpath":"@value|f:*|h:div","source":"http://hl7.org/fhir/StructureDefinition/Element"},{"key":"ext-1","severity":"error","human":"Must have either extensions or value[x], not both","expression":"extension.exists() != value.exists()","xpath":"exists(f:extension)!=exists(f:*[starts-with(local-name(.), \"value\")])","source":"http://hl7.org/fhir/StructureDefinition/Extension"}],"isModifier":false,"isSummary":false,"mapping":[{"identity":"rim","map":"n/a"}]},{"id":"Medication.batch.modifierExtension","path":"Medication.batch.modifierExtension","short":"Extensions that cannot be ignored even if unrecognized","definition":"May be used to represent additional information that is not part of the basic definition of the element and that modifies the understanding of the element in which it is contained and/or the understanding of the containing element's descendants. Usually modifier elements provide negation or qualification. To make the use of extensions safe and manageable, there is a strict set of governance applied to the definition and use of extensions. Though any implementer can define an extension, there is a set of requirements that SHALL be met as part of the definition of the extension. Applications processing a resource are required to check for modifier extensions.\n\nModifier extensions SHALL NOT change the meaning of any elements on Resource or DomainResource (including cannot change the meaning of modifierExtension itself).","comment":"There can be no stigma associated with the use of extensions by any application, project, or standard - regardless of the institution or jurisdiction that uses or defines the extensions.  The use of extensions is what allows the FHIR specification to retain a core level of simplicity for everyone.","requirements":"Modifier extensions allow for extensions that *cannot* be safely ignored to be clearly distinguished from the vast majority of extensions which can be safely ignored.  This promotes interoperability by eliminating the need for implementers to prohibit the presence of extensions. For further information, see the [definition of modifier extensions](extensibility.html#modifierExtension).","alias":["extensions","user content","modifiers"],"min":0,"max":"*","base":{"path":"BackboneElement.modifierExtension","min":0,"max":"*"},"type":[{"code":"Extension"}],"constraint":[{"key":"ele-1","severity":"error","human":"All FHIR elements must have a @value or children","expression":"hasValue() or (children().count() > id.count())","xpath":"@value|f:*|h:div","source":"http://hl7.org/fhir/StructureDefinition/Element"},{"key":"ext-1","severity":"error","human":"Must have either extensions or value[x], not both","expression":"extension.exists() != value.exists()","xpath":"exists(f:extension)!=exists(f:*[starts-with(local-name(.), \"value\")])","source":"http://hl7.org/fhir/StructureDefinition/Extension"}],"isModifier":true,"isModifierReason":"Modifier extensions are expected to modify the meaning or interpretation of the element that contains them","isSummary":true,"mapping":[{"identity":"rim","map":"N/A"}]},{"id":"Medication.batch.lotNumber","path":"Medication.batch.lotNumber","short":"Identifier assigned to batch","definition":"The assigned lot number of a batch of the specified product.","comment":"Note that FHIR strings SHALL NOT exceed 1MB in size","min":0,"max":"1","base":{"path":"Medication.batch.lotNumber","min":0,"max":"1"},"type":[{"code":"string"}],"constraint":[{"key":"ele-1","severity":"error","human":"All FHIR elements must have a @value or children","expression":"hasValue() or (children().count() > id.count())","xpath":"@value|f:*|h:div","source":"http://hl7.org/fhir/StructureDefinition/Element"}],"isModifier":false,"isSummary":false,"mapping":[{"identity":"script10.6","map":"no mapping"},{"identity":"v2","map":"RXA-15 Substance Lot Number / RXG-19 Substance Lot Number"},{"identity":"rim","map":".id"},{"identity":"imm-Vaccination-Immunization-20211118","map":"imm-dataelement-145","comment":"Batch/lotNumber"}]},{"id":"Medication.batch.expirationDate","path":"Medication.batch.expirationDate","short":"When batch will expire","definition":"When this specific batch of product will expire.","min":0,"max":"1","base":{"path":"Medication.batch.expirationDate","min":0,"max":"1"},"type":[{"code":"dateTime"}],"constraint":[{"key":"ele-1","severity":"error","human":"All FHIR elements must have a @value or children","expression":"hasValue() or (children().count() > id.count())","xpath":"@value|f:*|h:div","source":"http://hl7.org/fhir/StructureDefinition/Element"}],"isModifier":false,"isSummary":false,"mapping":[{"identity":"script10.6","map":"no mapping"},{"identity":"v2","map":"RXA-16 Substance Expiration Date / RXG-20 Substance Expiration Date"},{"identity":"rim","map":"participation[typeCode=CSM].role[classCode=INST].scopedRole.scoper[classCode=MMAT].expirationTime"}]}]},"differential":{"element":[{"id":"Medication","path":"Medication","alias":["nl-core-PharmaceuticalProduct"]},{"id":"Medication.identifier","path":"Medication.identifier","mapping":[{"identity":"imm-Vaccination-Immunization-20211118","map":"imm-dataelement-146","comment":"SerialNumber"}]},{"id":"Medication.batch.lotNumber","path":"Medication.batch.lotNumber","mapping":[{"identity":"imm-Vaccination-Immunization-20211118","map":"imm-dataelement-145","comment":"Batch/lotNumber"}]}]}}