{"resourceType":"StructureDefinition","id":"nl-core-Payer-Organization","text":{"status":"empty","div":"<div xmlns=\"http://www.w3.org/1999/xhtml\">No narrative is provided for definitional resources. A human-readable rendering can be found in the implementation guide(s) where this resource is used.</div>"},"url":"http://nictiz.nl/fhir/StructureDefinition/nl-core-Payer-Organization","name":"NlcorePayerOrganization","title":"nl core Payer Organization","status":"draft","publisher":"Nictiz","contact":[{"name":"Nictiz","telecom":[{"system":"url","value":"https://www.nictiz.nl","use":"work"}]}],"description":"Payers are organizations or individuals that pay for the healthcare supplied to the patient. These organizations or individuals can be: facilities or people who financially guarantee or who are responsible for the patient (such as parents or guardians of minors), organizations with direct financial responsibility, combinations of these or the patient themselves.","purpose":"A derived profile from [zib-Payer-Organization](http://nictiz.nl/fhir/StructureDefinition/zib-Payer-Organization) to provide a version better suited for implementation purposes. This profile augments the base profile with elements found in the various use cases that have adopted the zib.","copyright":"Copyright and related rights waived via CC0, https://creativecommons.org/publicdomain/zero/1.0/. This does not apply to information from third parties, for example a medical terminology system. The implementer alone is responsible for identifying and obtaining any necessary licenses or authorizations to utilize third party IP in connection with the specification or otherwise.","fhirVersion":"4.0.1","mapping":[{"identity":"zib-payer-v3.1.1-2020EN","uri":"https://zibs.nl/wiki/Payer-v3.1.1(2020EN)","name":"zib Payer-v3.1.1(2020EN)"}],"kind":"resource","abstract":false,"type":"Organization","baseDefinition":"http://nictiz.nl/fhir/StructureDefinition/zib-Payer-Organization","derivation":"constraint","snapshot":{"element":[{"id":"Organization","path":"Organization","short":"InsuranceCompany","definition":"A formally or informally recognized grouping of people or organizations formed for the purpose of achieving some form of collective action.  Includes companies, institutions, corporations, departments, community groups, healthcare practice groups, payer/insurer, etc.","comment":"The zib Payer is split into two focal profiles on Coverage based on the PayerPerson and InsuranceCompany containers. These profiles can refer to respectively an Organization as PayerPerson or an InsuranceCompany. This profile can thus represent either the PayerName or InsuranceCompany concept and both the AddressInformation and ContactInformation concepts of the zib.","alias":["Verzekeraar","nl-core-Payer-Organization"],"min":0,"max":"*","base":{"path":"Organization","min":0,"max":"*"},"constraint":[{"key":"dom-2","severity":"error","human":"If the resource is contained in another resource, it SHALL NOT contain nested Resources","expression":"contained.contained.empty()","xpath":"not(parent::f:contained and f:contained)","source":"http://hl7.org/fhir/StructureDefinition/Organization"},{"key":"dom-3","severity":"error","human":"If the resource is contained in another resource, it SHALL be referred to from elsewhere in the resource or SHALL refer to the containing resource","expression":"contained.where((('#'+id in (%resource.descendants().reference | %resource.descendants().as(canonical) | %resource.descendants().as(uri) | %resource.descendants().as(url))) or descendants().where(reference = '#').exists() or descendants().where(as(canonical) = '#').exists() or descendants().where(as(canonical) = '#').exists()).not()).trace('unmatched', id).empty()","xpath":"not(exists(for $id in f:contained/*/f:id/@value return $contained[not(parent::*/descendant::f:reference/@value=concat('#', $contained/*/id/@value) or descendant::f:reference[@value='#'])]))","source":"http://hl7.org/fhir/StructureDefinition/Organization"},{"key":"dom-4","severity":"error","human":"If a resource is contained in another resource, it SHALL NOT have a meta.versionId or a meta.lastUpdated","expression":"contained.meta.versionId.empty() and contained.meta.lastUpdated.empty()","xpath":"not(exists(f:contained/*/f:meta/f:versionId)) and not(exists(f:contained/*/f:meta/f:lastUpdated))","source":"http://hl7.org/fhir/StructureDefinition/Organization"},{"key":"dom-5","severity":"error","human":"If a resource is contained in another resource, it SHALL NOT have a security label","expression":"contained.meta.security.empty()","xpath":"not(exists(f:contained/*/f:meta/f:security))","source":"http://hl7.org/fhir/StructureDefinition/Organization"},{"extension":[{"url":"http://hl7.org/fhir/StructureDefinition/elementdefinition-bestpractice","valueBoolean":true},{"url":"http://hl7.org/fhir/StructureDefinition/elementdefinition-bestpractice-explanation","valueMarkdown":"When a resource has no narrative, only systems that fully understand the data can display the resource to a human safely. Including a human readable representation in the resource makes for a much more robust eco-system and cheaper handling of resources by intermediary systems. Some ecosystems restrict distribution of resources to only those systems that do fully understand the resources, and as a consequence implementers may believe that the narrative is superfluous. However experience shows that such eco-systems often open up to new participants over time."}],"key":"dom-6","severity":"warning","human":"A resource should have narrative for robust management","expression":"text.`div`.exists()","xpath":"exists(f:text/h:div)","source":"http://hl7.org/fhir/StructureDefinition/Organization"},{"key":"org-1","severity":"error","human":"The organization SHALL at least have a name or an identifier, and possibly more than one","expression":"(identifier.count() + name.count()) > 0","xpath":"count(f:identifier | f:name) > 0","source":"http://hl7.org/fhir/StructureDefinition/Organization"}],"isModifier":false,"isSummary":false,"mapping":[{"identity":"rim","map":"Entity. Role, or Act"},{"identity":"v2","map":"(also see master files messages)"},{"identity":"rim","map":"Organization(classCode=ORG, determinerCode=INST)"},{"identity":"servd","map":"Organization"},{"identity":"zib-payer-v3.1.1-2020EN","map":"NL-CM:1.1.3","comment":"InsuranceCompany"}]},{"id":"Organization.id","path":"Organization.id","short":"Logical id of this artifact","definition":"The logical id of the resource, as used in the URL for the resource. Once assigned, this value never changes.","comment":"The only time that a resource does not have an id is when it is being submitted to the server using a create operation.","min":0,"max":"1","base":{"path":"Resource.id","min":0,"max":"1"},"type":[{"extension":[{"url":"http://hl7.org/fhir/StructureDefinition/structuredefinition-fhir-type","valueUrl":"string"}],"code":"http://hl7.org/fhirpath/System.String"}],"isModifier":false,"isSummary":true},{"id":"Organization.meta","path":"Organization.meta","short":"Metadata about the resource","definition":"The metadata about the resource. This is content that is maintained by the infrastructure. Changes to the content might not always be associated with version changes to the resource.","min":0,"max":"1","base":{"path":"Resource.meta","min":0,"max":"1"},"type":[{"code":"Meta"}],"constraint":[{"key":"ele-1","severity":"error","human":"All FHIR elements must have a @value or children","expression":"hasValue() or (children().count() > id.count())","xpath":"@value|f:*|h:div","source":"http://hl7.org/fhir/StructureDefinition/Element"}],"isModifier":false,"isSummary":true},{"id":"Organization.implicitRules","path":"Organization.implicitRules","short":"A set of rules under which this content was created","definition":"A reference to a set of rules that were followed when the resource was constructed, and which must be understood when processing the content. Often, this is a reference to an implementation guide that defines the special rules along with other profiles etc.","comment":"Asserting this rule set restricts the content to be only understood by a limited set of trading partners. This inherently limits the usefulness of the data in the long term. However, the existing health eco-system is highly fractured, and not yet ready to define, collect, and exchange data in a generally computable sense. Wherever possible, implementers and/or specification writers should avoid using this element. Often, when used, the URL is a reference to an implementation guide that defines these special rules as part of it's narrative along with other profiles, value sets, etc.","min":0,"max":"1","base":{"path":"Resource.implicitRules","min":0,"max":"1"},"type":[{"code":"uri"}],"constraint":[{"key":"ele-1","severity":"error","human":"All FHIR elements must have a @value or children","expression":"hasValue() or (children().count() > id.count())","xpath":"@value|f:*|h:div","source":"http://hl7.org/fhir/StructureDefinition/Element"}],"isModifier":true,"isModifierReason":"This element is labeled as a modifier because the implicit rules may provide additional knowledge about the resource that modifies it's meaning or interpretation","isSummary":true},{"id":"Organization.language","path":"Organization.language","short":"Language of the resource content","definition":"The base language in which the resource is written.","comment":"Language is provided to support indexing and accessibility (typically, services such as text to speech use the language tag). The html language tag in the narrative applies  to the narrative. The language tag on the resource may be used to specify the language of other presentations generated from the data in the resource. Not all the content has to be in the base language. The Resource.language should not be assumed to apply to the narrative automatically. If a language is specified, it should it also be specified on the div element in the html (see rules in HTML5 for information about the relationship between xml:lang and the html lang attribute).","min":0,"max":"1","base":{"path":"Resource.language","min":0,"max":"1"},"type":[{"code":"code"}],"constraint":[{"key":"ele-1","severity":"error","human":"All FHIR elements must have a @value or children","expression":"hasValue() or (children().count() > id.count())","xpath":"@value|f:*|h:div","source":"http://hl7.org/fhir/StructureDefinition/Element"}],"isModifier":false,"isSummary":false,"binding":{"extension":[{"url":"http://hl7.org/fhir/StructureDefinition/elementdefinition-maxValueSet","valueCanonical":"http://hl7.org/fhir/ValueSet/all-languages"},{"url":"http://hl7.org/fhir/StructureDefinition/elementdefinition-bindingName","valueString":"Language"},{"url":"http://hl7.org/fhir/StructureDefinition/elementdefinition-isCommonBinding","valueBoolean":true}],"strength":"preferred","description":"A human language.","valueSet":"http://hl7.org/fhir/ValueSet/languages"}},{"id":"Organization.text","path":"Organization.text","short":"Text summary of the resource, for human interpretation","definition":"A human-readable narrative that contains a summary of the resource and can be used to represent the content of the resource to a human. The narrative need not encode all the structured data, but is required to contain sufficient detail to make it \"clinically safe\" for a human to just read the narrative. Resource definitions may define what content should be represented in the narrative to ensure clinical safety.","comment":"Contained resources do not have narrative. Resources that are not contained SHOULD have a narrative. In some cases, a resource may only have text with little or no additional discrete data (as long as all minOccurs=1 elements are satisfied).  This may be necessary for data from legacy systems where information is captured as a \"text blob\" or where text is additionally entered raw or narrated and encoded information is added later.","alias":["narrative","html","xhtml","display"],"min":0,"max":"1","base":{"path":"DomainResource.text","min":0,"max":"1"},"type":[{"code":"Narrative"}],"constraint":[{"key":"ele-1","severity":"error","human":"All FHIR elements must have a @value or children","expression":"hasValue() or (children().count() > id.count())","xpath":"@value|f:*|h:div","source":"http://hl7.org/fhir/StructureDefinition/Element"}],"isModifier":false,"isSummary":false,"mapping":[{"identity":"rim","map":"Act.text?"}]},{"id":"Organization.contained","path":"Organization.contained","short":"Contained, inline Resources","definition":"These resources do not have an independent existence apart from the resource that contains them - they cannot be identified independently, and nor can they have their own independent transaction scope.","comment":"This should never be done when the content can be identified properly, as once identification is lost, it is extremely difficult (and context dependent) to restore it again. Contained resources may have profiles and tags In their meta elements, but SHALL NOT have security labels.","alias":["inline resources","anonymous resources","contained resources"],"min":0,"max":"*","base":{"path":"DomainResource.contained","min":0,"max":"*"},"type":[{"code":"Resource"}],"isModifier":false,"isSummary":false,"mapping":[{"identity":"rim","map":"N/A"}]},{"id":"Organization.extension","path":"Organization.extension","slicing":{"discriminator":[{"type":"value","path":"url"}],"description":"Extensions are always sliced by (at least) url","rules":"open"},"short":"Additional content defined by implementations","definition":"May be used to represent additional information that is not part of the basic definition of the resource. To make the use of extensions safe and manageable, there is a strict set of governance  applied to the definition and use of extensions. Though any implementer can define an extension, there is a set of requirements that SHALL be met as part of the definition of the extension.","comment":"There can be no stigma associated with the use of extensions by any application, project, or standard - regardless of the institution or jurisdiction that uses or defines the extensions.  The use of extensions is what allows the FHIR specification to retain a core level of simplicity for everyone.","alias":["extensions","user content"],"min":0,"max":"*","base":{"path":"DomainResource.extension","min":0,"max":"*"},"type":[{"code":"Extension"}],"constraint":[{"key":"ele-1","severity":"error","human":"All FHIR elements must have a @value or children","expression":"hasValue() or (children().count() > id.count())","xpath":"@value|f:*|h:div","source":"http://hl7.org/fhir/StructureDefinition/Element"},{"key":"ext-1","severity":"error","human":"Must have either extensions or value[x], not both","expression":"extension.exists() != value.exists()","xpath":"exists(f:extension)!=exists(f:*[starts-with(local-name(.), \"value\")])","source":"http://hl7.org/fhir/StructureDefinition/Extension"}],"isModifier":false,"isSummary":false,"mapping":[{"identity":"rim","map":"N/A"}]},{"id":"Organization.modifierExtension","path":"Organization.modifierExtension","slicing":{"discriminator":[{"type":"value","path":"url"}],"description":"Extensions are always sliced by (at least) url","rules":"open"},"short":"Extensions that cannot be ignored","definition":"May be used to represent additional information that is not part of the basic definition of the resource and that modifies the understanding of the element that contains it and/or the understanding of the containing element's descendants. Usually modifier elements provide negation or qualification. To make the use of extensions safe and manageable, there is a strict set of governance applied to the definition and use of extensions. Though any implementer is allowed to define an extension, there is a set of requirements that SHALL be met as part of the definition of the extension. Applications processing a resource are required to check for modifier extensions.\n\nModifier extensions SHALL NOT change the meaning of any elements on Resource or DomainResource (including cannot change the meaning of modifierExtension itself).","comment":"There can be no stigma associated with the use of extensions by any application, project, or standard - regardless of the institution or jurisdiction that uses or defines the extensions.  The use of extensions is what allows the FHIR specification to retain a core level of simplicity for everyone.","requirements":"Modifier extensions allow for extensions that *cannot* be safely ignored to be clearly distinguished from the vast majority of extensions which can be safely ignored.  This promotes interoperability by eliminating the need for implementers to prohibit the presence of extensions. For further information, see the [definition of modifier extensions](extensibility.html#modifierExtension).","alias":["extensions","user content"],"min":0,"max":"*","base":{"path":"DomainResource.modifierExtension","min":0,"max":"*"},"type":[{"code":"Extension"}],"constraint":[{"key":"ele-1","severity":"error","human":"All FHIR elements must have a @value or children","expression":"hasValue() or (children().count() > id.count())","xpath":"@value|f:*|h:div","source":"http://hl7.org/fhir/StructureDefinition/Element"},{"key":"ext-1","severity":"error","human":"Must have either extensions or value[x], not both","expression":"extension.exists() != value.exists()","xpath":"exists(f:extension)!=exists(f:*[starts-with(local-name(.), \"value\")])","source":"http://hl7.org/fhir/StructureDefinition/Extension"}],"isModifier":true,"isModifierReason":"Modifier extensions are expected to modify the meaning or interpretation of the resource that contains them","isSummary":false,"mapping":[{"identity":"rim","map":"N/A"}]},{"id":"Organization.identifier","extension":[{"url":"http://hl7.org/fhir/StructureDefinition/structuredefinition-standards-status","valueCode":"normative"},{"url":"http://hl7.org/fhir/StructureDefinition/structuredefinition-normative-version","valueCode":"4.0.0"}],"path":"Organization.identifier","slicing":{"discriminator":[{"type":"value","path":"$this"}],"rules":"open"},"short":"Identifies this organization  across multiple systems","definition":"Identifier for the organization that is used to identify the organization across multiple disparate systems.","requirements":"Organizations are known by a variety of ids. Some institutions maintain several, and most collect identifiers for exchange with other organizations concerning the organization.","min":0,"max":"*","base":{"path":"Organization.identifier","min":0,"max":"*"},"type":[{"code":"Identifier"}],"condition":["ele-1","org-1"],"constraint":[{"key":"ele-1","severity":"error","human":"All FHIR elements must have a @value or children","expression":"hasValue() or (children().count() > id.count())","xpath":"@value|f:*|h:div","source":"http://hl7.org/fhir/StructureDefinition/Element"}],"isModifier":false,"isSummary":true,"mapping":[{"identity":"rim","map":"n/a"},{"identity":"v2","map":"CX / EI (occasionally, more often EI maps to a resource id or a URL)"},{"identity":"rim","map":"II - The Identifier class is a little looser than the v3 type II because it allows URIs as well as registered OIDs or GUIDs.  Also maps to Role[classCode=IDENT]"},{"identity":"servd","map":"Identifier"},{"identity":"w5","map":"FiveWs.identifier"},{"identity":"v2","map":"XON.10 / XON.3"},{"identity":"rim","map":".scopes[Role](classCode=IDENT)"},{"identity":"servd","map":"./Identifiers"}]},{"id":"Organization.identifier:uzovi","extension":[{"url":"http://hl7.org/fhir/StructureDefinition/structuredefinition-standards-status","valueCode":"normative"},{"url":"http://hl7.org/fhir/StructureDefinition/structuredefinition-normative-version","valueCode":"4.0.0"}],"path":"Organization.identifier","sliceName":"uzovi","short":"IdentificationNumber","definition":"Unique healthcare insurance company identification (the UZOVI number).","requirements":"Organizations are known by a variety of ids. Some institutions maintain several, and most collect identifiers for exchange with other organizations concerning the organization.","alias":["IdentificatieNummer"],"min":0,"max":"1","base":{"path":"Organization.identifier","min":0,"max":"*"},"type":[{"code":"Identifier"}],"patternIdentifier":{"system":"http://fhir.nl/fhir/NamingSystem/uzovi"},"condition":["ele-1","org-1"],"constraint":[{"key":"ele-1","severity":"error","human":"All FHIR elements must have a @value or children","expression":"hasValue() or (children().count() > id.count())","xpath":"@value|f:*|h:div","source":"http://hl7.org/fhir/StructureDefinition/Element"}],"isModifier":false,"isSummary":true,"mapping":[{"identity":"rim","map":"n/a"},{"identity":"v2","map":"CX / EI (occasionally, more often EI maps to a resource id or a URL)"},{"identity":"rim","map":"II - The Identifier class is a little looser than the v3 type II because it allows URIs as well as registered OIDs or GUIDs.  Also maps to Role[classCode=IDENT]"},{"identity":"servd","map":"Identifier"},{"identity":"w5","map":"FiveWs.identifier"},{"identity":"v2","map":"XON.10 / XON.3"},{"identity":"rim","map":".scopes[Role](classCode=IDENT)"},{"identity":"servd","map":"./Identifiers"},{"identity":"zib-payer-v3.1.1-2020EN","map":"NL-CM:1.1.7","comment":"IdentificationNumber"}]},{"id":"Organization.active","path":"Organization.active","short":"Whether the organization's record is still in active use","definition":"Whether the organization's record is still in active use.","comment":"This active flag is not intended to be used to mark an organization as temporarily closed or under construction. Instead the Location(s) within the Organization should have the suspended status. If further details of the reason for the suspension are required, then an extension on this element should be used.\n\nThis element is labeled as a modifier because it may be used to mark that the resource was created in error.","requirements":"Need a flag to indicate a record is no longer to be used and should generally be hidden for the user in the UI.","min":0,"max":"1","base":{"path":"Organization.active","min":0,"max":"1"},"type":[{"code":"boolean"}],"meaningWhenMissing":"This resource is generally assumed to be active if no value is provided for the active element","constraint":[{"key":"ele-1","severity":"error","human":"All FHIR elements must have a @value or children","expression":"hasValue() or (children().count() > id.count())","xpath":"@value|f:*|h:div","source":"http://hl7.org/fhir/StructureDefinition/Element"}],"isModifier":true,"isModifierReason":"This element is labelled as a modifier because it is a status element that can indicate that a record should not be treated as valid","isSummary":true,"mapping":[{"identity":"w5","map":"FiveWs.status"},{"identity":"v2","map":"No equivalent in HL7 v2"},{"identity":"rim","map":".status"},{"identity":"servd","map":"./Status (however this concept in ServD more covers why the organization is active or not, could be delisted, deregistered, not operational yet) this could alternatively be derived from ./StartDate and ./EndDate and given a context date."}]},{"id":"Organization.type","extension":[{"url":"http://hl7.org/fhir/StructureDefinition/structuredefinition-standards-status","valueCode":"normative"},{"url":"http://hl7.org/fhir/StructureDefinition/structuredefinition-normative-version","valueCode":"4.0.0"}],"path":"Organization.type","short":"Kind of organization","definition":"The kind(s) of organization that this is.","comment":"Organizations can be corporations, wards, sections, clinical teams, government departments, etc. Note that code is generally a classifier of the type of organization; in many applications, codes are used to identity a particular organization (say, ward) as opposed to another of the same type - these are identifiers, not codes\n\nWhen considering if multiple types are appropriate, you should evaluate if child organizations would be a more appropriate use of the concept, as different types likely are in different sub-areas of the organization. This is most likely to be used where type values have orthogonal values, such as a religious, academic and medical center.\n\nWe expect that some jurisdictions will profile this optionality to be a single cardinality.","requirements":"Need to be able to track the kind of organization that this is - different organization types have different uses.","min":0,"max":"*","base":{"path":"Organization.type","min":0,"max":"*"},"type":[{"code":"CodeableConcept"}],"condition":["ele-1"],"constraint":[{"key":"ele-1","severity":"error","human":"All FHIR elements must have a @value or children","expression":"hasValue() or (children().count() > id.count())","xpath":"@value|f:*|h:div","source":"http://hl7.org/fhir/StructureDefinition/Element"}],"isModifier":false,"isSummary":true,"binding":{"extension":[{"url":"http://hl7.org/fhir/StructureDefinition/elementdefinition-bindingName","valueString":"OrganizationType"}],"strength":"example","description":"Used to categorize the organization.","valueSet":"http://hl7.org/fhir/ValueSet/organization-type"},"mapping":[{"identity":"rim","map":"n/a"},{"identity":"v2","map":"CE/CNE/CWE"},{"identity":"rim","map":"CD"},{"identity":"orim","map":"fhir:CodeableConcept rdfs:subClassOf dt:CD"},{"identity":"w5","map":"FiveWs.class"},{"identity":"v2","map":"No equivalent in v2"},{"identity":"rim","map":".code"},{"identity":"servd","map":"n/a"}]},{"id":"Organization.name","path":"Organization.name","short":"OrganizationName / PayerName","definition":"Full, official name of the healthcare insurance company or paying organization. If the UZOVI number is entered as an identification number, this will be the name as listed in the UZOVI register and the name which is returned in the Check for Right to Insurance (COV).","comment":"If the name of an organization changes, consider putting the old name in the alias column so that it can still be located through searches.","requirements":"Need to use the name as the label of the organization.","alias":["OrganisatieNaam","BetalerNaam"],"min":0,"max":"1","base":{"path":"Organization.name","min":0,"max":"1"},"type":[{"code":"string"}],"condition":["org-1"],"constraint":[{"key":"ele-1","severity":"error","human":"All FHIR elements must have a @value or children","expression":"hasValue() or (children().count() > id.count())","xpath":"@value|f:*|h:div","source":"http://hl7.org/fhir/StructureDefinition/Element"}],"isModifier":false,"isSummary":true,"mapping":[{"identity":"v2","map":"XON.1"},{"identity":"rim","map":".name"},{"identity":"servd","map":".PreferredName/Name"},{"identity":"zib-payer-v3.1.1-2020EN","map":"NL-CM:1.1.16","comment":"OrganizationName"},{"identity":"zib-payer-v3.1.1-2020EN","map":"NL-CM:1.1.5","comment":"PayerName"}]},{"id":"Organization.alias","path":"Organization.alias","short":"A list of alternate names that the organization is known as, or was known as in the past","definition":"A list of alternate names that the organization is known as, or was known as in the past.","comment":"There are no dates associated with the alias/historic names, as this is not intended to track when names were used, but to assist in searching so that older names can still result in identifying the organization.","requirements":"Over time locations and organizations go through many changes and can be known by different names.\n\nFor searching knowing previous names that the organization was known by can be very useful.","min":0,"max":"*","base":{"path":"Organization.alias","min":0,"max":"*"},"type":[{"code":"string"}],"constraint":[{"key":"ele-1","severity":"error","human":"All FHIR elements must have a @value or children","expression":"hasValue() or (children().count() > id.count())","xpath":"@value|f:*|h:div","source":"http://hl7.org/fhir/StructureDefinition/Element"}],"isModifier":false,"isSummary":false,"mapping":[{"identity":"rim","map":".name"}]},{"id":"Organization.telecom","extension":[{"url":"http://hl7.org/fhir/StructureDefinition/structuredefinition-standards-status","valueCode":"normative"},{"url":"http://hl7.org/fhir/StructureDefinition/structuredefinition-normative-version","valueCode":"4.0.0"}],"path":"Organization.telecom","slicing":{"discriminator":[{"type":"profile","path":"$this"}],"rules":"open"},"short":"ContactInformation","definition":"The payer’s telephone number and/or e-mail address.","comment":"The use code 'home' is not to be used. Note that these contacts are not the contact details of people who are employed by or represent the organization, but official contacts for the organization itself.","requirements":"Human contact for the organization.","alias":["Contactgegevens"],"min":0,"max":"*","base":{"path":"Organization.telecom","min":0,"max":"*"},"type":[{"code":"ContactPoint"}],"condition":["ele-1","org-3"],"constraint":[{"key":"cpt-2","severity":"error","human":"A system is required if a value is provided.","expression":"value.empty() or system.exists()","xpath":"not(exists(f:value)) or exists(f:system)","source":"http://hl7.org/fhir/StructureDefinition/ContactPoint"},{"key":"ele-1","severity":"error","human":"All FHIR elements must have a @value or children","expression":"hasValue() or (children().count() > id.count())","xpath":"@value|f:*|h:div","source":"http://hl7.org/fhir/StructureDefinition/Element"},{"key":"org-3","severity":"error","human":"The telecom of an organization can never be of use 'home'","expression":"where(use = 'home').empty()","xpath":"count(f:use[@value='home']) = 0","source":"http://hl7.org/fhir/StructureDefinition/Organization"}],"isModifier":false,"mapping":[{"identity":"rim","map":"n/a"},{"identity":"v2","map":"XTN"},{"identity":"rim","map":"TEL"},{"identity":"servd","map":"ContactPoint"},{"identity":"v2","map":"ORC-22?"},{"identity":"rim","map":".telecom"},{"identity":"servd","map":"./ContactPoints"},{"identity":"zib-payer-v3.1.1-2020EN","map":"NL-CM:1.1.12","comment":"ContactInformation"}]},{"id":"Organization.telecom:telephoneNumbers","extension":[{"url":"http://hl7.org/fhir/StructureDefinition/structuredefinition-standards-status","valueCode":"normative"},{"url":"http://hl7.org/fhir/StructureDefinition/structuredefinition-normative-version","valueCode":"4.0.0"}],"path":"Organization.telecom","sliceName":"telephoneNumbers","short":"TelephoneNumbers","definition":"Details for all kinds of technology mediated contact points for a person or organization, including telephone, email, etc.","comment":"Implementation of the \"TelephoneNumbers\" concept of zib ContactInformation.\r\n\r\nPlease note that, although the zib concepts TelecomType and NumberType are functionally equivalent to the FHIR concepts `ContactPoint.system` and `ContactPoint.use` respectively, a mismatch occurs on the concept of mobile phone numbers; the zib uses the first concept and FHIR the second. For this reason, the ValueSet on `ContactPoint.system` is too narrow and the zib code will need to be communicated using the ext-CodeSpecification extension.","requirements":"Human contact for the organization.","alias":["Telefoonnummers","nl-core-ContactInformation-TelephoneNumbers"],"min":0,"max":"*","base":{"path":"Organization.telecom","min":0,"max":"*"},"type":[{"code":"ContactPoint","profile":["http://nictiz.nl/fhir/StructureDefinition/nl-core-ContactInformation-TelephoneNumbers"]}],"condition":["ele-1","org-3"],"constraint":[{"key":"cpt-2","severity":"error","human":"A system is required if a value is provided.","expression":"value.empty() or system.exists()","xpath":"not(exists(f:value)) or exists(f:system)","source":"http://hl7.org/fhir/StructureDefinition/ContactPoint"},{"key":"ele-1","severity":"error","human":"All FHIR elements must have a @value or children","expression":"hasValue() or (children().count() > id.count())","xpath":"@value|f:*|h:div","source":"http://hl7.org/fhir/StructureDefinition/Element"},{"key":"org-3","severity":"error","human":"The telecom of an organization can never be of use 'home'","expression":"where(use = 'home').empty()","xpath":"count(f:use[@value='home']) = 0","source":"http://hl7.org/fhir/StructureDefinition/Organization"}],"isModifier":false,"mapping":[{"identity":"rim","map":"n/a"},{"identity":"v2","map":"XTN"},{"identity":"rim","map":"TEL"},{"identity":"servd","map":"ContactPoint"},{"identity":"v2","map":"ORC-22?"},{"identity":"rim","map":".telecom"},{"identity":"servd","map":"./ContactPoints"},{"identity":"zib-contactinformation-v1.2-2020EN","map":"NL-CM:20.6.2","comment":"TelephoneNumbers"}]},{"id":"Organization.telecom:emailAddresses","extension":[{"url":"http://hl7.org/fhir/StructureDefinition/structuredefinition-standards-status","valueCode":"normative"},{"url":"http://hl7.org/fhir/StructureDefinition/structuredefinition-normative-version","valueCode":"4.0.0"}],"path":"Organization.telecom","sliceName":"emailAddresses","short":"EmailAddresses","definition":"Details for all kinds of technology mediated contact points for a person or organization, including telephone, email, etc.","comment":"Implementation of the \"EmailAddresses\" concept of zib ContactInformation.","requirements":"Human contact for the organization.","alias":["EmailAdressen","nl-core-ContactInformation-EmailAddresses"],"min":0,"max":"*","base":{"path":"Organization.telecom","min":0,"max":"*"},"type":[{"code":"ContactPoint","profile":["http://nictiz.nl/fhir/StructureDefinition/nl-core-ContactInformation-EmailAddresses"]}],"condition":["ele-1","org-3"],"constraint":[{"key":"cpt-2","severity":"error","human":"A system is required if a value is provided.","expression":"value.empty() or system.exists()","xpath":"not(exists(f:value)) or exists(f:system)","source":"http://hl7.org/fhir/StructureDefinition/ContactPoint"},{"key":"ele-1","severity":"error","human":"All FHIR elements must have a @value or children","expression":"hasValue() or (children().count() > id.count())","xpath":"@value|f:*|h:div","source":"http://hl7.org/fhir/StructureDefinition/Element"},{"key":"org-3","severity":"error","human":"The telecom of an organization can never be of use 'home'","expression":"where(use = 'home').empty()","xpath":"count(f:use[@value='home']) = 0","source":"http://hl7.org/fhir/StructureDefinition/Organization"}],"isModifier":false,"mapping":[{"identity":"rim","map":"n/a"},{"identity":"v2","map":"XTN"},{"identity":"rim","map":"TEL"},{"identity":"servd","map":"ContactPoint"},{"identity":"v2","map":"ORC-22?"},{"identity":"rim","map":".telecom"},{"identity":"servd","map":"./ContactPoints"},{"identity":"zib-contactinformation-v1.2-2020EN","map":"NL-CM:20.6.3","comment":"EmailAddresses"}]},{"id":"Organization.address","extension":[{"url":"http://hl7.org/fhir/StructureDefinition/structuredefinition-standards-status","valueCode":"normative"},{"url":"http://hl7.org/fhir/StructureDefinition/structuredefinition-normative-version","valueCode":"4.0.0"}],"path":"Organization.address","short":"AddressInformation","definition":"An address expressed using postal conventions (as opposed to GPS or other location definition formats).  This data type may be used to convey addresses for use in delivering mail as well as for visiting locations which might not be valid for mail delivery.  There are a variety of postal address formats defined around the world.","comment":"This datatype defines a common basis for expressing all addresses around the world, but adds extensions to express Dutch addresses specifically, according to the [zib AddressInformation v1.1 (2020)](https://zibs.nl/wiki/AddressInformation-v1.1(2020EN)). A Dutch Address still is a proper FHIR Address, which means that systems that cannot interpret the extensions will still be able to render and work with this datatype.\r\n\r\nTo have true compatibility an implementer SHOULD use the core Address parts as intended. To have addresses work for Dutch context, the implementer SHOULD in addition use the extension elements.\r\n\r\n**Separate address parts**\r\n\r\nThe first addition is that Dutch addresses make certain address parts separately communicable. These parts are required for use in true Dutch systems when dealing with Dutch addresses, but may not have value for international systems when information gets sent abroad.\r\n\r\n**Custom address types**\r\n\r\nThe second addition is that the zib defines its own ValueSet for address types, which can only be partially expressed using the FHIR Address datatype and requires a mapping to multiple elements. The table below explains how the zib concepts are mapped to the various FHIR elements (see the ConceptMaps <http://nictiz.nl/fhir/ConceptMap/AdresSoortCodelijst-to-AddressUse> and <http://nictiz.nl/fhir/ConceptMap/AdresSoortCodelijst-to-AddressType> as well). The code from the zib should also be included using the extension on `Address.extension:addressType`.\r\n\r\n| zib                               | .ext:addressType | .use | .type    |\r\n|-----------------------------------|------------------|------|----------|\r\n| Postal Address/Postadres          | PST              |      | postal   |\r\n| Primary Home/Officieel adres      | HP               | home | both     |\r\n| Visit Address/Woon-/verblijfadres | PHYS             | home | physical |\r\n| Temporary Address/Tijdelijk adres | TMP              | temp |          |\r\n| Work Place/Werkadres              | WP               | work |          |\r\n| Vacation Home/Vakantie adres      | HV               | temp |          |\r\n\r\nIf `Address.type` is _both_ then this is to be understood as a dual purpose address (postal and physical), unless a specific _postal_ type address is added. Systems that support importing it like this are encouraged to do so, otherwise they may need to import this as two separate addresses.\r\n\r\nNote: FHIR core defines the AD-use extension to further specify the postal address type. However, the ValueSet used in that extension doesn't completely match the zib ValueSet. Therefore, a custom extension has been made. This doesn't preclude the use of the AD-use extension.","requirements":"May need to keep track of the organization's addresses for contacting, billing or reporting requirements.","alias":["Adresgegevens","nl-core-AddressInformation"],"min":0,"max":"*","base":{"path":"Organization.address","min":0,"max":"*"},"type":[{"code":"Address","profile":["http://nictiz.nl/fhir/StructureDefinition/nl-core-AddressInformation"]}],"condition":["ele-1","org-2"],"constraint":[{"key":"ele-1","severity":"error","human":"All FHIR elements must have a @value or children","expression":"hasValue() or (children().count() > id.count())","xpath":"@value|f:*|h:div","source":"http://hl7.org/fhir/StructureDefinition/Element"},{"key":"org-2","severity":"error","human":"An address of an organization can never be of use 'home'","expression":"where(use = 'home').empty()","xpath":"count(f:use[@value='home']) = 0","source":"http://hl7.org/fhir/StructureDefinition/Organization"}],"isModifier":false,"mapping":[{"identity":"rim","map":"n/a"},{"identity":"v2","map":"XAD"},{"identity":"rim","map":"AD"},{"identity":"servd","map":"Address"},{"identity":"v2","map":"ORC-23?"},{"identity":"rim","map":".address"},{"identity":"servd","map":"./PrimaryAddress and ./OtherAddresses"},{"identity":"zib-addressinformation-v1.1-2020EN","map":"NL-CM:20.5.1","comment":"AddressInformation"},{"identity":"zib-payer-v3.1.1-2020EN","map":"NL-CM:1.1.17","comment":"AddressInformation"}]},{"id":"Organization.partOf","extension":[{"url":"http://hl7.org/fhir/StructureDefinition/structuredefinition-standards-status","valueCode":"normative"},{"url":"http://hl7.org/fhir/StructureDefinition/structuredefinition-normative-version","valueCode":"4.0.0"}],"path":"Organization.partOf","short":"The organization of which this organization forms a part","definition":"The organization of which this organization forms a part.","comment":"References SHALL be a reference to an actual FHIR resource, and SHALL be resolveable (allowing for access control, temporary unavailability, etc.). Resolution can be either by retrieval from the URL, or, where applicable by resource type, by treating an absolute reference as a canonical URL and looking it up in a local registry/repository.","requirements":"Need to be able to track the hierarchy of organizations within an organization.","min":0,"max":"1","base":{"path":"Organization.partOf","min":0,"max":"1"},"type":[{"extension":[{"url":"http://hl7.org/fhir/StructureDefinition/structuredefinition-hierarchy","valueBoolean":true}],"code":"Reference","targetProfile":["http://hl7.org/fhir/StructureDefinition/Organization"]}],"condition":["ele-1"],"constraint":[{"key":"ele-1","severity":"error","human":"All FHIR elements must have a @value or children","expression":"hasValue() or (children().count() > id.count())","xpath":"@value|f:*|h:div","source":"http://hl7.org/fhir/StructureDefinition/Element"},{"key":"ref-1","severity":"error","human":"SHALL have a contained resource if a local reference is provided","expression":"reference.startsWith('#').not() or (reference.substring(1).trace('url') in %rootResource.contained.id.trace('ids'))","xpath":"not(starts-with(f:reference/@value, '#')) or exists(ancestor::*[self::f:entry or self::f:parameter]/f:resource/f:*/f:contained/f:*[f:id/@value=substring-after(current()/f:reference/@value, '#')]|/*/f:contained/f:*[f:id/@value=substring-after(current()/f:reference/@value, '#')])","source":"http://hl7.org/fhir/StructureDefinition/Reference"}],"isModifier":false,"isSummary":true,"mapping":[{"identity":"rim","map":"n/a"},{"identity":"rim","map":"The target of a resource reference is a RIM entry point (Act, Role, or Entity)"},{"identity":"v2","map":"No equivalent in HL7 v2"},{"identity":"rim","map":".playedBy[classCode=Part].scoper"},{"identity":"servd","map":"n/a"}]},{"id":"Organization.contact","extension":[{"url":"http://hl7.org/fhir/StructureDefinition/structuredefinition-standards-status","valueCode":"normative"},{"url":"http://hl7.org/fhir/StructureDefinition/structuredefinition-normative-version","valueCode":"4.0.0"}],"path":"Organization.contact","short":"Contact for the organization for a certain purpose","definition":"Contact for the organization for a certain purpose.","comment":"Where multiple contacts for the same purpose are provided there is a standard extension that can be used to determine which one is the preferred contact to use.","requirements":"Need to keep track of assigned contact points within bigger organization.","min":0,"max":"*","base":{"path":"Organization.contact","min":0,"max":"*"},"type":[{"code":"BackboneElement"}],"condition":["ele-1"],"constraint":[{"key":"ele-1","severity":"error","human":"All FHIR elements must have a @value or children","expression":"hasValue() or (children().count() > id.count())","xpath":"@value|f:*|h:div","source":"http://hl7.org/fhir/StructureDefinition/Element"}],"isModifier":false,"mapping":[{"identity":"rim","map":"n/a"},{"identity":"rim","map":".contactParty"}]},{"id":"Organization.contact.id","path":"Organization.contact.id","representation":["xmlAttr"],"short":"Unique id for inter-element referencing","definition":"Unique id for the element within a resource (for internal references). This may be any string value that does not contain spaces.","min":0,"max":"1","base":{"path":"Element.id","min":0,"max":"1"},"type":[{"extension":[{"url":"http://hl7.org/fhir/StructureDefinition/structuredefinition-fhir-type","valueUrl":"string"}],"code":"http://hl7.org/fhirpath/System.String"}],"isModifier":false,"isSummary":false,"mapping":[{"identity":"rim","map":"n/a"}]},{"id":"Organization.contact.extension","path":"Organization.contact.extension","slicing":{"discriminator":[{"type":"value","path":"url"}],"description":"Extensions are always sliced by (at least) url","rules":"open"},"short":"Additional content defined by implementations","definition":"May be used to represent additional information that is not part of the basic definition of the element. To make the use of extensions safe and manageable, there is a strict set of governance  applied to the definition and use of extensions. Though any implementer can define an extension, there is a set of requirements that SHALL be met as part of the definition of the extension.","comment":"There can be no stigma associated with the use of extensions by any application, project, or standard - regardless of the institution or jurisdiction that uses or defines the extensions.  The use of extensions is what allows the FHIR specification to retain a core level of simplicity for everyone.","alias":["extensions","user content"],"min":0,"max":"*","base":{"path":"Element.extension","min":0,"max":"*"},"type":[{"code":"Extension"}],"constraint":[{"key":"ele-1","severity":"error","human":"All FHIR elements must have a @value or children","expression":"hasValue() or (children().count() > id.count())","xpath":"@value|f:*|h:div","source":"http://hl7.org/fhir/StructureDefinition/Element"},{"key":"ext-1","severity":"error","human":"Must have either extensions or value[x], not both","expression":"extension.exists() != value.exists()","xpath":"exists(f:extension)!=exists(f:*[starts-with(local-name(.), \"value\")])","source":"http://hl7.org/fhir/StructureDefinition/Extension"}],"isModifier":false,"isSummary":false,"mapping":[{"identity":"rim","map":"n/a"}]},{"id":"Organization.contact.modifierExtension","path":"Organization.contact.modifierExtension","short":"Extensions that cannot be ignored even if unrecognized","definition":"May be used to represent additional information that is not part of the basic definition of the element and that modifies the understanding of the element in which it is contained and/or the understanding of the containing element's descendants. Usually modifier elements provide negation or qualification. To make the use of extensions safe and manageable, there is a strict set of governance applied to the definition and use of extensions. Though any implementer can define an extension, there is a set of requirements that SHALL be met as part of the definition of the extension. Applications processing a resource are required to check for modifier extensions.\n\nModifier extensions SHALL NOT change the meaning of any elements on Resource or DomainResource (including cannot change the meaning of modifierExtension itself).","comment":"There can be no stigma associated with the use of extensions by any application, project, or standard - regardless of the institution or jurisdiction that uses or defines the extensions.  The use of extensions is what allows the FHIR specification to retain a core level of simplicity for everyone.","requirements":"Modifier extensions allow for extensions that *cannot* be safely ignored to be clearly distinguished from the vast majority of extensions which can be safely ignored.  This promotes interoperability by eliminating the need for implementers to prohibit the presence of extensions. For further information, see the [definition of modifier extensions](extensibility.html#modifierExtension).","alias":["extensions","user content","modifiers"],"min":0,"max":"*","base":{"path":"BackboneElement.modifierExtension","min":0,"max":"*"},"type":[{"code":"Extension"}],"constraint":[{"key":"ele-1","severity":"error","human":"All FHIR elements must have a @value or children","expression":"hasValue() or (children().count() > id.count())","xpath":"@value|f:*|h:div","source":"http://hl7.org/fhir/StructureDefinition/Element"},{"key":"ext-1","severity":"error","human":"Must have either extensions or value[x], not both","expression":"extension.exists() != value.exists()","xpath":"exists(f:extension)!=exists(f:*[starts-with(local-name(.), \"value\")])","source":"http://hl7.org/fhir/StructureDefinition/Extension"}],"isModifier":true,"isModifierReason":"Modifier extensions are expected to modify the meaning or interpretation of the element that contains them","isSummary":true,"mapping":[{"identity":"rim","map":"N/A"}]},{"id":"Organization.contact.purpose","extension":[{"url":"http://hl7.org/fhir/StructureDefinition/structuredefinition-standards-status","valueCode":"normative"},{"url":"http://hl7.org/fhir/StructureDefinition/structuredefinition-normative-version","valueCode":"4.0.0"}],"path":"Organization.contact.purpose","short":"The type of contact","definition":"Indicates a purpose for which the contact can be reached.","comment":"Not all terminology uses fit this general pattern. In some cases, models should not use CodeableConcept and use Coding directly and provide their own structure for managing text, codings, translations and the relationship between elements and pre- and post-coordination.","requirements":"Need to distinguish between multiple contact persons.","min":0,"max":"1","base":{"path":"Organization.contact.purpose","min":0,"max":"1"},"type":[{"code":"CodeableConcept"}],"condition":["ele-1"],"constraint":[{"key":"ele-1","severity":"error","human":"All FHIR elements must have a @value or children","expression":"hasValue() or (children().count() > id.count())","xpath":"@value|f:*|h:div","source":"http://hl7.org/fhir/StructureDefinition/Element"}],"isModifier":false,"binding":{"extension":[{"url":"http://hl7.org/fhir/StructureDefinition/elementdefinition-bindingName","valueString":"ContactPartyType"}],"strength":"extensible","description":"The purpose for which you would contact a contact party.","valueSet":"http://hl7.org/fhir/ValueSet/contactentity-type"},"mapping":[{"identity":"rim","map":"n/a"},{"identity":"v2","map":"CE/CNE/CWE"},{"identity":"rim","map":"CD"},{"identity":"orim","map":"fhir:CodeableConcept rdfs:subClassOf dt:CD"},{"identity":"rim","map":"./type"}]},{"id":"Organization.contact.name","extension":[{"url":"http://hl7.org/fhir/StructureDefinition/structuredefinition-standards-status","valueCode":"normative"},{"url":"http://hl7.org/fhir/StructureDefinition/structuredefinition-normative-version","valueCode":"4.0.0"}],"path":"Organization.contact.name","short":"A name associated with the contact","definition":"A name associated with the contact.","comment":"Names may be changed, or repudiated, or people may have different names in different contexts. Names may be divided into parts of different type that have variable significance depending on context, though the division into parts does not always matter. With personal names, the different parts might or might not be imbued with some implicit meaning; various cultures associate different importance with the name parts and the degree to which systems must care about name parts around the world varies widely.","requirements":"Need to be able to track the person by name.","min":0,"max":"1","base":{"path":"Organization.contact.name","min":0,"max":"1"},"type":[{"code":"HumanName"}],"condition":["ele-1"],"constraint":[{"key":"ele-1","severity":"error","human":"All FHIR elements must have a @value or children","expression":"hasValue() or (children().count() > id.count())","xpath":"@value|f:*|h:div","source":"http://hl7.org/fhir/StructureDefinition/Element"}],"isModifier":false,"mapping":[{"identity":"rim","map":"n/a"},{"identity":"v2","map":"XPN"},{"identity":"rim","map":"EN (actually, PN)"},{"identity":"servd","map":"ProviderName"},{"identity":"v2","map":"PID-5, PID-9"},{"identity":"rim","map":"./name"}]},{"id":"Organization.contact.telecom","extension":[{"url":"http://hl7.org/fhir/StructureDefinition/structuredefinition-standards-status","valueCode":"normative"},{"url":"http://hl7.org/fhir/StructureDefinition/structuredefinition-normative-version","valueCode":"4.0.0"}],"path":"Organization.contact.telecom","short":"Contact details (telephone, email, etc.)  for a contact","definition":"A contact detail (e.g. a telephone number or an email address) by which the party may be contacted.","requirements":"People have (primary) ways to contact them in some way such as phone, email.","min":0,"max":"*","base":{"path":"Organization.contact.telecom","min":0,"max":"*"},"type":[{"code":"ContactPoint"}],"condition":["ele-1"],"constraint":[{"key":"cpt-2","severity":"error","human":"A system is required if a value is provided.","expression":"value.empty() or system.exists()","xpath":"not(exists(f:value)) or exists(f:system)","source":"http://hl7.org/fhir/StructureDefinition/ContactPoint"},{"key":"ele-1","severity":"error","human":"All FHIR elements must have a @value or children","expression":"hasValue() or (children().count() > id.count())","xpath":"@value|f:*|h:div","source":"http://hl7.org/fhir/StructureDefinition/Element"}],"isModifier":false,"mapping":[{"identity":"rim","map":"n/a"},{"identity":"v2","map":"XTN"},{"identity":"rim","map":"TEL"},{"identity":"servd","map":"ContactPoint"},{"identity":"v2","map":"PID-13, PID-14"},{"identity":"rim","map":"./telecom"}]},{"id":"Organization.contact.address","extension":[{"url":"http://hl7.org/fhir/StructureDefinition/structuredefinition-standards-status","valueCode":"normative"},{"url":"http://hl7.org/fhir/StructureDefinition/structuredefinition-normative-version","valueCode":"4.0.0"}],"path":"Organization.contact.address","short":"Visiting or postal addresses for the contact","definition":"Visiting or postal addresses for the contact.","comment":"Note: address is intended to describe postal addresses for administrative purposes, not to describe absolute geographical coordinates.  Postal addresses are often used as proxies for physical locations (also see the [Location](location.html#) resource).","requirements":"May need to keep track of a contact party's address for contacting, billing or reporting requirements.","min":0,"max":"1","base":{"path":"Organization.contact.address","min":0,"max":"1"},"type":[{"code":"Address"}],"condition":["ele-1"],"constraint":[{"key":"ele-1","severity":"error","human":"All FHIR elements must have a @value or children","expression":"hasValue() or (children().count() > id.count())","xpath":"@value|f:*|h:div","source":"http://hl7.org/fhir/StructureDefinition/Element"}],"isModifier":false,"mapping":[{"identity":"rim","map":"n/a"},{"identity":"v2","map":"XAD"},{"identity":"rim","map":"AD"},{"identity":"servd","map":"Address"},{"identity":"v2","map":"PID-11"},{"identity":"rim","map":"./addr"}]},{"id":"Organization.endpoint","extension":[{"url":"http://hl7.org/fhir/StructureDefinition/structuredefinition-standards-status","valueCode":"normative"},{"url":"http://hl7.org/fhir/StructureDefinition/structuredefinition-normative-version","valueCode":"4.0.0"}],"path":"Organization.endpoint","short":"Technical endpoints providing access to services operated for the organization","definition":"Technical endpoints providing access to services operated for the organization.","comment":"References SHALL be a reference to an actual FHIR resource, and SHALL be resolveable (allowing for access control, temporary unavailability, etc.). Resolution can be either by retrieval from the URL, or, where applicable by resource type, by treating an absolute reference as a canonical URL and looking it up in a local registry/repository.","requirements":"Organizations have multiple systems that provide various services and need to be able to define the technical connection details for how to connect to them, and for what purpose.","min":0,"max":"*","base":{"path":"Organization.endpoint","min":0,"max":"*"},"type":[{"code":"Reference","targetProfile":["http://hl7.org/fhir/StructureDefinition/Endpoint"]}],"condition":["ele-1"],"constraint":[{"key":"ele-1","severity":"error","human":"All FHIR elements must have a @value or children","expression":"hasValue() or (children().count() > id.count())","xpath":"@value|f:*|h:div","source":"http://hl7.org/fhir/StructureDefinition/Element"},{"key":"ref-1","severity":"error","human":"SHALL have a contained resource if a local reference is provided","expression":"reference.startsWith('#').not() or (reference.substring(1).trace('url') in %rootResource.contained.id.trace('ids'))","xpath":"not(starts-with(f:reference/@value, '#')) or exists(ancestor::*[self::f:entry or self::f:parameter]/f:resource/f:*/f:contained/f:*[f:id/@value=substring-after(current()/f:reference/@value, '#')]|/*/f:contained/f:*[f:id/@value=substring-after(current()/f:reference/@value, '#')])","source":"http://hl7.org/fhir/StructureDefinition/Reference"}],"isModifier":false,"mapping":[{"identity":"rim","map":"n/a"},{"identity":"rim","map":"The target of a resource reference is a RIM entry point (Act, Role, or Entity)"}]}]},"differential":{"element":[{"id":"Organization","path":"Organization","alias":["nl-core-Payer-Organization"]},{"id":"Organization.telecom:telephoneNumbers","path":"Organization.telecom","sliceName":"telephoneNumbers","type":[{"code":"ContactPoint","profile":["http://nictiz.nl/fhir/StructureDefinition/nl-core-ContactInformation-TelephoneNumbers"]}]},{"id":"Organization.telecom:emailAddresses","path":"Organization.telecom","sliceName":"emailAddresses","type":[{"code":"ContactPoint","profile":["http://nictiz.nl/fhir/StructureDefinition/nl-core-ContactInformation-EmailAddresses"]}]},{"id":"Organization.address","path":"Organization.address","type":[{"code":"Address","profile":["http://nictiz.nl/fhir/StructureDefinition/nl-core-AddressInformation"]}]}]}}