{"resourceType":"ValueSet","id":"2.16.840.1.113883.2.4.3.11.60.131.11.3--20220301175614","meta":{"lastUpdated":"2024-06-03T08:25:18+00:00","source":"http://decor.nictiz.nl/fhir/4.0/imm-","profile":["http://hl7.org/fhir/StructureDefinition/shareablevalueset"],"tag":[{"system":"http://hl7.org/fhir/FHIR-version","code":"4.0.1"}]},"text":{"status":"empty","div":"<div xmlns=\"http://www.w3.org/1999/xhtml\">No narrative is provided for definitional resources. A human-readable rendering can be found in the implementation guide(s) where this resource is used.</div>"},"extension":[{"url":"http://hl7.org/fhir/StructureDefinition/resource-effectivePeriod","valuePeriod":{"start":"2022-03-01T17:56:14Z"}}],"url":"http://decor.nictiz.nl/fhir/ValueSet/2.16.840.1.113883.2.4.3.11.60.131.11.3--20220301175614","identifier":[{"use":"official","system":"urn:ietf:rfc:3986","value":"urn:oid:2.16.840.1.113883.2.4.3.11.60.131.11.3"}],"version":"2022-03-01T17:56:14","name":"ZiekteWaarTegenGevaccineerdWordtWaardenlijst","title":"ZiekteWaarTegenGevaccineerdWordtWaardelijst","status":"draft","experimental":false,"publisher":"Nictiz","description":"ZiekteWaarTegenGevaccineerdWordtWaardelijst","immutable":false,"copyright":"This artefact includes content from SNOMED Clinical Terms® (SNOMED CT®) which is copyright of the International Health Terminology Standards Development Organisation (IHTSDO). Implementers of these artefacts must have the appropriate SNOMED CT Affiliate license - for more information contact http://www.snomed.org/snomed-ct/getsnomed-ct or info@snomed.org.","compose":{"include":[{"system":"http://snomed.info/sct","concept":[{"code":"6142004","display":"Influenza (aandoening)"},{"code":"16814004","display":"Infectieziekte door Streptococcus pneumoniae (aandoening)"},{"code":"840539006","display":"Aandoening door infectie door 'Severe acute respiratory syndrome'-coronavirus 2 (aandoening)"},{"code":"76902006","display":"Tetanus (aandoening)"},{"code":"128241005","display":"Hepatitis (aandoening)"}]}]}}