{"resourceType":"ValueSet","id":"2.16.840.1.113883.2.4.3.11.60.131.11.2--20220301153357","meta":{"lastUpdated":"2024-06-03T08:25:03+00:00","source":"http://decor.nictiz.nl/fhir/4.0/imm-","profile":["http://hl7.org/fhir/StructureDefinition/shareablevalueset"],"tag":[{"system":"http://hl7.org/fhir/FHIR-version","code":"4.0.1"}]},"text":{"status":"empty","div":"<div xmlns=\"http://www.w3.org/1999/xhtml\">No narrative is provided for definitional resources. A human-readable rendering can be found in the implementation guide(s) where this resource is used.</div>"},"extension":[{"url":"http://hl7.org/fhir/StructureDefinition/resource-effectivePeriod","valuePeriod":{"start":"2022-03-01T15:33:57Z"}}],"url":"http://decor.nictiz.nl/fhir/ValueSet/2.16.840.1.113883.2.4.3.11.60.131.11.2--20220301153357","identifier":[{"use":"official","system":"urn:ietf:rfc:3986","value":"urn:oid:2.16.840.1.113883.2.4.3.11.60.131.11.2"}],"version":"2022-03-01T15:33:57","name":"VaccinatieAanleidingWaardenlijst","title":"VaccinatieAanleidingWaardelijst","status":"draft","experimental":false,"publisher":"Nictiz","description":"VaccinatieAanleidingWaardelijst","immutable":false,"copyright":"This artefact includes content from SNOMED Clinical Terms® (SNOMED CT®) which is copyright of the International Health Terminology Standards Development Organisation (IHTSDO). Implementers of these artefacts must have the appropriate SNOMED CT Affiliate license - for more information contact http://www.snomed.org/snomed-ct/getsnomed-ct or info@snomed.org.","compose":{"include":[{"system":"http://snomed.info/sct","concept":[{"code":"159741000146107","display":"Immunisatie nodig vanuit vaccinatieprogramma (situatie)"},{"code":"159731000146104","display":"Immunisatie nodig vanuit rijksvaccinatieprogramma (situatie)"},{"code":"159721000146101","display":"Immunisatie nodig voor werk (situatie)"},{"code":"33879002","display":"Vaccinatie (verrichting)"},{"code":"51116004","display":"Passieve immunisatie (verrichting)"},{"code":"14747002","display":"Reizigersvaccinatie (verrichting)"}]}]}}